0,775,5.0003,58,208
1,89,0.3796,37,84
2,2719,13.9838,67,2022
3,1867,9.7383,57,1776
4,966,4.8124,61,923
5,781,3.8937,67,151
6,344,1.6919,47,56
7,835,4.3842,58,88
8,2037,10.1168,74,1691
9,401,1.89,57,258
10,2177,11.292,245,577
11,447,2.141,62,239
12,669,3.799,55,572
13,280,1.4308,46,252
14,1877,9.8004,61,1696
15,524,2.7357,48,214
16,286,1.5547,49,213
17,341,1.6572,50,340
18,397,2.0885,57,245
19,636,3.3278,49,172
20,1300,6.9497,69,1249
21,3322,17.1293,63,1433
22,466,2.3407,51,446
23,1156,6.4572,74,817
24,635,3.275,60,192
25,1698,9.0905,63,283
26,1242,6.6006,63,1003
27,1482,7.9044,64,1439
28,520,2.7342,59,426
29,1191,6.5279,68,158
30,41,0.2095,22,38
31,1135,6.0039,64,284
32,1351,7.3378,71,693
33,157,0.7954,50,91
34,460,2.3857,49,83
35,487,2.8235,46,71
36,546,2.6412,52,336
37,2347,12.4502,71,1833
38,352,1.9395,54,71
39,1978,10.654,59,357
40,164,0.8099,39,136
41,653,3.5879,57,234
42,951,5.1006,58,394
43,884,4.8878,63,865
44,218,1.0287,46,113
45,1243,6.8925,79,277
46,1577,8.528,70,1108
47,1229,6.5126,60,485
48,148,0.6923,41,84
49,607,3.1503,48,250
50,2195,11.328,63,397
51,379,1.8853,46,215
52,175,0.9458,50,138
53,996,5.3182,69,452
54,1449,7.378,69,91
55,747,3.9297,59,231
56,360,1.8998,49,126
57,544,3.1125,55,43
58,626,3.2456,55,82
59,1671,9.5221,66,1163
60,1008,5.5536,59,78
61,1631,8.6736,74,926
62,1337,7.9135,60,1075
63,1723,8.8938,56,1612
64,216,1.1618,58,130
65,500,2.7393,57,320
66,911,4.9948,68,904
67,356,2.0938,44,174
68,145,0.6978,50,126
69,77,0.4064,41,69
70,41,0.2017,40,40
71,41,0.2032,35,39
72,610,3.1469,61,295
73,541,2.9554,52,517
74,913,5.0112,55,235
75,2600,13.5377,75,1476
76,267,1.4052,60,189
77,253,1.4321,52,213
78,1470,7.7406,69,286
79,651,3.4839,44,402
80,526,2.5227,57,301
81,694,3.53,67,409
82,12,0.0535,17,11
83,33,0.1236,33,30
84,529,2.656,53,384
85,659,3.3444,64,314
86,2024,10.7556,62,92
87,88,0.4741,37,85
88,4219,22.4128,69,3564
89,460,2.2891,52,119
90,144,0.8606,42,110
91,617,3.2444,75,326
92,145,0.6552,49,62
93,1896,9.9729,57,1169
94,643,3.4863,52,113
95,256,1.2676,61,218
96,1584,8.5447,74,494
97,638,3.3777,77,296
98,1654,8.7862,80,133
99,723,3.8446,69,353
100,1070,5.904,54,489
101,159,0.7412,44,54
102,1032,5.6043,61,668
103,391,2.0208,79,386
104,887,4.7702,58,426
105,155,0.7198,47,70
106,1694,9.1372,65,812
107,835,4.7101,61,305
108,556,2.9855,53,130
109,130,0.5974,55,75
110,1040,5.6549,56,641
111,352,1.8102,53,73
112,823,4.7761,69,493
113,179,0.891,49,88
114,1577,8.3429,97,376
115,62,0.273,39,60
116,30,0.1551,22,29
117,29,0.1263,30,22
118,12,0.0542,14,11
119,12,0.0494,14,11
120,620,3.1182,68,127
121,164,0.7748,63,141
122,132,0.6015,59,119
123,186,1.1366,55,121
124,186,0.9053,55,121
125,152,0.7266,40,141
126,152,0.7726,40,141
127,254,1.4208,53,67
128,254,1.201,53,67
129,254,1.1999,53,67
130,266,1.2551,53,189
131,266,1.2348,53,189
132,64,0.2766,30,62
133,64,0.2645,30,62
134,105,0.5472,41,51
135,105,0.5424,41,51
136,106,0.5665,50,71
137,106,0.5659,50,71
138,137,0.6416,47,64
139,137,0.6906,47,64
140,258,1.3628,52,133
141,258,1.3434,52,133
142,378,1.8884,62,127
143,368,1.8527,53,263
144,1877,10.2688,69,497
145,557,2.8753,45,312
146,288,1.4369,56,104
147,1602,8.4183,76,290
148,948,5.1662,54,646
149,549,2.9584,65,212
150,741,4.0039,56,664
151,110,0.5689,43,87
152,12346,64.8599,69,9422
153,178,1.0001,44,129
154,741,4.16,57,91
155,2552,13.4787,61,657
156,3124,16.2789,60,3090
157,1913,10.182,70,921
158,2861,15.3106,85,172
159,474,2.3139,59,324
160,1716,8.9795,59,536
161,2180,11.4501,65,1982
162,353,1.8145,61,106
163,2463,12.5947,68,1575
164,458,2.2625,60,427
165,249,1.2131,39,81
166,406,3.0285,53,267
167,366,3.1493,57,85
168,298,1.5141,43,130
169,370,2.3077,62,132
170,575,3.9559,51,509
171,324,1.8088,48,66
172,828,5.0347,62,116
173,542,2.838,57,390
174,327,1.5585,44,165
175,154,0.8799,45,145
176,477,2.2671,60,61
177,574,2.9038,44,571
178,3098,16.2707,65,470
179,643,3.5903,62,570
180,298,1.4225,59,296
181,893,4.4951,58,888
182,454,2.0209,55,82
183,52,0.2092,34,48
184,417,2.2492,54,317
185,925,5.1488,58,247
186,64,0.3178,31,62
187,1202,6.579,67,95
188,399,1.9213,65,349
189,417,2.0358,55,357
190,579,3.1535,61,345
191,205,1.0019,56,86
192,1048,5.7349,64,459
193,214,0.9458,40,125
194,209,1.0353,46,63
195,399,2.3718,48,90
196,858,4.7578,73,423
197,885,4.6624,64,397
198,332,1.6385,52,179
199,510,2.6565,62,277
200,256,1.2969,43,41
201,271,1.4235,51,250
202,494,2.5879,54,158
203,719,3.7658,54,238
204,406,2.1812,53,354
205,2060,11.2829,70,1282
206,319,1.4681,45,93
207,509,2.8335,55,507
208,276,1.4432,52,82
209,258,1.2705,44,52
210,1116,6.0068,58,135
211,502,2.3774,54,457
212,152,0.7758,45,143
213,590,3.3692,70,341
214,477,2.7823,48,476
215,962,5.3046,65,793
216,463,2.519,53,161
217,724,4.0717,58,53
218,508,2.7369,57,454
219,497,2.4896,43,33
220,1193,6.3633,63,638
221,398,1.9692,50,265
222,488,2.3574,66,146
223,290,1.3412,57,54
224,1103,5.9506,51,80
225,93,0.4852,43,51
226,245,1.2071,50,194
227,613,3.1905,54,539
228,504,2.4099,51,95
229,440,2.3152,53,67
230,395,2.2119,42,103
231,235,1.14,49,55
232,121,0.6249,44,70
233,82,0.614,46,79
234,26,0.1826,23,20
235,116,0.5931,47,112
236,253,2.4398,63,83
237,48,0.2718,36,44
238,488,2.6985,67,248
239,410,2.2286,62,325
240,219,1.3383,47,46
241,477,2.6913,43,152
242,461,2.6279,50,112
243,2732,15.9902,72,342
244,738,4.2316,59,587
245,536,3.8288,46,359
246,1303,8.6943,69,1237
247,366,2.7002,52,278
248,427,2.2942,49,354
249,439,3.4395,49,298
250,473,3.6505,48,75
251,947,6.2326,74,206
252,513,3.9463,58,343
253,177,1.0574,44,90
254,414,3.0813,57,251
255,1028,6.5776,71,912
256,532,3.258,59,175
257,367,2.1051,50,363
258,534,2.9698,60,153
259,915,5.5248,54,83
260,154,0.844,47,51
261,441,2.73,60,399
262,193,1.0513,51,84
263,785,9.1809,62,64
264,461,2.7839,45,370
265,322,2.6461,56,163
266,208,1.0947,40,201
267,213,1.2708,48,73
268,444,2.3889,55,432
269,261,1.3728,54,87
270,317,2.0037,52,245
271,983,5.8276,61,52
272,238,1.3043,51,192
273,867,4.8455,67,69
274,510,2.6927,53,137
275,84,0.3863,47,50
276,308,1.9611,50,103
277,371,1.9056,54,241
278,543,3.3139,49,225
279,1572,9.1653,67,216
280,46,0.3063,38,36
281,589,3.4373,70,447
282,425,2.2104,56,258
283,257,1.2624,56,90
284,362,2.489,43,161
285,341,1.8621,47,328
286,88,0.4458,52,87
287,436,2.4992,47,400
288,582,3.8804,71,123
289,602,3.1476,63,305
290,339,1.8089,49,317
291,393,2.2222,67,85
292,1098,6.0763,68,388
293,485,2.7094,60,140
294,969,5.3013,54,283
295,876,4.9209,49,708
296,103,0.5028,55,54
297,223,1.2602,42,106
298,1810,9.599,75,459
299,90,0.4253,39,77
300,220,1.0576,47,19
301,187,1.0019,53,79
302,420,2.1181,46,221
303,636,3.5776,44,275
304,770,4.2857,51,303
305,515,2.6719,52,94
306,1983,10.7242,70,1682
307,100,0.5789,43,41
308,157,0.8033,55,55
309,219,1.1544,56,156
310,139,0.9933,50,105
311,71,0.3243,38,64
312,2225,12.4589,59,2092
313,97,0.5499,48,95
314,307,1.7888,47,236
315,566,3.3543,60,359
316,257,1.4814,46,33
317,512,3.3275,48,237
318,229,1.3685,44,113
319,263,1.535,43,207
320,1621,9.158,80,1124
321,553,3.4146,57,95
322,225,1.2089,46,69
323,1354,7.6908,58,100
324,257,1.4255,42,88
325,124,0.7584,48,56
326,137,0.6736,45,64
327,175,0.8747,52,86
328,187,0.8947,37,184
329,209,1.0663,50,64
330,214,1.1088,41,33
331,377,1.9322,39,144
332,377,1.9038,45,376
333,643,3.6579,49,641
334,718,4.3988,54,703
335,379,2.2266,63,240
336,411,2.0312,57,202
337,553,2.993,66,411
338,131,0.7149,47,55
339,308,1.5068,58,121
340,75,0.4065,41,74
341,76,0.4052,47,75
342,440,2.2828,50,203
343,443,2.4613,54,46
344,342,1.7589,43,341
345,1888,10.5534,59,167
346,658,3.5508,74,380
347,41,0.2109,46,40
348,135,0.7174,51,87
349,193,1.0201,48,57
350,1427,7.967,61,1355
351,106,0.5215,36,53
352,522,2.7176,59,454
353,257,1.5599,52,61
354,384,2.1313,57,230
355,511,3.319,68,138
356,436,2.5775,51,241
357,759,5.1388,73,697
358,680,3.8822,61,301
359,207,1.0911,61,137
360,463,2.6079,56,267
361,114,0.6715,42,46
362,577,3.1551,61,94
363,263,1.4433,48,118
364,56,0.3084,63,53
365,1963,11.2048,58,1599
366,698,3.9665,59,532
367,446,2.4564,66,296
368,2225,12.2279,57,2018
369,374,2.0603,54,221
370,614,3.6584,61,231
371,377,2.1379,51,90
372,451,3.079,55,357
373,450,2.3091,55,357
374,451,2.4303,55,357
375,463,2.3779,64,368
376,421,2.1546,43,389
377,156,0.8426,42,76
378,340,1.8876,51,196
379,650,3.8386,67,173
380,285,1.6496,50,103
381,307,1.715,69,52
382,173,0.9783,51,79
383,116,0.5343,51,48
384,174,0.8444,59,101
385,127,0.6353,42,115
386,113,0.5573,50,72
387,113,0.6214,51,50
388,578,3.2945,70,220
389,568,3.1098,75,225
390,575,3.0254,80,219
391,2704,14.5811,81,2198
392,503,3.0817,63,501
393,333,1.4958,53,256
394,333,1.7046,53,256
395,587,3.8509,82,140
396,1225,6.9351,70,768
397,434,2.4351,58,146
398,357,2.1277,48,165
399,531,3.7031,52,503
400,722,4.7925,51,598
401,164,0.9395,56,137
402,589,3.0812,66,161
403,362,2.0044,49,75
404,366,1.9352,69,286
405,391,2.1201,57,111
406,382,2.0884,52,216
407,1162,6.4776,57,561
408,1780,9.475,68,852
409,495,2.8362,59,460
410,846,4.7443,55,516
411,545,3.02,52,63
412,57,0.3134,42,28
413,337,2.1949,45,109
414,236,1.1723,41,234
415,379,2.2798,51,52
416,1177,6.6334,52,1106
417,656,3.8018,59,466
418,113,0.5365,47,88
419,787,4.2809,78,301
420,185,1.0783,40,54
421,190,1.0892,48,115
422,464,2.3918,46,141
423,247,1.3662,43,230
424,455,2.5758,46,452
425,154,0.7196,41,50
426,623,3.046,59,613
427,1098,6.0156,54,935
428,942,5.3258,64,219
429,142,0.6585,48,84
430,142,0.6526,44,72
431,662,3.5023,57,294
432,418,2.1069,73,306
433,495,2.7415,73,272
434,428,2.1347,50,192
435,450,2.2465,62,295
436,428,2.4127,74,171
437,494,2.5473,58,195
438,354,1.8966,60,254
439,253,1.2742,58,122
440,402,2.2187,59,330
441,2145,11.9882,82,2136
442,568,3.2488,65,453
443,285,1.4048,59,130
444,469,2.395,75,382
445,258,1.6644,56,190
446,487,2.53,58,147
447,576,2.995,57,219
448,542,3.0223,57,254
449,91,0.5459,36,49
450,764,4.646,35,72
451,88,0.4221,40,48
452,419,1.9671,76,298
453,2147,11.165,69,922
454,834,4.2499,66,683
455,202,0.9575,51,81
456,346,1.6367,61,131
457,688,3.3679,54,269
458,636,3.1773,80,368
459,2176,11.6324,79,769
460,351,1.7066,53,77
461,265,1.3159,45,41
462,91,0.4072,45,54
463,1336,7.3455,60,183
464,489,2.3135,46,180
465,854,4.4526,65,523
466,348,2.0586,51,213
467,491,2.8987,57,144
468,653,3.4597,53,448
469,1502,7.7699,65,1424
470,430,2.1298,62,380
471,141,0.6245,43,94
472,377,1.6408,45,376
473,377,2.0287,39,144
474,1789,9.4465,63,930
475,634,3.095,54,172
476,652,3.5882,47,644
477,740,3.7499,66,346
478,711,3.3017,67,163
479,142,0.6344,46,50
480,283,1.7616,58,153
481,429,1.9174,48,235
482,884,4.6874,71,494
483,847,4.5609,64,577
484,198,0.8914,84,117
485,315,1.6957,56,202
486,1092,5.8571,64,914
487,44,0.1944,34,21
488,817,4.3269,50,759
489,790,4.6427,50,732
490,773,4.3082,51,595
491,1316,7.6332,55,465
492,1397,8.4378,55,352
493,1071,6.451,68,1039
494,964,5.5728,80,880
495,354,1.8873,52,265
496,183,1.0054,52,87
497,676,4.7558,49,71
498,558,3.2265,47,53
499,525,2.5748,49,203
500,280,1.2684,52,279
501,303,1.4522,58,213
502,1334,7.6761,65,82
503,115,0.5845,45,59
504,648,3.6877,63,466
505,1413,8.3693,74,445
506,845,4.471,50,843
507,153,1.097,43,106
508,179,0.8561,41,163
509,187,1.0202,53,180
510,180,0.8435,44,135
511,1096,6.2059,74,545
512,169,0.904,45,53
513,605,3.0276,67,124
514,2555,13.5127,65,2063
515,2416,12.8254,56,650
516,464,2.1847,78,97
517,543,2.6672,57,178
518,1266,6.8508,59,388
519,393,1.9936,56,131
520,1042,5.6033,50,166
521,701,3.9356,58,312
522,740,4.0549,52,390
523,364,1.8022,54,219
524,2039,10.5728,71,1818
525,338,1.6075,60,170
526,1047,5.5756,69,253
527,600,3.1541,72,302
528,185,0.9614,44,181
529,185,0.8169,48,108
530,888,4.5695,72,400
531,511,3.0019,68,59
532,921,5.1979,62,482
533,492,2.5132,52,327
534,64,0.2832,43,48
535,501,2.7328,54,71
536,1640,8.9368,58,760
537,509,2.8327,61,435
538,1000,5.7892,65,528
539,1448,8.1041,68,1110
540,157,0.8242,44,91
541,334,1.7722,49,312
542,374,1.8662,63,128
543,365,2.4423,46,154
544,238,1.2346,47,98
545,870,5.0382,62,243
546,353,2.3117,38,350
547,428,2.4885,69,91
548,731,4.1998,73,302
549,544,2.8128,62,138
550,747,4.1329,62,613
551,355,2.2422,46,336
552,806,5.0796,93,557
553,53,0.2316,40,52
554,557,3.4308,62,77
555,783,4.3489,50,777
556,1463,8.6095,58,122
557,2030,11.6366,53,1373
558,377,2.1012,49,114
559,216,0.9001,52,209
560,355,1.725,44,90
561,584,3.1427,68,193
562,484,2.4004,58,169
563,449,2.6572,65,335
564,273,1.2657,47,93
565,976,5.3613,52,92
566,453,2.4207,52,244
567,507,2.4347,49,381
568,577,2.7033,52,370
569,1200,6.5833,62,1017
570,1356,7.3321,62,1173
571,132,0.6095,44,90
572,183,0.8923,50,101
573,644,3.4382,62,642
574,703,4.2375,53,43
575,261,1.4034,38,245
576,986,5.4428,67,817
577,572,3.3342,55,435
578,499,2.8211,56,381
579,265,1.3981,46,83
580,925,4.725,46,77
581,129,0.7757,35,72
582,453,2.1401,52,374
583,667,3.3563,53,486
584,1326,7.1832,60,192
585,545,3.1682,49,135
586,1405,7.7208,56,705
587,1209,6.4943,67,893
588,951,5.578,67,893
589,1591,8.8136,69,1321
590,626,3.5333,52,139
591,290,1.5656,61,96
592,515,2.5725,60,459
593,223,1.1801,62,80
594,580,2.7564,55,158
595,924,4.9398,60,668
596,511,2.4833,62,107
597,505,2.3977,61,477
598,498,2.7113,60,148
599,153,0.7401,63,71
600,3414,20.4729,80,1816
601,200,0.8964,45,138
602,1287,7.3449,64,478
603,582,2.9727,57,303
604,844,4.9539,64,821
605,313,1.8413,54,215
606,118,0.5462,47,62
607,447,2.5432,46,132
608,573,2.6958,56,468
609,175,0.8925,32,130
610,97,0.5487,42,46
611,379,1.8992,57,333
612,265,1.2203,64,95
613,402,1.9983,49,124
614,720,3.9836,60,66
615,1276,7.0301,58,1110
616,355,2.1246,62,99
617,398,2.0788,61,394
618,1398,9.1692,61,919
619,318,1.6052,52,83
620,437,2.4252,53,203
621,648,3.3474,51,265
622,328,1.6547,83,242
623,1130,6.3107,51,523
624,830,4.818,71,440
625,509,2.5441,53,93
626,1251,6.7158,67,551
627,354,1.5722,68,161
628,511,2.3882,45,37
629,314,1.6244,58,115
630,425,2.1213,60,155
631,1303,7.5612,73,434
632,136,0.6428,44,61
633,141,0.6023,49,126
634,356,1.5898,55,172
635,380,1.7422,47,206
636,356,1.5809,49,337
637,386,2.4008,56,226
638,511,2.4822,55,268
639,210,1.1938,39,57
640,531,2.6675,58,225
641,400,1.7034,47,124
642,370,1.79,59,112
643,701,3.5095,62,59
644,1384,7.7331,72,1155
645,480,2.6853,53,252
646,3727,20.551,73,70
647,565,2.8106,74,117
648,635,3.3425,57,465
649,315,1.3668,75,52
650,1595,8.9366,98,1017
651,800,4.0076,58,537
652,475,2.1995,75,51
653,756,4.1087,69,386
654,58,0.2645,39,46
655,143,0.7004,48,87
656,298,1.3021,51,80
657,356,1.5503,70,102
658,955,5.9115,78,338
659,602,3.4972,61,466
660,1326,8.527,79,1187
661,325,1.8296,51,52
662,322,1.7452,46,208
663,195,1.2826,47,177
664,91,0.3905,47,90
665,1021,6.9582,53,164
666,417,1.8657,67,307
667,443,2.196,59,440
668,250,1.5403,58,78
669,660,3.3513,73,72
670,724,4.1407,68,291
671,383,2.0582,56,89
672,543,3.1263,76,163
673,463,2.3807,60,318
674,692,3.8116,61,355
675,511,2.7003,59,351
676,897,4.7717,57,83
677,333,1.7885,79,103
678,991,5.0772,53,533
679,139,0.717,38,108
680,112,0.5853,46,104
681,200,0.9187,50,147
682,550,2.629,74,272
683,460,2.492,48,459
684,1186,6.1878,60,1086
685,476,2.5781,53,152
686,160,0.6953,53,117
687,84,0.3765,45,76
688,84,0.3707,49,54
689,298,1.2555,45,220
690,315,1.5033,47,306
691,354,1.7586,45,207
692,697,3.6792,75,346
693,806,4.2003,64,515
694,847,4.6808,63,98
695,310,1.6406,48,296
696,371,1.636,64,175
697,426,1.9819,60,418
698,127,0.5206,40,109
699,569,3.0866,78,76
700,393,2.0813,58,91
701,108,0.4784,56,70
702,1505,8.388,61,750
703,277,1.3486,41,53
704,397,2.1889,48,339
705,107,0.462,55,58
706,1294,7.2761,64,1219
707,228,1.0277,52,192
708,268,1.2117,42,189
709,697,3.3618,61,305
710,607,3.1213,77,418
711,152,0.7031,52,140
712,458,2.2946,52,41
713,607,3.1807,58,410
714,1027,5.226,67,216
715,181,1.162,53,111
716,495,2.388,45,491
717,520,2.4498,49,475
718,1138,6.065,50,1132
719,548,2.8231,56,547
720,1369,8.1547,76,1142
721,221,1.2306,43,58
722,1639,9.1458,60,355
723,1319,7.7082,71,585
724,350,1.7955,50,325
725,1068,6.2886,62,543
726,402,2.0947,62,303
727,1534,8.6649,85,269
728,2516,15.1349,65,967
729,127,0.5456,35,89
730,148,0.7615,45,103
731,465,2.5693,55,75
732,471,2.1695,54,307
733,766,4.0174,59,616
734,1003,5.1395,70,271
735,1270,6.9214,75,938
736,391,1.9783,66,127
737,1489,8.159,64,1202
738,173,0.9723,78,54
739,339,1.5787,64,73
740,341,1.8598,44,122
741,1597,8.4789,61,35
742,377,1.8628,88,329
743,688,4.1545,57,110
744,456,2.552,48,353
745,1595,8.8864,68,827
746,878,4.9554,59,805
747,363,1.8216,55,337
748,123,0.772,53,98
749,189,0.9342,48,73
750,160,0.7228,57,69
751,680,3.6562,64,354
752,595,2.9904,70,581
753,1055,5.4557,74,598
754,3006,16.543,69,713
755,835,4.5524,66,499
756,618,3.0787,60,85
757,353,1.7199,53,184
758,1005,6.8367,62,377
759,297,1.4747,49,237
760,1715,9.644,63,1242
761,533,2.6611,72,443
762,316,1.5838,45,256
763,249,1.0774,41,92
764,249,1.1742,48,242
765,846,4.1824,77,767
766,407,1.8779,65,271
767,755,3.7429,60,328
768,591,3.0371,69,583
769,248,1.0628,39,194
770,142,0.5749,48,78
771,1704,9.3756,79,280
772,470,2.5415,53,152
773,467,2.142,73,232
774,1679,9.4936,50,538
775,443,2.2372,64,413
776,517,2.3101,63,376
777,491,3.1553,61,159
778,519,3.0051,60,128
779,476,2.5433,75,204
780,347,1.8434,48,273
781,642,3.1286,53,150
782,657,3.8361,53,54
783,687,4.3234,52,503
784,2839,16.5405,62,2598
785,441,2.3784,59,183
786,973,5.4024,72,72
787,1102,5.6285,57,656
788,1680,9.2025,63,912
789,505,2.5197,65,445
790,520,2.6897,71,63
791,971,5.014,61,169
792,268,1.1897,48,39
793,783,3.7862,67,478
794,602,2.9321,65,151
795,499,2.183,59,411
796,488,2.5132,63,206
797,491,2.2556,49,372
798,935,5.2168,57,386
799,509,2.8232,93,415
800,373,2.0985,53,119
801,272,1.2387,48,117
802,323,1.361,57,77
803,452,2.1479,67,139
804,253,1.181,41,187
805,369,1.6629,47,47
806,419,2.0392,56,312
807,406,2.0633,51,49
808,214,0.9456,49,71
809,701,3.7387,50,380
810,715,3.6886,64,245
811,2249,12.3345,73,1796
812,373,1.9416,59,326
813,1028,5.4639,83,500
814,513,3.1635,46,511
815,507,2.9011,54,473
816,1027,5.9906,71,825
817,5148,28.217,62,189
818,879,4.4077,67,220
819,874,4.613,68,825
820,1062,5.7756,62,92
821,254,1.4164,58,67
822,257,1.6332,50,188
823,228,1.096,47,165
824,152,0.7634,58,129
825,918,4.9192,49,663
826,553,2.7722,48,303
827,880,5.1796,52,846
828,641,3.5705,64,150
829,1355,7.6465,61,1193
830,2132,12.4634,56,1503
831,183,0.9428,57,68
832,987,5.0033,58,194
833,1602,8.2547,72,1056
834,1302,7.2401,62,1128
835,995,5.0971,50,890
836,1991,10.96,57,1961
837,592,3.2332,44,369
838,270,1.2812,53,92
839,93,0.5362,45,36
840,65,0.3282,52,39
841,204,0.9403,52,97
842,500,2.7084,53,64
843,265,1.3609,49,115
844,130,0.8415,48,123
845,213,1.047,56,209
846,141,0.5917,54,88
847,141,0.5805,41,86
848,143,0.5807,45,93
849,173,0.9189,41,110
850,188,0.8505,51,180
851,4640,25.8546,55,2748
852,71,0.379,36,66
853,271,1.3769,56,96
854,157,0.6817,42,153
855,602,3.2395,55,368
856,309,1.4417,54,81
857,449,1.9459,56,365
858,548,2.4651,71,388
859,610,3.3489,54,419
860,1590,14.3967,64,150
861,1366,9.4741,73,142
862,113,0.6033,56,70
863,147,0.8088,62,133
864,58,0.398,36,31
865,235,1.5643,44,126
866,236,1.3933,49,92
867,409,2.3339,56,152
868,377,1.795,54,303
869,662,3.0823,48,201
870,175,0.9442,42,98
871,377,1.9758,55,308
872,540,2.6845,64,115
873,670,3.3572,63,431
874,785,4.0402,68,355
875,549,2.7947,65,425
876,354,1.6878,53,216
877,541,2.5409,68,442
878,193,1.1024,53,68
879,192,0.8299,43,68
880,304,1.5382,72,270
881,731,4.1996,61,463
882,391,1.756,59,168
883,540,2.6036,73,105
884,1107,6.6912,66,281
885,395,1.9097,49,234
886,394,1.9996,46,82
887,385,1.8594,56,82
888,181,0.798,46,124
889,176,0.907,46,131
890,262,1.2809,47,181
891,250,1.1846,52,46
892,311,1.5892,53,149
893,551,3.0601,62,388
894,717,3.8964,73,46
895,150,0.9103,56,51
896,178,0.79,46,89
897,153,0.8,53,133
898,219,0.9461,44,64
899,342,1.7622,53,340
900,313,1.5626,51,129
901,482,2.3304,47,158
902,512,2.5253,54,262
903,385,2.0614,56,68
904,278,1.2539,46,276
905,71,0.3058,44,49
906,456,2.2572,65,249
907,761,3.6154,53,41
908,362,1.7815,49,327
909,458,2.1436,53,150
910,263,1.1552,53,204
911,263,1.0881,57,235
912,281,1.3825,49,77
913,87,0.428,33,29
914,814,3.979,60,226
915,892,4.6105,63,211
916,550,2.6304,63,211
917,1380,7.4648,79,1256
918,296,1.743,68,162
919,191,0.8949,66,184
920,598,3.0327,68,270
921,175,0.9589,42,174
922,1407,8.0111,52,1014
923,1260,6.9031,57,319
924,918,5.0291,49,172
925,217,1.1987,67,145
926,965,5.4484,58,525
927,863,4.2441,75,100
928,149,0.7763,36,101
929,667,3.5043,51,67
930,225,0.9549,50,104
931,400,2.1106,57,99
932,377,1.7374,56,311
933,399,1.8428,54,362
934,377,1.624,46,138
935,636,3.3231,57,168
936,579,2.8816,67,505
937,185,0.8455,48,58
938,272,1.2313,46,74
939,380,1.6892,51,330
940,746,3.6974,50,429
941,509,2.3636,59,196
942,1067,5.5861,62,1041
943,785,4.4579,57,448
944,922,4.8212,60,893
945,108,0.549,40,80
946,155,0.6571,41,66
947,156,0.707,42,105
948,156,0.6439,48,105
949,437,2.3478,84,283
950,193,0.8879,58,138
951,131,0.5524,49,101
952,141,0.6724,41,106
953,109,0.5069,42,70
954,1164,6.7771,68,1156
955,171,1.0949,52,120
956,623,3.4116,60,589
957,328,1.9141,57,213
958,331,1.9988,56,155
959,193,0.8642,53,68
960,202,1.1457,49,197
961,118,0.4921,53,49
962,813,4.97,56,544
963,394,2.5349,56,78
964,194,1.017,54,119
965,325,2.1869,47,116
966,260,1.1228,56,67
967,440,2.3181,54,158
968,615,3.4829,55,432
969,277,1.4059,49,207
970,214,1.1628,50,97
971,545,2.8787,48,318
972,327,1.966,58,113
973,1092,6.0376,61,1031
974,295,1.6778,50,235
975,357,1.6422,46,182
976,169,0.7642,44,60
977,396,1.8133,66,394
978,453,2.0124,52,444
979,422,1.9639,65,271
980,386,1.8963,70,368
981,313,1.4895,50,178
982,1125,5.8232,60,655
983,1399,7.8422,66,315
984,148,0.7206,50,121
985,360,1.7382,49,77
986,149,0.685,56,106
987,597,3.0392,57,491
988,400,1.7351,64,124
989,519,2.9173,62,443
990,116,0.5257,44,114
991,909,4.6935,85,704
992,888,4.3993,54,367
993,833,4.3382,80,391
994,705,3.9328,63,490
995,607,2.9475,53,431
996,145,0.6112,49,102
997,705,3.9389,64,79
998,1074,6.331,72,122
999,197,1.0688,75,92
1000,197,0.9046,49,102
1001,161,0.6978,61,155
1002,493,2.38,53,273
1003,336,1.6985,62,304
1004,774,3.8302,66,756
1005,1040,5.6702,79,90
1006,513,2.6621,53,181
1007,191,0.9696,44,179
1008,300,1.533,45,206
1009,719,3.5256,71,456
1010,2130,12.1088,67,288
1011,624,3.9289,69,619
1012,437,2.2907,49,324
1013,1352,7.5075,84,526
1014,2886,15.9011,63,146
1015,623,3.4207,56,250
1016,559,2.57,43,154
1017,789,4.6182,57,566
1018,541,2.9764,63,315
1019,1265,7.0285,70,1066
1020,523,3.2162,48,151
1021,654,3.7303,62,402
1022,577,3.4362,56,405
1023,233,1.3044,56,82
1024,200,1.1946,52,94
1025,154,0.779,51,152
1026,367,2.1299,52,142
1027,107,0.5034,42,61
1028,253,1.4224,51,161
1029,332,1.6491,42,58
1030,508,2.5378,53,121
1031,377,1.8895,45,376
1032,668,3.8777,48,128
1033,93,0.4219,41,80
1034,270,1.6442,51,264
1035,211,0.9176,57,145
1036,149,0.7588,43,62
1037,151,0.7122,44,54
1038,155,0.7976,44,154
1039,176,0.8225,39,61
1040,144,0.6286,34,104
1041,694,4.3384,61,606
1042,610,3.1861,58,194
1043,753,4.1578,51,466
1044,519,2.5106,66,92
1045,167,0.7101,45,52
1046,250,1.1374,62,150
1047,148,0.6472,37,102
1048,1093,5.6704,54,71
1049,420,2.1651,53,384
1050,584,3.0547,58,432
1051,255,1.2917,52,128
1052,1035,5.3747,59,692
1053,416,2.1163,65,312
1054,338,1.6433,44,223
1055,563,2.9093,55,506
1056,358,1.74,51,266
1057,257,1.1789,39,220
1058,497,2.4155,46,52
1059,227,0.9764,42,67
1060,147,0.607,39,142
1061,1321,7.1454,60,914
1062,401,1.9083,52,98
1063,710,3.3834,67,93
1064,397,1.869,67,282
1065,1127,5.8387,57,82
1066,2779,15.5208,68,79
1067,121,0.5379,47,91
1068,269,1.2174,46,85
1069,167,0.761,49,81
1070,196,0.8599,51,195
1071,698,3.5867,71,544
1072,448,2.1426,54,261
1073,385,1.8397,48,298
1074,246,1.1159,48,85
1075,121,0.5401,43,105
1076,410,1.9049,65,108
1077,576,2.6658,48,328
1078,409,2.1274,50,162
1079,395,1.8996,59,55
1080,384,1.7737,67,52
1081,390,1.7367,53,370
1082,379,1.8393,62,54
1083,392,2.083,48,167
1084,373,2.0446,54,141
1085,382,1.9901,46,191
1086,382,1.7526,56,128
1087,372,1.7103,45,311
1088,370,1.7698,43,248
1089,415,1.8715,47,184
1090,396,1.9474,48,145
1091,391,1.9101,45,124
1092,183,0.8214,50,124
1093,101,0.4172,36,96
1094,154,0.6207,58,50
1095,80,0.3624,50,63
1096,447,2.4415,45,98
1097,150,0.6491,55,99
1098,140,0.6018,48,113
1099,55,0.2677,35,53
1100,495,2.8491,59,460
1101,161,0.8401,50,97
1102,378,1.9326,49,77
1103,398,2.1326,50,100
1104,398,2.1189,59,95
1105,403,1.8753,54,206
1106,380,2.0671,54,216
1107,399,2.2191,57,211
1108,379,2.1423,57,247
1109,380,1.6716,49,249
1110,385,2.1139,51,192
1111,377,1.88,50,199
1112,404,2.1288,67,64
1113,382,1.9375,46,220
1114,386,2.186,56,190
1115,413,2.5938,48,206
1116,398,2.4255,49,165
1117,262,1.2236,46,178
1118,188,1.5727,43,186
1119,1014,5.3771,62,947
1120,93,0.5116,36,74
1121,72,0.4158,65,56
1122,43,0.179,27,42
1123,46,0.1797,43,43
1124,504,2.3001,62,492
1125,522,2.5398,66,467
1126,539,2.4183,54,483
1127,208,1.0701,61,109
1128,156,0.6393,41,48
1129,165,0.7725,37,154
1130,643,3.3211,49,641
1131,418,2.081,46,214
1132,407,2.0472,51,368
1133,411,1.9611,51,400
1134,394,2.0759,46,224
1135,386,2.0043,61,194
1136,426,1.9262,53,289
1137,571,2.7988,50,468
1138,792,4.2358,56,533
1139,347,1.6959,45,90
1140,672,3.519,64,67
1141,357,1.8231,45,279
1142,502,2.602,63,409
1143,829,3.9577,70,613
1144,567,2.8786,48,282
1145,394,1.7116,56,300
1146,533,2.3888,46,511
1147,489,2.365,49,359
1148,375,1.7229,58,49
1149,457,2.4988,56,195
1150,407,2.053,52,138
1151,420,2.1172,65,320
1152,452,2.4989,57,394
1153,470,2.7147,56,39
1154,572,2.9645,66,342
1155,449,2.0655,61,123
1156,524,2.5523,50,148
1157,605,3.1621,53,489
1158,47,0.217,26,41
1159,390,2.0083,60,147
1160,377,1.6993,45,376
1161,141,0.657,54,86
1162,109,0.4448,34,58
1163,104,0.4874,58,36
1164,125,0.5538,40,25
1165,387,1.8929,55,368
1166,388,1.8547,56,51
1167,54,0.2317,34,52
1168,273,1.877,51,168
1169,2062,12.1803,70,621
1170,2073,12.1488,75,472
1171,414,2.1124,54,335
1172,487,2.41,62,407
1173,253,1.2298,40,246
1174,1852,10.769,58,1778
1175,383,2.2783,43,204
1176,1375,7.7247,62,772
1177,162,0.7888,52,81
1178,744,3.7909,56,30
1179,1037,6.1568,73,743
1180,977,6.4252,62,494
1181,1643,9.7829,50,733
1182,340,2.1785,45,339
1183,941,5.3255,60,712
1184,1014,5.5287,60,960
1185,740,4.3345,56,53
1186,408,2.4476,52,375
1187,348,1.7265,48,82
1188,597,3.3768,57,305
1189,752,4.1334,70,745
1190,218,1.0538,51,157
1191,263,1.3648,40,93
1192,322,1.5195,52,132
1193,281,1.2552,58,83
1194,373,2.1185,49,291
1195,2225,12.6911,73,2002
1196,668,3.6482,63,121
1197,2617,14.3695,64,1593
1198,1985,11.0581,72,1887
1199,531,2.9672,51,418
1200,3713,20.236,65,567
1201,1303,7.1169,64,787
1202,218,0.9508,47,135
1203,298,1.2693,75,88
1204,1303,7.3788,53,1098
1205,445,2.6808,53,211
1206,2292,13.0494,58,2144
1207,225,1.1227,50,93
1208,196,0.9837,58,182
1209,206,0.8935,51,143
1210,174,0.7933,43,172
1211,235,1.1589,49,71
1212,728,3.5035,79,307
1213,1212,6.5072,69,951
1214,691,3.7056,54,100
1215,607,3.3238,62,135
1216,494,2.4925,45,386
1217,64,0.2609,45,36
1218,75,0.3068,48,39
1219,56,0.2447,48,50
1220,73,0.3021,53,57
1221,683,3.4919,59,77
1222,570,2.97,52,413
1223,733,4.0442,72,235
1224,1254,7.1402,56,976
1225,1175,6.3639,70,1148
1226,1078,6.2133,79,755
1227,366,1.7264,70,320
1228,457,2.1764,64,89
1229,145,0.9773,86,117
1230,450,2.6282,74,294
1231,1157,6.7179,62,957
1232,404,2.5543,49,388
1233,799,4.3823,55,419
1234,865,5.6791,61,372
1235,472,2.5457,68,420
1236,472,2.177,49,272
1237,501,2.2776,55,144
1238,427,2.0125,49,219
1239,769,3.7907,51,122
1240,1089,5.8063,60,211
1241,152,0.7689,44,27
1242,516,2.601,72,303
1243,622,3.4524,57,93
1244,992,5.1027,59,696
1245,1201,6.5734,67,722
1246,250,1.1948,55,205
1247,701,3.4891,84,132
1248,1694,9.3191,70,1118
1249,310,1.5859,58,97
1250,682,3.6861,55,113
1251,1478,8.5014,66,791
1252,465,2.4209,56,322
1253,1030,6.7821,54,858
1254,430,2.5142,71,153
1255,809,4.2618,56,158
1256,767,4.1668,67,128
1257,788,4.731,80,479
1258,400,2.1463,54,224
1259,724,3.8668,59,560
1260,303,1.6687,58,213
1261,502,3.0141,57,197
1262,848,4.4388,52,797
1263,113,0.5822,40,98
1264,506,2.4949,40,150
1265,200,0.9562,55,129
1266,578,3.066,60,471
1267,462,2.3634,50,461
1268,409,2.1058,52,74
1269,120,0.5676,40,98
1270,247,1.1291,60,236
1271,185,0.8866,55,118
1272,112,0.4633,53,71
1273,677,3.6365,44,479
1274,538,2.8487,54,447
1275,799,4.3097,49,181
1276,598,3.3622,55,597
1277,730,3.6676,60,173
1278,1428,7.6839,65,1307
1279,1164,6.5061,52,673
1280,522,2.7781,49,231
1281,98,0.4845,47,55
1282,212,0.9198,45,208
1283,765,3.6709,55,298
1284,345,1.4943,53,254
1285,582,3.205,64,324
1286,141,0.6457,54,86
1287,497,2.725,57,394
1288,268,1.5007,48,160
1289,959,5.1711,67,183
1290,1458,8.3556,68,792
1291,1053,6.3299,52,397
1292,1549,9.4396,62,293
1293,451,2.8246,45,83
1294,819,4.3907,57,145
1295,691,3.6194,61,257
1296,82,0.371,36,81
1297,1332,7.5038,73,1131
1298,156,0.8007,46,70
1299,835,4.4878,63,634
1300,2017,11.0466,64,1973
1301,1040,5.6126,63,517
1302,675,3.4889,71,359
1303,534,2.7822,53,83
1304,722,3.9251,54,314
1305,1455,8.3243,58,1423
1306,161,0.6748,44,107
1307,1855,10.8607,72,344
1308,710,3.8705,61,555
1309,1373,7.1222,76,273
1310,616,2.8568,57,517
1311,829,4.4571,64,384
1312,430,2.3158,52,317
1313,142,0.6421,40,141
1314,136,0.6477,64,97
1315,1000,5.0652,61,72
1316,218,1.0078,57,133
1317,632,3.3913,55,409
1318,1179,6.349,79,607
1319,1012,5.7595,53,333
1320,1036,5.4793,51,574
1321,67,0.3306,40,57
1322,293,1.4327,46,95
1323,739,3.8072,59,485
1324,889,4.4935,61,677
1325,453,2.2523,49,211
1326,675,3.4243,59,171
1327,906,4.7397,65,698
1328,1257,6.7873,49,96
1329,1039,5.7179,60,958
1330,214,1.1161,47,57
1331,214,1.0825,47,148
1332,310,1.6615,49,242
1333,324,1.9272,47,61
1334,181,0.7767,67,137
1335,263,1.444,57,242
1336,962,5.1694,52,483
1337,399,2.897,52,149
1338,411,1.8986,74,180
1339,627,3.7193,68,103
1340,90,0.4455,39,77
1341,916,5.3637,52,302
1342,1023,5.3526,60,273
1343,1060,5.7704,65,494
1344,335,2.151,50,77
1345,579,3.3302,49,193
1346,371,2.2037,49,340
1347,402,1.9525,60,240
1348,602,3.0124,60,348
1349,724,3.932,65,150
1350,940,5.2549,53,478
1351,762,4.1489,57,534
1352,75,0.5039,30,74
1353,77,0.4048,54,66
1354,227,1.0106,51,174
1355,326,1.4468,55,56
1356,1508,7.9393,75,1406
1357,619,3.3931,59,247
1358,461,2.4793,46,389
1359,905,4.6675,72,275
1360,250,1.1568,53,82
1361,640,3.2475,54,376
1362,577,2.6877,70,222
1363,680,3.0997,47,523
1364,229,1.0762,44,60
1365,209,0.9436,46,55
1366,191,0.7742,47,165
1367,881,4.3493,79,307
1368,229,1.0067,55,224
1369,476,2.1802,55,126
1370,899,4.8133,49,786
1371,851,4.6108,67,706
1372,1263,6.5776,90,454
1373,171,0.9333,53,120
1374,597,3.1267,59,447
1375,355,2.3731,59,52
1376,664,3.6801,58,224
1377,1147,6.1824,52,322
1378,718,3.6959,58,123
1379,179,0.9574,51,178
1380,545,2.7035,69,195
1381,646,3.4629,76,634
1382,645,3.2122,62,539
1383,2517,13.9132,65,267
1384,390,2.2699,50,157
1385,666,3.2586,65,252
1386,3504,19.2942,62,3317
1387,89,0.4456,35,88
1388,1508,8.573,53,122
1389,439,2.5784,53,238
1390,499,2.9571,49,106
1391,775,4.2564,54,287
1392,734,3.7999,52,55
1393,1003,5.6454,65,111
1394,439,2.3127,58,160
1395,446,2.9117,52,162
1396,450,2.2873,41,129
1397,132,0.5928,49,63
1398,900,4.6545,56,886
1399,725,4.6432,68,224
1400,397,2.067,50,72
1401,1222,6.9368,61,1080
1402,105,0.5046,43,52
1403,426,2.5396,62,39
1404,413,2.1715,50,144
1405,687,4.221,59,89
1406,1028,5.6619,60,808
1407,770,3.8268,79,707
1408,360,1.7759,51,87
1409,702,3.3401,49,686
1410,53,0.2593,39,50
1411,496,2.5437,55,390
1412,107,0.4549,45,100
1413,998,5.6819,55,991
1414,538,2.7989,63,202
1415,973,4.8658,76,156
1416,480,2.6459,57,142
1417,24,0.1,20,12
1418,210,1.0066,38,178
1419,1109,5.7746,59,84
1420,1044,5.5356,71,929
1421,846,4.1901,49,355
1422,66,0.3063,38,57
1423,1097,6.0978,69,822
1424,686,3.7922,61,394
1425,198,0.8436,53,172
1426,604,2.8597,57,174
1427,5128,28.2044,63,3620
1428,468,2.6553,62,186
1429,220,0.9803,52,51
1430,1332,7.1294,73,267
1431,513,2.724,56,112
1432,383,1.9647,70,127
1433,450,2.2701,59,353
1434,220,1.1088,54,182
1435,394,2.0573,51,279
1436,1026,5.872,65,744
1437,292,1.3667,48,117
1438,733,3.762,55,446
1439,448,2.076,47,447
1440,417,1.9713,66,48
1441,540,2.4635,56,361
1442,636,3.3505,56,351
1443,727,3.9436,66,665
1444,794,4.7741,56,642
1445,139,0.7163,53,63
1446,431,2.4694,55,116
1447,912,4.7981,78,426
1448,1557,8.4652,61,237
1449,125,0.617,43,124
1450,1178,7.5778,52,340
1451,1294,7.47,66,284
1452,436,2.0734,60,191
1453,475,2.44,69,434
1454,313,1.5618,54,135
1455,454,2.0555,61,263
1456,155,0.8044,63,132
1457,136,0.549,37,101
1458,867,4.4584,71,148
1459,521,3.0186,59,101
1460,425,2.2332,49,224
1461,279,1.4197,55,275
1462,400,2.0256,67,77
1463,337,1.6782,50,95
1464,611,3.1783,61,241
1465,615,2.9946,55,432
1466,511,2.72,48,456
1467,417,1.8107,75,294
1468,492,2.7381,43,269
1469,806,3.8962,58,632
1470,156,0.8028,39,152
1471,505,2.548,63,263
1472,153,0.716,46,121
1473,1567,8.7087,66,1436
1474,1350,7.3014,69,90
1475,253,1.4588,41,164
1476,433,1.9165,46,216
1477,502,2.5009,54,57
1478,800,3.9993,66,39
1479,507,2.5028,63,451
1480,505,2.4787,52,74
1481,680,3.4159,54,241
1482,547,2.7908,46,423
1483,527,2.6289,50,451
1484,1146,6.1866,63,508
1485,227,1.1212,47,215
1486,304,1.3657,45,194
1487,571,2.6232,62,322
1488,225,1.1172,44,129
1489,401,1.7345,55,379
1490,168,0.7684,45,49
1491,554,2.6745,64,500
1492,1263,6.8168,62,183
1493,1841,10.4126,73,1783
1494,1659,9.325,75,1065
1495,396,2.2937,58,216
1496,1257,6.728,67,700
1497,537,2.5957,62,118
1498,183,0.9124,61,133
1499,898,4.5892,52,453
1500,486,2.3261,64,333
1501,164,0.806,50,98
1502,461,2.621,52,442
1503,490,2.9127,66,447
1504,109,0.457,47,66
1505,235,1.198,55,109
1506,963,5.3955,89,106
1507,179,1.0062,47,78
1508,151,0.6069,41,57
1509,187,0.8039,41,155
1510,277,1.5171,50,103
1511,591,3.2673,73,565
1512,626,4.2827,62,63
1513,1323,7.1842,65,127
1514,1450,8.8852,54,1405
1515,2768,17.5147,56,2603
1516,565,3.3988,51,412
1517,1642,9.1586,75,276
1518,1239,6.7954,77,535
1519,1034,5.8011,68,678
1520,187,0.8505,54,156
1521,1361,7.2731,70,1143
1522,73,0.3263,39,62
1523,1189,6.3865,52,98
1524,544,2.4726,49,126
1525,711,3.4921,68,524
1526,277,1.6386,55,250
1527,723,3.7079,66,496
1528,1046,5.7332,71,657
1529,915,5.3439,52,139
1530,761,4.4063,54,706
1531,422,1.9243,70,157
1532,667,3.2962,77,111
1533,631,3.3907,48,548
1534,634,3.3343,64,220
1535,602,3.3233,54,158
1536,400,2.3669,64,358
1537,3219,17.8425,62,62
1538,191,1.0391,53,68
1539,1430,7.3956,63,991
1540,1526,8.4436,66,1213
1541,646,3.4521,63,450
1542,378,1.9517,51,296
1543,380,1.8646,46,329
1544,182,0.8161,50,133
1545,651,3.0973,60,69
1546,505,2.6531,67,328
1547,324,1.556,52,161
1548,731,3.8066,49,553
1549,161,0.7326,53,159
1550,541,2.649,47,321
1551,447,1.9698,69,95
1552,518,2.3148,57,342
1553,194,1.0821,43,191
1554,477,2.7146,76,71
1555,227,1.053,53,184
1556,388,1.7351,52,245
1557,331,1.47,70,254
1558,1431,7.9672,68,121
1559,68,0.3491,32,41
1560,272,1.8338,46,61
1561,500,2.6229,51,154
1562,337,1.6239,46,118
1563,127,0.6118,45,106
1564,222,1.033,59,107
1565,405,1.7761,58,50
1566,344,1.9103,47,69
1567,98,0.4671,47,85
1568,419,1.8996,61,182
1569,395,2.2238,51,106
1570,190,0.9246,50,71
1571,1298,7.4802,76,800
1572,175,0.9773,41,37
1573,242,1.0477,55,57
1574,176,1.0397,43,62
1575,233,1.0556,54,209
1576,370,1.9077,50,349
1577,167,0.8739,57,57
1578,118,0.5928,50,100
1579,565,2.673,55,195
1580,224,1.0936,57,171
1581,317,1.4982,50,272
1582,631,3.3138,52,623
1583,327,1.8033,55,116
1584,385,1.6401,54,138
1585,785,4.2472,59,130
1586,392,2.0349,61,236
1587,255,1.1065,50,53
1588,198,0.912,47,172
1589,336,1.6178,49,214
1590,165,0.7178,44,98
1591,389,2.2126,54,315
1592,424,2.2109,48,41
1593,359,1.7068,52,76
1594,381,1.7819,45,86
1595,390,2.1152,64,157
1596,355,1.7081,53,319
1597,206,0.9218,54,160
1598,306,1.4187,70,251
1599,434,2.0411,60,64
1600,922,4.8527,58,731
1601,730,4.3206,59,437
1602,1368,7.4053,69,113
1603,465,2.3358,41,234
1604,795,4.1623,56,653
1605,686,3.8082,53,131
1606,927,4.9334,69,233
1607,654,3.3995,59,208
1608,650,3.4686,72,247
1609,801,4.6695,59,82
1610,663,3.8007,66,371
1611,245,1.2947,43,89
1612,553,2.6385,63,548
1613,632,3.5191,66,142
1614,274,1.2869,61,68
1615,237,1.1362,49,150
1616,476,2.6622,57,294
1617,304,1.7051,50,52
1618,366,1.6315,49,196
1619,656,3.3789,62,294
1620,472,2.1102,51,192
1621,155,0.6447,56,152
1622,386,1.8156,49,309
1623,189,0.832,48,38
1624,1487,8.0227,72,884
1625,1447,7.8532,63,1086
1626,713,3.6591,63,514
1627,423,1.885,52,112
1628,426,2.1588,57,327
1629,794,3.6881,63,67
1630,670,4.5118,51,537
1631,802,5.3032,56,519
1632,494,3.0745,56,483
1633,742,4.6722,53,397
1634,700,4.2384,52,299
1635,225,1.38,55,76
1636,412,2.0782,50,91
1637,332,1.4866,56,69
1638,1575,9.2571,71,252
1639,788,4.2678,63,211
1640,131,0.6499,47,101
1641,522,2.7421,66,467
1642,128,0.7213,38,80
1643,632,3.2066,49,157
1644,1665,9.4915,74,1034
1645,206,1.1158,39,132
1646,810,3.9595,56,710
1647,1067,6.0666,78,81
1648,600,3.0695,58,595
1649,1852,10.2876,68,530
1650,156,0.7149,47,99
1651,108,0.4602,43,100
1652,563,2.7008,54,321
1653,949,4.9725,53,206
1654,183,0.8915,44,98
1655,483,2.5756,58,238
1656,2619,15.2647,73,968
1657,1884,10.5005,70,173
1658,102,0.4676,41,75
1659,109,0.4629,55,39
1660,1025,5.7151,73,280
1661,173,0.8701,53,152
1662,173,0.7874,53,152
1663,173,0.8053,53,152
1664,173,0.733,53,152
1665,173,0.7329,53,152
1666,173,0.7026,51,152
1667,173,0.7602,53,152
1668,877,4.6193,54,666
1669,189,0.9837,44,107
1670,1002,5.2565,81,856
1671,928,5.0415,67,91
1672,334,2.0315,57,63
1673,1031,5.5971,66,186
1674,1235,6.5485,76,1080
1675,521,2.414,60,92
1676,794,4.0486,66,123
1677,842,4.3131,49,110
1678,2078,11.5427,54,306
1679,749,3.6494,57,96
1680,868,4.648,49,350
1681,1069,5.6493,64,194
1682,373,2.0607,47,301
1683,811,4.1045,58,143
1684,1052,7.0001,62,814
1685,1215,6.9548,66,595
1686,1232,7.1331,67,489
1687,3242,19.1327,74,925
1688,1198,7.3929,48,262
1689,111,0.6411,59,87
1690,971,5.2625,67,595
1691,496,2.812,46,122
1692,2899,15.491,66,1372
1693,976,5.1711,69,220
1694,999,5.3349,56,700
1695,671,3.1978,48,339
1696,600,3.5054,58,257
1697,611,3.223,59,192
1698,1514,7.9488,77,1309
1699,4724,25.9891,65,1257
1700,102,0.4947,53,70
1701,203,0.9395,61,116
1702,515,2.4327,55,422
1703,149,0.7081,53,64
1704,201,0.9136,38,125
1705,1163,6.0458,68,137
1706,326,1.7831,51,274
1707,1236,7.418,63,260
1708,378,2.1416,62,127
1709,607,3.2833,57,398
1710,1252,6.9094,74,475
1711,389,1.9776,68,260
1712,461,2.5835,62,302
1713,355,1.7614,49,334
1714,1376,8.5968,67,1050
1715,884,5.3983,52,719
1716,759,3.8167,74,48
1717,658,3.7055,66,410
1718,991,5.2875,65,749
1719,3791,21.383,57,3226
1720,556,2.6133,57,381
1721,45,0.2154,30,29
1722,558,2.9919,60,299
1723,645,4.1249,49,119
1724,631,2.9956,65,356
1725,564,2.8245,47,223
1726,158,0.6754,40,156
1727,835,4.3381,48,417
1728,1194,6.8255,64,1193
1729,1011,5.663,66,810
1730,205,1.0318,58,62
1731,1193,7.0026,70,1186
1732,1263,9.1178,66,802
1733,220,1.4512,52,196
1734,413,1.8512,61,165
1735,409,2.0164,51,147
1736,582,2.7773,63,356
1737,424,2.2725,62,80
1738,291,1.6748,46,99
1739,653,3.2516,49,43
1740,405,2.2249,59,61
1741,854,4.3601,62,215
1742,396,1.8162,56,98
1743,759,3.6711,55,32
1744,143,0.5998,43,93
1745,148,0.6304,51,83
1746,130,0.5262,46,46
1747,130,0.5206,41,46
1748,387,1.986,45,59
1749,196,0.8994,50,128
1750,956,4.9139,86,457
1751,2717,15.0754,86,510
1752,612,2.8498,57,57
1753,1098,6.2786,57,1093
1754,343,1.8022,48,301
1755,846,4.0472,48,325
1756,642,3.6646,46,275
1757,233,1.0027,50,103
1758,209,0.9653,60,197
1759,1421,7.8297,70,152
1760,398,2.1347,51,255
1761,142,0.7077,45,53
1762,1849,10.7424,70,473
1763,1484,7.8364,61,271
1764,135,0.6007,45,38
1765,308,1.5263,53,55
1766,411,1.8619,50,304
1767,391,1.8847,56,136
1768,173,0.9954,51,136
1769,516,2.3764,53,80
1770,2893,15.7753,68,813
1771,613,3.5157,48,368
1772,143,0.6399,53,70
1773,450,2.2764,46,417
1774,549,2.8158,75,410
1775,233,1.0899,51,81
1776,122,0.7458,51,41
1777,994,5.0889,57,115
1778,160,0.7664,63,146
1779,939,5.2118,77,231
1780,183,0.8677,48,104
1781,367,2.1383,46,356
1782,372,2.0584,44,170
1783,224,0.9686,54,152
1784,566,2.7298,49,134
1785,567,2.8503,65,94
1786,339,1.5328,53,148
1787,2091,11.8819,62,1505
1788,184,1.0239,52,171
1789,1258,7.3298,65,1142
1790,1466,8.289,73,978
1791,276,1.6511,47,102
1792,1084,6.3351,63,1081
1793,734,4.1759,60,169
1794,1441,7.662,75,809
1795,289,1.4735,52,203
1796,342,1.8272,50,308
1797,526,2.6012,50,145
1798,313,1.5824,58,263
1799,912,4.5632,48,286
1800,912,4.9035,49,286
1801,663,3.2514,68,631
1802,2432,13.4566,63,1424
1803,495,2.4891,43,130
1804,388,1.6897,54,171
1805,906,5.1116,56,409
1806,478,2.3991,57,141
1807,431,1.9309,55,90
1808,142,0.6335,31,127
1809,170,0.7284,39,138
1810,168,0.7555,44,59
1811,327,1.398,56,100
1812,767,3.6884,55,465
1813,107,0.4881,42,95
1814,243,1.0287,67,75
1815,742,3.5809,62,194
1816,209,0.9843,45,64
1817,442,2.3393,51,385
1818,440,2.1223,50,399
1819,272,1.685,65,145
1820,137,0.6282,48,46
1821,246,1.1807,55,107
1822,83,0.3552,41,28
1823,1790,10.3069,84,120
1824,1175,6.8097,74,197
1825,768,4.7407,65,536
1826,571,4.4367,69,196
1827,394,2.2275,58,391
1828,241,2.2873,49,239
1829,651,3.6418,60,104
1830,695,3.7842,51,317
1831,641,3.581,52,303
1832,179,0.9284,40,59
1833,518,2.7022,55,354
1834,96,0.4417,38,45
1835,663,3.6804,66,662
1836,2780,15.8855,74,385
1837,648,3.6699,75,242
1838,1166,6.6861,53,795
1839,591,3.3152,65,55
1840,1819,10.3442,80,745
1841,250,1.5608,52,248
1842,741,4.5052,46,601
1843,582,3.1089,65,521
1844,480,2.7736,49,150
1845,1428,8.5984,63,615
1846,697,4.0175,59,159
1847,416,2.1119,55,247
1848,592,2.9368,52,47
1849,633,3.6279,46,258
1850,1479,8.2667,55,359
1851,559,3.124,52,205
1852,323,1.4793,43,248
1853,521,2.4409,47,272
1854,436,2.1057,52,60
1855,1085,5.3625,64,835
1856,398,2.0772,65,47
1857,493,2.2812,45,484
1858,168,0.756,45,165
1859,225,1.0337,52,111
1860,610,3.0495,53,601
1861,831,4.4602,51,242
1862,5561,30.8723,78,2953
1863,315,1.6677,52,69
1864,1123,6.1653,71,626
1865,137,0.5977,56,87
1866,370,1.8141,59,284
1867,500,2.6327,51,108
1868,439,2.1392,53,318
1869,699,3.6404,69,639
1870,207,1.0443,46,176
1871,1385,7.73,72,1232
1872,1123,6.0022,71,1009
1873,132,0.679,38,120
1874,59,0.2427,39,37
1875,284,1.2726,64,113
1876,370,1.718,53,53
1877,446,2.3296,46,439
1878,377,1.826,50,63
1879,478,2.3302,48,66
1880,534,3.0165,51,102
1881,121,0.5517,52,105
1882,517,2.5141,51,250
1883,153,0.6659,44,127
1884,685,3.4219,53,420
1885,412,2.2023,56,229
1886,435,2.1174,65,349
1887,1041,5.2425,60,731
1888,603,3.5212,53,385
1889,499,2.8004,55,493
1890,300,1.661,53,60
1891,630,3.1951,57,365
1892,227,1.3082,54,224
1893,445,2.0458,57,389
1894,670,3.5346,54,491
1895,370,1.9171,60,285
1896,380,1.703,43,183
1897,144,0.6878,46,119
1898,131,0.6636,51,72
1899,352,1.5387,43,283
1900,1581,9.0169,74,1030
1901,356,2.0356,59,320
1902,981,5.3864,86,914
1903,1241,7.6046,65,234
1904,638,3.4155,56,446
1905,450,2.3678,61,280
1906,166,0.7658,62,63
1907,335,1.5521,48,105
1908,382,1.733,45,314
1909,181,0.832,47,85
1910,661,3.4405,55,188
1911,281,1.4988,46,106
1912,732,3.8841,54,157
1913,150,0.6633,50,105
1914,322,1.6661,50,118
1915,244,1.2631,42,85
1916,522,2.5327,71,455
1917,218,1.0129,53,55
1918,153,0.6539,48,124
1919,276,1.2156,46,137
1920,329,1.5331,51,235
1921,662,3.2752,52,462
1922,112,0.5075,44,91
1923,1002,5.3156,62,800
1924,972,5.4424,63,75
1925,232,1.0632,43,194
1926,265,1.1219,71,241
1927,557,2.748,60,244
1928,726,3.3627,70,269
1929,586,3.3874,70,364
1930,1285,7.239,55,217
1931,661,3.5751,69,131
1932,445,2.2039,56,345
1933,457,2.1761,56,451
1934,353,1.841,57,291
1935,289,1.342,48,140
1936,261,1.2745,44,94
1937,624,3.0814,67,268
1938,283,1.7085,42,37
1939,504,2.5421,53,40
1940,333,1.6235,50,196
1941,372,2.1555,49,235
1942,539,2.6031,59,533
1943,245,1.0908,45,85
1944,242,1.0657,55,61
1945,568,2.6928,56,424
1946,220,0.9805,56,162
1947,251,1.1849,46,186
1948,378,1.6871,80,156
1949,732,3.8269,67,577
1950,419,2.4028,73,408
1951,701,3.6844,80,157
1952,326,1.9032,57,43
1953,282,1.2053,54,84
1954,684,3.3323,50,290
1955,791,4.0122,56,751
1956,645,3.4287,55,342
1957,346,1.8297,56,270
1958,488,2.6235,64,227
1959,600,3.0213,68,359
1960,510,2.6711,57,219
1961,627,3.0637,66,625
1962,237,1.3566,57,87
1963,595,3.237,53,327
1964,277,1.396,56,138
1965,422,2.4991,50,145
1966,195,1.0219,46,131
1967,465,2.479,45,353
1968,369,1.9561,56,210
1969,567,2.8217,58,227
1970,439,2.4195,49,61
1971,777,4.3656,54,345
1972,655,3.0806,51,189
1973,1073,6.7466,58,130
1974,960,6.6698,44,625
1975,1162,7.6689,70,720
1976,614,3.3724,63,230
1977,374,2.1302,43,71
1978,810,4.1135,72,552
1979,586,3.1991,48,419
1980,484,2.7914,52,416
1981,552,2.9389,64,529
1982,1123,6.0684,59,493
1983,517,2.7426,54,205
1984,542,3.0389,75,231
1985,761,3.5717,68,355
1986,806,4.3748,65,725
1987,278,1.5763,51,115
1988,1470,8.3068,70,1126
1989,906,4.9735,51,99
1990,605,2.9176,61,123
1991,1532,8.8344,69,1368
1992,2058,11.4841,56,1167
1993,642,3.5021,46,275
1994,642,3.3209,46,275
1995,968,5.4287,60,112
1996,283,1.3483,50,150
1997,521,2.5003,56,94
1998,322,1.6301,58,311
1999,1504,8.7461,87,881
2000,1228,6.7621,72,851
2001,1099,6.1276,52,1088
2002,1312,7.366,67,326
2003,606,3.334,60,540
2004,2131,11.594,71,1236
2005,160,0.7918,43,91
2006,134,0.6507,35,81
2007,703,3.7983,58,95
2008,388,1.7862,59,54
2009,221,1.0586,52,39
2010,962,4.9208,71,896
2011,1338,7.7573,69,994
2012,537,3.1023,50,390
2013,576,3.021,56,348
2014,356,1.9154,51,340
2015,209,1.0587,61,151
2016,217,0.9178,57,185
2017,493,2.2382,69,235
2018,384,1.6867,45,189
2019,1527,8.6467,74,342
2020,430,2.6376,59,377
2021,1532,8.4781,69,1013
2022,18142,101.928,70,4292
2023,429,2.3904,55,408
2024,440,2.1951,48,432
2025,388,1.9365,53,171
2026,1081,6.6515,79,285
2027,82,0.4248,44,59
2028,542,3.8936,67,169
2029,872,4.8572,61,501
2030,5234,30.3151,75,2608
2031,1492,8.8768,62,705
2032,464,2.577,67,348
2033,706,3.8303,59,54
2034,3199,18.1055,70,351
2035,393,2.0921,47,263
2036,250,1.2622,50,216
2037,559,2.9572,58,329
2038,159,0.7121,50,80
2039,487,2.1845,49,387
2040,466,2.0466,53,52
2041,685,3.3318,67,482
2042,73,0.2962,35,62
2043,1251,6.7903,65,901
2044,996,5.4392,62,840
2045,490,2.5486,59,44
2046,491,3.1166,54,113
2047,495,3.0431,52,89
2048,185,0.8317,43,178
2049,1448,8.1069,60,842
2050,794,3.9632,64,62
2051,123,0.5708,58,97
2052,534,2.8495,51,375
2053,677,3.5699,55,602
2054,152,0.7276,51,84
2055,1163,6.2671,57,534
2056,173,1.0421,54,152
2057,1082,5.7718,65,665
2058,901,4.539,90,858
2059,1712,10.0309,68,1202
2060,293,1.3539,50,131
2061,377,1.7155,59,375
2062,488,2.9631,76,479
2063,1064,5.7221,50,441
2064,196,0.9316,63,164
2065,117,0.5302,44,113
2066,1833,9.8487,65,1540
2067,303,1.4083,46,109
2068,673,3.1007,52,70
2069,786,3.9867,66,541
2070,1021,5.2674,57,695
2071,388,1.7343,47,237
2072,1025,6.2063,67,311
2073,2080,12.0435,68,164
2074,366,1.6543,50,354
2075,128,0.7298,38,109
2076,571,3.1198,53,159
2077,301,1.467,51,126
2078,720,3.7648,55,703
2079,285,1.3652,68,103
2080,345,1.8993,51,344
2081,615,3.0802,69,210
2082,40,0.2356,38,35
2083,168,0.7638,62,166
2084,166,0.8569,48,141
2085,882,4.6505,77,285
2086,352,1.9377,80,108
2087,971,5.1466,72,907
2088,378,1.9304,72,240
2089,410,2.0904,79,89
2090,611,3.7721,60,583
2091,1426,7.4585,74,1346
2092,274,1.1961,49,137
2093,339,1.5727,51,91
2094,701,3.625,65,48
2095,496,2.5864,58,314
2096,408,2.2217,53,304
2097,211,0.9155,43,114
2098,504,2.3059,61,52
2099,450,2.0584,57,297
2100,484,2.3733,53,177
2101,240,1.073,45,200
2102,260,1.1817,71,90
2103,620,3.2182,50,178
2104,179,0.8237,43,120
2105,1430,7.5843,64,590
2106,391,2.111,53,330
2107,441,2.2946,45,369
2108,723,3.7714,86,88
2109,757,3.7537,75,450
2110,411,2.0987,44,75
2111,257,1.1243,48,245
2112,301,1.559,52,255
2113,636,2.917,50,93
2114,390,2.0418,49,374
2115,309,1.371,50,154
2116,134,0.6346,51,80
2117,220,0.9538,51,213
2118,1208,6.449,68,72
2119,344,1.8503,42,70
2120,469,2.3543,51,190
2121,77,0.3755,35,66
2122,357,1.7258,53,347
2123,362,1.8805,56,56
2124,482,2.4794,52,333
2125,1049,8.014,74,123
2126,155,0.7688,43,50
2127,448,2.3016,59,78
2128,385,2.0202,52,378
2129,287,1.4185,49,259
2130,195,0.8878,44,47
2131,1021,5.9203,70,946
2132,410,2.0882,42,68
2133,679,3.6874,63,657
2134,913,4.9163,75,280
2135,395,2.1561,49,327
2136,360,1.8321,53,42
2137,557,2.9963,55,86
2138,667,3.5568,69,66
2139,467,2.5594,56,77
2140,682,4.2172,47,417
2141,216,1.2649,42,207
2142,259,1.236,79,206
2143,223,1.097,50,158
2144,139,0.6099,41,46
2145,439,2.331,55,437
2146,371,1.8417,56,335
2147,939,5.4952,60,473
2148,216,1.1188,55,161
2149,249,1.439,51,170
2150,160,1.0332,42,71
2151,485,2.8275,58,44
2152,392,2.8815,58,110
2153,2168,13.3664,56,1133
2154,746,4.5156,63,215
2155,976,6.7226,67,61
2156,653,3.5152,51,406
2157,248,1.2784,49,99
2158,506,2.3886,50,446
2159,585,2.9061,51,152
2160,368,1.9787,52,118
2161,107,0.456,37,67
2162,537,2.5495,75,535
2163,434,2.3245,50,160
2164,144,0.647,40,55
2165,129,0.5199,44,47
2166,277,1.238,50,45
2167,141,0.5573,46,110
2168,1079,6.2344,60,74
2169,818,3.9761,50,210
2170,1366,7.2174,55,1242
2171,219,1.0931,66,186
2172,846,4.2687,68,333
2173,1261,6.5693,76,864
2174,1347,7.372,58,1301
2175,3352,18.4595,61,2088
2176,979,5.0106,51,976
2177,2052,11.6172,57,1362
2178,464,2.5108,74,281
2179,1501,8.2804,57,116
2180,1484,7.8942,65,288
2181,506,2.4679,61,449
2182,506,2.2811,65,449
2183,428,2.0705,51,338
2184,202,0.9647,52,85
2185,833,4.1825,62,494
2186,135,0.5763,41,71
2187,1240,6.439,56,641
2188,431,2.4158,49,79
2189,266,1.199,58,210
2190,279,1.3301,47,265
2191,517,2.5107,52,52
2192,532,2.5179,47,451
2193,510,2.583,55,468
2194,494,2.3666,63,435
2195,678,4.0068,55,359
2196,185,1.0263,48,120
2197,859,5.0082,62,84
2198,685,3.2543,65,630
2199,166,0.8674,50,66
2200,521,2.7583,49,56
2201,514,2.6383,51,56
2202,516,2.6299,45,80
2203,631,2.9033,45,77
2204,379,1.7177,51,186
2205,222,1.1165,52,193
2206,380,1.9937,64,168
2207,237,1.1945,43,159
2208,397,1.8814,58,32
2209,357,1.8402,46,159
2210,125,0.5756,45,98
2211,254,1.1221,43,108
2212,542,3.0255,59,82
2213,590,3.3744,58,514
2214,879,5.5002,65,602
2215,964,5.4188,67,958
2216,3580,19.6568,63,3128
2217,227,1.1106,47,116
2218,246,1.229,56,73
2219,385,1.7352,52,297
2220,271,1.1787,67,224
2221,69,0.2995,37,52
2222,525,2.3446,45,229
2223,520,2.5436,63,467
2224,502,2.3353,56,451
2225,1891,10.6813,61,1234
2226,397,2.0537,50,163
2227,611,2.766,55,139
2228,554,2.8295,57,117
2229,379,1.7043,54,96
2230,519,2.4099,53,462
2231,376,1.7663,44,240
2232,1442,7.6846,53,268
2233,725,3.8561,51,257
2234,591,3.0548,62,570
2235,256,1.3635,46,122
2236,226,1.0134,63,77
2237,451,2.1652,56,372
2238,358,1.6771,53,294
2239,403,2.0622,42,310
2240,130,0.5643,42,124
2241,570,2.9024,55,385
2242,1456,7.9511,59,340
2243,1670,10.6188,64,617
2244,761,4.5618,60,568
2245,219,1.011,52,75
2246,500,2.4294,57,445
2247,502,2.2331,67,451
2248,503,2.6038,69,452
2249,502,2.4623,64,445
2250,505,2.2682,54,70
2251,519,2.6086,65,457
2252,632,3.064,57,535
2253,850,4.0954,59,754
2254,444,2.358,49,404
2255,478,2.4248,50,214
2256,1070,6.0514,57,549
2257,337,1.5375,53,214
2258,247,1.1203,49,141
2259,511,2.6634,55,294
2260,1568,9.562,79,1332
2261,837,4.5082,63,402
2262,507,2.4243,52,123
2263,530,2.7115,64,143
2264,621,3.1994,77,314
2265,450,2.6571,58,59
2266,546,2.9977,61,433
2267,290,1.235,53,43
2268,518,3.1865,50,257
2269,512,2.633,50,260
2270,196,0.9377,48,34
2271,1062,5.9225,75,382
2272,629,3.0837,69,83
2273,262,1.3112,46,181
2274,120,0.6034,47,107
2275,118,0.5398,50,116
2276,40,0.1841,36,38
2277,126,0.5788,35,79
2278,739,4.1293,53,335
2279,536,2.4448,49,498
2280,325,1.5693,55,285
2281,1039,5.1698,78,769
2282,1699,9.0579,69,1534
2283,512,2.8683,50,357
2284,140,0.6229,50,73
2285,420,1.9862,53,194
2286,135,0.7215,38,114
2287,150,0.626,50,41
2288,137,0.5986,45,119
2289,219,0.9897,63,162
2290,417,2.023,52,310
2291,489,2.1978,56,430
2292,74,0.4679,33,43
2293,579,2.8559,49,174
2294,881,4.5909,58,241
2295,1035,5.6358,57,144
2296,407,2.1333,48,103
2297,400,2.6503,46,257
2298,518,2.5916,55,52
2299,944,4.7472,74,891
2300,515,3.0797,53,450
2301,294,1.4011,47,159
2302,733,3.5661,57,555
2303,562,3.1515,47,70
2304,344,1.7473,56,163
2305,1867,10.5258,73,1315
2306,385,1.944,44,167
2307,303,2.0942,47,116
2308,201,0.8965,48,136
2309,816,4.1243,73,424
2310,365,1.7198,41,283
2311,527,2.3469,46,480
2312,365,1.8486,55,293
2313,196,0.9218,43,93
2314,308,1.3728,55,271
2315,642,3.1207,59,266
2316,252,1.0914,44,85
2317,536,2.5319,49,481
2318,188,0.8304,50,62
2319,1106,5.8727,69,616
2320,705,4.102,60,311
2321,696,3.5449,55,495
2322,228,1.3174,54,215
2323,195,0.8025,42,122
2324,458,2.1179,52,457
2325,733,3.5111,68,517
2326,473,2.0834,49,264
2327,743,4.1616,47,311
2328,356,2.2475,61,147
2329,1707,9.5284,68,937
2330,202,0.9811,47,156
2331,448,2.185,49,34
2332,315,1.5387,51,297
2333,598,3.2681,49,236
2334,220,1.2708,48,101
2335,297,1.3686,50,178
2336,150,0.6318,44,78
2337,512,2.8707,56,385
2338,143,0.6438,47,77
2339,116,0.5992,55,83
2340,99,0.4252,46,92
2341,134,0.5677,55,51
2342,180,0.8091,39,90
2343,365,1.7795,46,111
2344,277,1.4499,67,164
2345,655,3.7684,54,536
2346,797,4.2905,55,612
2347,772,4.0685,60,628
2348,307,1.5244,43,224
2349,575,3.1701,73,511
2350,396,2.0245,48,173
2351,622,3.0443,62,354
2352,316,1.5389,50,269
2353,385,2.313,57,83
2354,1674,9.5457,74,1627
2355,380,2.0605,46,359
2356,360,1.6286,48,208
2357,398,1.8047,51,228
2358,436,2.2746,70,179
2359,3304,18.242,85,717
2360,164,0.8403,58,126
2361,1266,6.5414,57,865
2362,404,2.397,52,157
2363,392,1.8329,54,78
2364,508,2.6291,59,73
2365,580,3.0099,68,570
2366,610,2.9786,47,90
2367,378,1.6679,58,48
2368,990,5.595,76,644
2369,464,2.6824,77,64
2370,1959,11.1939,65,721
2371,329,1.576,61,276
2372,655,3.2578,65,475
2373,370,1.6239,47,295
2374,76,0.3742,39,57
2375,41,0.1746,54,40
2376,284,1.3476,51,205
2377,1182,6.7323,54,832
2378,653,3.7533,51,614
2379,190,0.9267,62,155
2380,321,1.6014,43,161
2381,250,1.2115,49,53
2382,430,2.2273,50,143
2383,178,0.8046,57,93
2384,774,3.8152,69,240
2385,679,4.0245,62,605
2386,420,1.9934,53,68
2387,993,6.0187,62,258
2388,368,1.6106,62,316
2389,1154,6.2048,57,572
2390,701,3.5361,66,342
2391,323,1.8999,67,269
2392,408,1.833,57,393
2393,696,3.5093,54,188
2394,528,3.1011,57,70
2395,152,0.7413,60,50
2396,1955,11.6039,56,519
2397,1465,8.2317,61,363
2398,68,0.3255,33,48
2399,3913,22.3058,73,3723
2400,542,3.0291,50,445
2401,756,4.3919,71,483
2402,738,3.6482,84,521
2403,1431,8.6082,52,1036
2404,261,1.3451,46,67
2405,549,3.0837,62,469
2406,590,3.0558,51,480
2407,4002,22.3441,76,459
2408,180,0.9054,38,55
2409,365,1.6874,60,207
2410,355,1.5235,62,104
2411,166,0.6834,53,103
2412,517,2.5334,62,341
2413,423,2.2185,50,227
2414,268,1.4338,46,53
2415,752,3.8117,62,468
2416,244,1.076,49,94
2417,154,0.8222,57,97
2418,256,1.2652,47,181
2419,579,2.8581,49,254
2420,1961,10.8066,59,461
2421,212,1.0711,62,172
2422,432,2.0211,55,425
2423,183,0.7936,46,176
2424,401,1.9415,52,348
2425,561,3.3236,58,144
2426,208,0.8996,43,81
2427,217,0.9245,52,66
2428,2237,12.5963,56,1302
2429,644,3.2132,64,146
2430,425,2.3737,64,75
2431,351,1.5594,50,276
2432,630,2.992,56,629
2433,609,2.7593,61,390
2434,384,1.7878,56,183
2435,388,1.7883,61,188
2436,324,1.4265,54,135
2437,692,3.4417,61,187
2438,2250,12.4913,67,487
2439,156,0.8487,51,46
2440,516,2.6562,51,48
2441,1201,7.3394,61,50
2442,1542,8.9826,66,492
2443,362,1.9998,52,256
2444,741,4.0242,50,617
2445,342,2.0862,43,151
2446,445,2.4003,51,255
2447,509,2.8456,59,116
2448,169,0.7703,40,108
2449,274,1.5292,48,86
2450,294,2.2178,46,95
2451,300,1.3838,55,70
2452,409,2.1034,60,387
2453,1365,7.7184,74,538
2454,681,3.9733,67,83
2455,229,1.2122,55,205
2456,398,2.4684,65,138
2457,420,2.1337,60,68
2458,174,0.7804,54,89
2459,157,0.6581,36,121
2460,1490,7.8288,72,651
2461,880,4.5587,46,700
2462,552,2.9297,47,538
2463,339,1.6203,48,264
2464,321,1.5038,45,111
2465,287,1.3183,40,110
2466,461,2.1273,53,344
2467,767,4.0243,54,255
2468,81,0.4986,43,50
2469,626,2.9124,60,43
2470,951,5.1402,54,861
2471,139,0.833,43,115
2472,869,4.2202,61,621
2473,280,1.2607,49,234
2474,409,1.9044,55,60
2475,274,1.2049,56,224
2476,44,0.2202,39,21
2477,563,2.9135,60,238
2478,949,4.6388,50,887
2479,864,4.4069,88,790
2480,741,3.8882,78,586
2481,325,1.5089,63,175
2482,251,1.178,48,226
2483,547,2.6973,48,41
2484,1670,8.866,67,414
2485,3599,19.8413,67,1700
2486,1639,9.5001,65,1387
2487,536,3.1386,75,157
2488,434,2.2837,54,311
2489,537,2.4308,55,397
2490,537,2.8386,61,482
2491,108,0.4919,48,103
2492,509,2.4542,45,270
2493,201,0.9141,44,45
2494,146,0.676,44,99
2495,2456,15.1645,67,1137
2496,615,3.8081,66,404
2497,233,1.2727,58,54
2498,685,4.1544,48,368
2499,148,0.7146,40,133
2500,354,1.6089,49,52
2501,605,3.2046,75,87
2502,877,4.7581,49,202
2503,140,0.7844,47,65
2504,321,1.5109,50,320
2505,561,3.0261,49,286
2506,277,1.5409,47,176
2507,643,3.3952,53,202
2508,649,3.8226,61,423
2509,677,4.016,55,521
2510,810,3.9486,65,741
2511,254,1.4656,36,175
2512,466,2.6288,58,71
2513,593,2.7785,65,433
2514,235,1.337,45,226
2515,853,4.2121,61,429
2516,642,3.9526,75,171
2517,2211,12.711,63,471
2518,303,1.61,41,207
2519,629,3.0602,54,566
2520,198,0.9543,50,93
2521,103,0.4377,45,102
2522,363,1.988,53,241
2523,2241,12.7328,61,2203
2524,670,3.622,62,288
2525,668,3.114,57,70
2526,1068,5.9217,63,964
2527,61,0.2885,45,59
2528,1115,6.0203,59,833
2529,690,3.7747,52,146
2530,605,3.5406,51,45
2531,151,0.6335,46,145
2532,2043,11.5852,62,1462
2533,752,3.8818,57,67
2534,142,0.6297,52,141
2535,1435,7.8572,57,760
2536,218,0.9764,46,124
2537,886,4.5621,56,835
2538,103,0.5571,38,49
2539,242,1.1496,49,144
2540,264,1.1103,42,241
2541,711,3.6892,52,470
2542,706,3.8812,61,236
2543,1292,7.1183,51,1231
2544,249,1.4698,41,68
2545,174,0.7202,48,173
2546,1146,6.0783,53,455
2547,633,2.9777,49,596
2548,428,2.0985,51,280
2549,710,3.3746,53,706
2550,665,3.69,52,194
2551,231,1.1135,43,154
2552,277,1.3465,62,63
2553,901,5.0519,70,838
2554,1289,7.1104,62,1239
2555,819,4.3349,71,563
2556,1119,6.2628,58,524
2557,493,2.9304,64,49
2558,197,1.0173,45,136
2559,423,2.2906,55,58
2560,148,0.8066,49,96
2561,692,3.6375,60,524
2562,583,2.9107,51,579
2563,344,2.0187,54,94
2564,402,2.3042,59,216
2565,509,2.5173,50,404
2566,830,4.7909,72,252
2567,298,1.6769,58,70
2568,215,1.034,61,67
2569,621,2.9524,70,585
2570,981,5.578,61,848
2571,995,6.0918,51,464
2572,221,1.0929,52,161
2573,252,1.1862,46,48
2574,310,1.3819,53,254
2575,138,0.6985,50,65
2576,453,2.0161,52,419
2577,430,2.2409,48,249
2578,511,2.9995,58,52
2579,495,2.5576,67,60
2580,192,0.9298,47,181
2581,642,3.2469,46,275
2582,397,2.6982,54,109
2583,373,2.0988,49,175
2584,182,0.8178,55,141
2585,517,2.9157,60,460
2586,225,1.1667,44,222
2587,216,0.8875,39,183
2588,217,1.0275,43,183
2589,216,1.0523,48,183
2590,200,0.8717,39,167
2591,216,1.2284,47,183
2592,223,0.9335,46,64
2593,1170,6.1289,62,821
2594,493,2.784,62,51
2595,494,2.8256,50,403
2596,488,2.3972,62,59
2597,887,4.6352,53,876
2598,552,2.6361,56,137
2599,460,2.3318,63,88
2600,290,1.3189,64,91
2601,1976,11.3424,56,893
2602,251,1.1862,46,84
2603,497,2.2467,51,302
2604,521,2.3126,53,64
2605,1194,6.2523,64,1053
2606,1488,8.232,60,78
2607,196,1.0329,52,171
2608,1253,8.2317,50,182
2609,364,1.9147,60,361
2610,584,3.2823,64,55
2611,192,0.8376,45,96
2612,159,0.6635,46,140
2613,2244,12.4558,60,1831
2614,582,3.057,53,565
2615,1019,5.2662,55,976
2616,195,0.9493,47,118
2617,87,0.3772,37,84
2618,438,2.0302,53,70
2619,300,1.6447,50,126
2620,173,0.7757,41,81
2621,873,4.3369,71,775
2622,1944,11.4682,63,1631
2623,734,4.4253,47,303
2624,357,2.1325,46,104
2625,785,4.8403,62,528
2626,523,2.5295,50,493
2627,584,2.8572,58,374
2628,699,3.5573,63,323
2629,675,4.0224,62,504
2630,457,2.4658,49,47
2631,318,1.6321,52,82
2632,211,0.8924,52,199
2633,684,3.2271,53,574
2634,873,5.1197,52,563
2635,586,3.1138,58,190
2636,453,2.5547,64,452
2637,204,0.8647,41,142
2638,531,3.0316,54,393
2639,258,1.4082,49,153
2640,57,0.2446,50,52
2641,815,4.2505,52,524
2642,679,3.3244,51,273
2643,858,4.8328,71,526
2644,779,3.9899,54,220
2645,878,4.4055,64,646
2646,875,4.3831,66,282
2647,259,1.1939,47,80
2648,328,1.7495,41,261
2649,522,2.746,59,518
2650,228,1.0467,53,59
2651,247,1.0615,50,171
2652,393,1.9749,38,218
2653,351,1.5903,46,199
2654,834,4.6135,57,728
2655,321,1.5495,48,121
2656,338,1.675,49,192
2657,1346,7.2243,79,1071
2658,86,0.4543,40,76
2659,381,1.915,75,87
2660,593,3.6682,83,156
2661,943,5.0683,48,137
2662,313,1.4584,50,107
2663,155,0.6984,45,40
2664,276,1.3983,56,74
2665,307,1.3876,51,299
2666,827,4.0838,50,548
2667,799,4.4652,63,118
2668,503,2.6113,53,45
2669,413,2.4544,46,180
2670,390,2.1167,45,161
2671,391,1.7419,48,286
2672,524,2.4892,47,382
2673,787,4.0238,53,483
2674,90,0.499,46,51
2675,398,1.9123,42,107
2676,393,1.8517,60,233
2677,400,1.9073,50,39
2678,338,1.4708,56,107
2679,141,0.6666,42,121
2680,614,3.0289,52,589
2681,738,3.8422,56,595
2682,187,0.9081,44,85
2683,330,1.857,59,123
2684,480,2.2542,62,179
2685,120,0.5818,49,42
2686,705,3.3695,75,52
2687,537,2.6195,55,534
2688,724,3.3954,47,520
2689,783,4.2984,53,447
2690,561,3.3828,79,214
2691,96,0.5399,38,28
2692,609,3.7105,62,593
2693,469,2.7151,52,262
2694,823,4.4544,64,500
2695,252,1.2087,46,77
2696,947,5.4956,70,431
2697,777,4.2751,65,114
2698,767,4.4092,66,83
2699,626,2.9053,53,60
2700,982,5.6781,60,131
2701,508,2.4503,56,66
2702,887,4.903,49,673
2703,588,3.2639,49,416
2704,148,0.7859,45,89
2705,149,0.6532,46,90
2706,167,0.8493,52,113
2707,675,3.3344,63,619
2708,674,3.3446,49,483
2709,1321,6.8018,61,395
2710,302,1.6722,44,228
2711,603,2.8858,48,168
2712,473,2.3217,49,135
2713,284,1.3067,53,190
2714,368,1.5727,55,84
2715,282,1.2948,48,108
2716,2198,12.1512,76,545
2717,126,0.8147,45,60
2718,1844,10.0585,64,987
2719,256,1.1339,44,194
2720,190,0.8199,47,137
2721,242,1.1429,45,140
2722,1063,5.2773,74,288
2723,406,1.9963,45,364
2724,597,2.8179,49,430
2725,507,2.6305,53,172
2726,106,0.4439,53,98
2727,955,5.496,57,782
2728,218,0.9997,52,217
2729,922,5.4802,51,413
2730,586,3.1059,47,214
2731,179,0.8572,57,62
2732,565,2.7841,60,232
2733,493,2.4858,49,202
2734,1452,7.6875,74,1376
2735,242,1.2025,45,178
2736,1331,8.2618,79,318
2737,426,2.4476,48,111
2738,1800,18.9803,58,791
2739,319,2.8573,38,232
2740,125,0.6059,40,82
2741,752,5.7908,51,62
2742,118,0.7553,36,74
2743,1691,9.1795,59,630
2744,392,2.2872,43,170
2745,614,3.403,50,485
2746,312,1.5622,51,100
2747,1129,6.4114,73,715
2748,298,1.4972,42,65
2749,139,0.6935,39,95
2750,471,2.6104,59,247
2751,252,1.1996,44,77
2752,184,0.9831,53,169
2753,142,0.6088,40,95
2754,554,2.8328,65,106
2755,362,1.8649,57,95
2756,156,0.9286,47,86
2757,286,1.6013,71,175
2758,466,2.5296,61,251
2759,688,3.7695,61,513
2760,697,3.9872,59,226
2761,207,1.739,59,83
2762,1221,7.0058,75,701
2763,824,4.3037,70,144
2764,656,3.8571,54,232
2765,2471,14.1341,55,1793
2766,1124,6.2588,54,1121
2767,212,0.9653,43,83
2768,894,4.4843,61,201
2769,579,2.7932,70,555
2770,396,2.066,66,335
2771,152,0.6993,48,122
2772,1094,5.9991,66,314
2773,476,2.4962,51,262
2774,395,1.7213,54,137
2775,1342,7.1933,71,948
2776,463,2.7044,66,79
2777,232,1.0651,51,95
2778,254,1.2919,47,214
2779,598,3.325,59,270
2780,571,3.1859,51,396
2781,289,1.271,48,211
2782,117,0.5387,50,91
2783,440,1.9905,45,152
2784,1413,7.6635,73,1331
2785,1412,7.5006,52,435
2786,462,2.2397,51,327
2787,637,3.2697,49,617
2788,817,4.6564,61,130
2789,1355,7.3943,73,877
2790,970,5.473,53,509
2791,844,4.9575,68,47
2792,352,1.9159,57,176
2793,330,1.3948,50,248
2794,421,1.8594,71,123
2795,945,4.8834,57,594
2796,135,0.7575,55,75
2797,651,3.391,48,460
2798,320,1.4796,46,132
2799,200,0.9475,43,198
2800,583,2.8369,63,439
2801,219,0.9979,47,164
2802,476,2.53,56,342
2803,269,1.3564,48,81
2804,1249,6.6253,53,1032
2805,371,1.9065,53,172
2806,263,1.3172,42,84
2807,2728,16.1311,61,688
2808,221,1.1987,51,166
2809,119,0.7108,52,55
2810,257,1.0876,49,153
2811,695,3.3321,60,104
2812,198,0.9435,56,49
2813,2172,12.6875,62,1256
2814,1477,8.0995,55,1307
2815,514,3.2942,52,220
2816,845,4.7985,52,84
2817,614,3.478,62,180
2818,440,2.4053,46,406
2819,517,2.5201,57,93
2820,431,2.0931,48,281
2821,527,2.7891,47,41
2822,628,3.3995,60,479
2823,410,2.2198,58,231
2824,607,3.0313,57,83
2825,941,4.7996,76,87
2826,445,2.2649,61,443
2827,316,1.3917,65,186
2828,378,1.8329,42,158
2829,223,0.9375,52,111
2830,152,0.7673,52,99
2831,631,3.3809,54,525
2832,454,2.4713,53,442
2833,175,0.9169,48,62
2834,682,3.521,61,649
2835,117,0.5974,49,114
2836,559,2.9084,54,399
2837,1013,5.7388,56,1011
2838,754,4.6112,65,311
2839,113,0.5252,40,66
2840,200,0.8958,48,151
2841,967,5.0241,49,813
2842,318,1.4889,49,105
2843,123,0.5808,40,60
2844,650,3.7025,62,208
2845,327,1.6201,50,105
2846,327,1.5676,60,237
2847,111,0.5182,56,48
2848,371,1.6379,45,102
2849,1094,6.0354,60,1079
2850,293,1.5849,52,227
2851,1685,9.1358,59,325
2852,5323,33.7737,68,3053
2853,177,0.8606,69,154
2854,91,0.4095,39,54
2855,537,2.7477,59,90
2856,410,1.765,46,47
2857,119,0.6386,51,118
2858,95,0.393,41,47
2859,612,3.2338,68,97
2860,1132,5.9739,70,437
2861,512,2.624,55,441
2862,471,2.4271,47,133
2863,451,2.288,46,69
2864,205,1.303,49,198
2865,670,3.63,56,127
2866,746,4.3836,54,476
2867,307,1.6249,73,75
2868,80,0.4741,47,47
2869,300,1.4731,47,79
2870,606,3.7051,54,194
2871,887,5.3873,61,819
2872,316,1.6052,62,304
2873,909,7.0339,63,810
2874,457,2.3941,53,71
2875,993,5.8587,66,47
2876,757,4.6147,54,91
2877,489,3.039,66,60
2878,236,1.4767,54,208
2879,351,1.9292,55,96
2880,1118,6.4724,74,787
2881,1431,8.3647,62,593
2882,112,0.5597,47,97
2883,301,1.4379,48,57
2884,1660,9.7675,60,337
2885,490,2.6243,58,367
2886,660,3.4867,54,166
2887,2189,12.1205,54,2025
2888,217,1.0029,53,92
2889,658,3.3321,53,76
2890,224,1.3294,47,193
2891,1839,11.0891,80,1618
2892,336,1.5143,52,151
2893,692,3.4827,65,355
2894,670,3.6043,82,473
2895,250,1.2689,51,48
2896,577,3.3847,48,362
2897,274,1.4391,40,164
2898,478,2.4056,47,208
2899,438,2.4305,81,247
2900,132,0.6545,42,120
2901,510,2.8597,52,454
2902,512,2.6686,50,76
2903,510,2.4757,52,65
2904,503,2.7552,59,227
2905,502,2.6738,47,446
2906,93,0.3995,39,41
2907,722,3.7923,58,487
2908,389,1.9875,48,151
2909,199,1.1723,42,55
2910,192,0.8473,48,59
2911,253,1.3239,49,120
2912,396,2.1468,59,46
2913,303,1.5257,53,96
2914,601,2.9371,49,87
2915,756,4.1311,59,104
2916,248,1.2875,60,175
2917,449,2.3754,59,345
2918,764,4.0436,58,763
2919,634,3.2825,68,387
2920,322,1.6674,43,211
2921,1391,7.6961,70,819
2922,340,1.9715,54,148
2923,1141,6.4495,61,573
2924,235,1.241,56,218
2925,298,1.3645,48,190
2926,554,3.069,57,158
2927,281,1.4608,49,43
2928,199,1.3778,44,48
2929,615,3.3699,57,425
2930,257,1.4859,39,198
2931,225,1.2328,48,61
2932,180,0.9002,49,58
2933,228,1.2376,59,218
2934,269,1.3831,46,54
2935,569,3.2784,49,381
2936,454,2.6291,52,226
2937,487,2.4211,55,330
2938,183,0.9001,42,165
2939,199,1.1888,37,134
2940,423,2.3821,55,109
2941,86,0.3746,47,53
2942,206,0.907,44,71
2943,294,1.3211,47,235
2944,672,4.1271,69,491
2945,986,5.3747,53,733
2946,450,2.5743,61,76
2947,1219,7.1571,80,143
2948,398,2.1649,47,85
2949,130,0.6106,47,64
2950,455,2.2555,59,332
2951,486,2.3691,50,432
2952,1060,5.9357,56,903
2953,460,2.6219,45,69
2954,517,2.5835,52,225
2955,728,3.871,62,167
2956,886,5.3384,69,788
2957,639,3.583,59,539
2958,1487,8.0032,53,1018
2959,155,0.7668,44,50
2960,1476,8.0394,65,1349
2961,1158,6.0703,72,409
2962,815,4.2922,58,99
2963,389,1.9373,56,234
2964,671,3.4264,56,484
2965,125,0.6162,38,83
2966,1719,11.4171,65,898
2967,276,2.4463,49,226
2968,538,3.1113,64,79
2969,953,6.6725,65,83
2970,261,2.8104,44,244
2971,499,3.1977,56,171
2972,355,2.1143,56,58
2973,106,1.1698,44,87
2974,1536,10.2206,74,1267
2975,510,4.3576,63,501
2976,870,4.7925,75,125
2977,534,3.1243,69,485
2978,439,2.2225,60,405
2979,490,2.2457,53,143
2980,843,4.5255,63,451
2981,501,2.6852,51,155
2982,249,1.4385,53,97
2983,540,2.8714,79,117
2984,506,2.2749,60,421
2985,348,1.7935,54,172
2986,355,1.6233,54,111
2987,1192,5.7348,68,411
2988,489,2.1991,51,332
2989,154,0.6731,54,146
2990,649,3.3982,57,410
2991,455,1.9948,62,266
2992,298,1.2585,47,261
2993,256,1.1359,47,128
2994,297,1.3232,47,64
2995,346,1.458,63,314
2996,855,4.1215,61,412
2997,250,1.0977,53,42
2998,588,3.1619,61,242
2999,428,2.034,59,296
3000,917,4.3037,53,558
3001,231,1.2091,68,163
3002,605,3.2301,62,179
3003,952,5.1178,65,878
3004,366,1.8599,61,87
3005,612,3.1654,58,107
3006,246,1.2263,47,220
3007,149,0.7352,56,99
3008,65,0.2843,48,33
3009,740,3.829,60,252
3010,868,4.6348,50,376
3011,577,3.0116,54,571
3012,295,1.4816,46,113
3013,521,2.8223,56,332
3014,488,2.1189,49,198
3015,507,2.9643,49,452
3016,382,2.0795,55,262
3017,211,1.1272,41,155
3018,860,4.2082,54,464
3019,153,0.6804,55,147
3020,135,0.5402,38,26
3021,239,1.0538,48,117
3022,307,1.5399,44,225
3023,1538,8.2982,58,550
3024,1674,9.0928,77,1282
3025,1042,5.4227,52,226
3026,581,2.9721,52,306
3027,524,2.5165,63,178
3028,150,0.6264,50,47
3029,399,1.6885,61,374
3030,895,4.4966,49,725
3031,406,2.1284,48,221
3032,82,0.3227,35,77
3033,579,2.6813,60,230
3034,745,3.2831,61,75
3035,556,2.8499,47,456
3036,204,1.0219,49,194
3037,553,2.7984,50,503
3038,347,1.8182,50,42
3039,944,4.7757,56,568
3040,364,1.9817,59,193
3041,380,2.0937,48,329
3042,496,2.5891,54,415
3043,654,3.4853,62,577
3044,529,2.8085,58,68
3045,374,1.7454,53,67
3046,396,1.8373,49,228
3047,1697,9.2597,80,64
3048,418,2.177,55,121
3049,482,2.3712,49,444
3050,241,1.1104,44,77
3051,4913,27.383,69,1703
3052,64,0.2641,36,61
3053,147,0.6058,42,38
3054,721,4.3926,79,82
3055,782,4.1939,48,460
3056,521,2.6789,49,104
3057,1255,7.4126,52,1221
3058,244,1.2274,50,181
3059,697,3.8615,54,294
3060,530,2.6039,59,78
3061,727,3.9203,59,524
3062,1013,5.2915,50,604
3063,424,2.2265,70,259
3064,109,0.4499,42,77
3065,348,1.5743,54,93
3066,659,3.3782,50,100
3067,217,1.0033,52,158
3068,139,0.6533,42,57
3069,544,2.6059,56,473
3070,519,3.2492,47,296
3071,226,1.1045,62,209
3072,196,0.9688,49,164
3073,1039,5.5365,75,721
3074,1045,5.5659,60,203
3075,526,2.5457,55,507
3076,341,1.5261,47,339
3077,672,3.1658,54,373
3078,122,0.5405,43,39
3079,643,3.2673,43,324
3080,1230,6.5698,56,824
3081,463,2.2799,57,453
3082,368,1.9356,58,80
3083,260,1.2754,47,183
3084,677,3.2739,61,73
3085,995,4.9596,61,519
3086,2075,11.3085,76,1816
3087,189,0.812,53,70
3088,332,1.5606,51,264
3089,259,1.242,54,255
3090,725,3.5355,42,402
3091,1146,6.117,60,128
3092,1053,5.394,69,274
3093,202,0.9237,64,115
3094,601,2.946,55,579
3095,481,2.6817,46,222
3096,485,3.3398,57,152
3097,464,3.7912,50,409
3098,187,1.3988,47,63
3099,420,3.2668,52,377
3100,1406,8.4579,63,733
3101,377,3.0627,62,298
3102,78,0.4366,34,49
3103,535,2.4984,68,282
3104,1052,5.3681,58,571
3105,492,2.3226,57,402
3106,994,5.1501,54,861
3107,182,0.8075,51,173
3108,369,1.7631,38,322
3109,347,1.5181,57,195
3110,528,2.5925,56,285
3111,246,1.0498,51,103
3112,653,2.9826,74,566
3113,439,1.9264,48,68
3114,694,3.3052,52,630
3115,598,2.7041,59,94
3116,735,3.846,60,543
3117,244,1.0926,46,122
3118,707,3.3623,62,82
3119,705,3.266,60,459
3120,612,3.0661,58,156
3121,605,3.3571,46,408
3122,251,1.3431,75,144
3123,251,1.2742,61,89
3124,462,2.3801,83,359
3125,271,1.3971,40,50
3126,419,2.0972,48,242
3127,472,2.1538,54,64
3128,408,2.5895,44,147
3129,422,1.9501,58,230
3130,3480,19.0471,66,2874
3131,1002,5.5922,64,88
3132,155,0.6521,44,104
3133,138,0.5676,44,116
3134,121,0.4872,43,114
3135,135,0.7005,61,102
3136,455,2.3583,53,431
3137,926,4.7019,69,555
3138,187,0.9222,49,107
3139,318,1.4022,45,278
3140,405,1.8522,56,190
3141,392,1.7036,44,200
3142,170,0.6923,42,94
3143,157,0.6349,45,31
3144,160,0.647,48,67
3145,963,5.064,68,481
3146,144,0.5952,44,79
3147,1175,7.7889,64,1100
3148,525,2.959,48,279
3149,317,1.4093,52,227
3150,480,2.3782,53,331
3151,722,3.5908,54,688
3152,281,1.4263,74,69
3153,300,1.3512,62,108
3154,495,2.5263,51,126
3155,119,0.687,41,68
3156,887,4.3386,66,139
3157,396,1.7983,45,258
3158,168,0.6846,44,68
3159,331,2.1962,48,239
3160,159,1.1302,46,93
3161,390,1.8476,51,253
3162,93,0.4544,32,53
3163,218,1.5133,37,143
3164,1094,5.7477,71,715
3165,493,2.3188,57,63
3166,856,4.0656,67,809
3167,112,0.4884,40,62
3168,477,2.0926,56,296
3169,540,2.3863,54,245
3170,351,1.5564,48,147
3171,748,3.3605,65,272
3172,493,2.2975,49,352
3173,213,0.9022,56,159
3174,179,0.7334,47,105
3175,215,1.0317,59,186
3176,820,3.8872,52,326
3177,255,1.197,50,72
3178,125,0.5472,57,121
3179,3920,20.7774,58,184
3180,394,2.0222,51,316
3181,266,1.1212,51,190
3182,452,2.164,46,124
3183,716,3.2453,51,272
3184,87,0.3542,38,60
3185,392,1.8644,47,178
3186,609,2.8262,50,56
3187,186,0.7729,48,181
3188,532,2.2691,67,445
3189,400,2.034,46,102
3190,495,2.4113,56,270
3191,953,4.6302,55,730
3192,611,3.1865,44,513
3193,1184,5.9674,66,612
3194,541,2.8374,47,82
3195,1077,5.4686,72,50
3196,334,1.5206,49,178
3197,379,1.8385,76,174
3198,766,3.7899,53,104
3199,628,3.4534,60,617
3200,504,2.5301,56,500
3201,1191,6.3502,68,131
3202,1515,8.1502,56,684
3203,218,0.9951,46,127
3204,1215,6.7653,64,96
3205,289,1.4406,41,284
3206,608,3.182,52,77
3207,335,1.7174,53,49
3208,277,1.4901,50,41
3209,591,3.0747,50,73
3210,344,1.8458,45,114
3211,624,3.4329,70,51
3212,2143,11.6094,55,232
3213,638,3.2272,61,438
3214,1227,6.5268,92,83
3215,672,3.9152,66,468
3216,699,3.8996,54,325
3217,1192,6.7445,61,248
3218,140,0.6932,32,125
3219,91,0.4725,59,41
3220,192,0.962,49,177
3221,348,1.7792,53,239
3222,193,0.9833,45,186
3223,468,2.8551,47,449
3224,842,4.4548,52,582
3225,227,1.2998,71,207
3226,317,1.6827,49,83
3227,183,0.929,48,99
3228,144,0.718,47,55
3229,333,1.9334,55,305
3230,79,0.3718,47,68
3231,556,2.9046,53,73
3232,397,2.0863,59,47
3233,269,1.3814,41,240
3234,370,2.0681,47,49
3235,405,2.2362,44,311
3236,212,1.1117,48,80
3237,890,5.1,52,184
3238,269,1.4201,40,234
3239,123,1.0267,35,47
3240,820,4.6606,74,122
3241,421,2.2403,71,420
3242,681,3.5829,82,332
3243,1008,5.783,59,520
3244,227,1.1294,43,60
3245,595,2.8263,63,74
3246,630,3.0517,57,226
3247,338,1.636,55,187
3248,226,0.9832,54,95
3249,847,4.6615,61,177
3250,511,2.6146,46,455
3251,170,0.8016,48,72
3252,497,2.4615,60,289
3253,540,2.6248,68,70
3254,462,2.2932,50,144
3255,197,0.9037,49,183
3256,525,2.8019,55,118
3257,177,0.8046,67,174
3258,591,2.975,66,435
3259,289,1.5909,48,60
3260,182,0.9177,51,85
3261,526,2.5473,49,524
3262,329,1.796,47,239
3263,929,4.7505,66,524
3264,387,1.9216,41,237
3265,328,1.4909,44,251
3266,412,2.1835,52,238
3267,301,1.3742,48,116
3268,246,1.0835,64,78
3269,695,3.3913,73,329
3270,498,2.4107,58,268
3271,682,3.2708,60,351
3272,1748,11.2187,52,61
3273,126,0.6024,61,83
3274,408,2.0627,61,117
3275,2227,11.9812,71,741
3276,432,2.2434,50,324
3277,718,3.6186,72,689
3278,505,2.8929,61,450
3279,2532,13.6448,90,2297
3280,1060,5.5767,77,649
3281,126,0.6914,38,117
3282,1308,6.9893,62,548
3283,4700,25.3182,70,4251
3284,163,0.8213,43,140
3285,891,4.4613,63,95
3286,220,1.0462,58,144
3287,204,0.9304,45,92
3288,263,1.1619,55,94
3289,1351,7.0092,54,995
3290,249,1.2051,54,172
3291,1747,9.3996,63,647
3292,1597,8.675,77,873
3293,581,2.955,65,516
3294,410,2.157,51,42
3295,1283,7.5768,64,998
3296,2112,11.5709,75,1987
3297,69,0.3559,37,52
3298,2007,10.8907,73,125
3299,388,2.1389,51,262
3300,388,2.0953,52,55
3301,161,0.7546,49,130
3302,378,1.9859,44,70
3303,73,0.3831,49,50
3304,184,0.7561,55,119
3305,212,0.9016,52,203
3306,326,1.4853,58,54
3307,420,1.9302,58,162
3308,1151,6.2115,73,610
3309,561,2.8502,52,193
3310,2104,11.719,79,1386
3311,574,2.8537,54,57
3312,484,2.4154,59,58
3313,491,2.668,59,427
3314,575,3.1205,56,129
3315,873,4.6651,76,585
3316,332,1.6846,55,104
3317,344,1.7872,51,75
3318,395,1.8003,52,84
3319,308,1.5832,47,306
3320,526,2.577,53,302
3321,360,1.6899,64,70
3322,188,0.9455,45,180
3323,329,1.4544,60,276
3324,608,3.0377,59,275
3325,163,0.7609,44,45
3326,210,0.973,49,191
3327,1106,6.3005,57,537
3328,1562,8.744,62,1137
3329,321,1.7145,51,80
3330,835,4.4151,80,408
3331,1825,10.253,57,753
3332,190,0.9679,45,144
3333,413,1.9069,49,318
3334,376,1.9903,50,105
3335,247,1.145,67,107
3336,174,0.787,49,98
3337,234,1.123,45,230
3338,177,0.8112,51,58
3339,455,2.1294,71,454
3340,677,3.454,66,78
3341,77,0.4725,44,68
3342,640,3.6676,67,194
3343,1884,10.3172,66,1191
3344,585,2.8754,65,86
3345,1960,15.3326,65,1466
3346,512,3.6217,73,83
3347,2518,14.4701,54,1708
3348,682,3.7574,73,55
3349,1103,6.9878,49,923
3350,599,3.4905,48,455
3351,274,1.514,46,211
3352,465,2.4098,65,187
3353,419,2.442,67,200
3354,378,1.8756,51,285
3355,62,0.2491,36,61
3356,666,3.3814,48,126
3357,346,1.55,54,134
3358,226,1.0282,47,134
3359,334,1.4514,50,137
3360,688,3.4406,78,257
3361,333,1.5415,56,323
3362,318,1.4197,47,68
3363,94,0.4218,53,89
3364,496,2.3363,57,416
3365,2085,11.4428,63,963
3366,181,0.9238,60,39
3367,353,1.5681,50,314
3368,658,3.3892,53,575
3369,168,0.8885,55,164
3370,729,3.6296,75,60
3371,261,1.3087,56,121
3372,225,0.9698,49,67
3373,228,0.9592,43,183
3374,1202,6.3187,58,772
3375,788,4.3882,59,380
3376,1385,7.2755,53,1383
3377,284,1.3292,50,165
3378,250,1.0656,67,193
3379,500,2.1353,60,455
3380,2314,12.1489,73,455
3381,96,0.3811,35,61
3382,356,1.8078,51,275
3383,302,1.2725,56,56
3384,507,2.3292,58,439
3385,516,2.1909,63,111
3386,241,1.0765,54,127
3387,180,0.7542,52,140
3388,700,3.1254,62,257
3389,3005,16.4239,73,1590
3390,173,0.7309,51,90
3391,537,2.4417,57,475
3392,484,2.1111,53,79
3393,1130,5.6082,61,297
3394,218,0.9299,46,202
3395,1181,5.7018,70,1006
3396,1374,7.0684,71,833
3397,335,1.6235,59,172
3398,506,2.5794,62,440
3399,417,2.359,42,256
3400,620,3.2462,55,411
3401,239,1.2548,46,85
3402,102,0.4094,39,101
3403,204,1.0348,46,169
3404,200,1.0754,47,96
3405,405,1.8964,53,393
3406,575,2.9726,51,567
3407,808,4.2978,50,543
3408,407,2.1509,52,148
3409,374,1.7729,50,54
3410,1713,9.2814,61,1239
3411,190,0.9712,62,123
3412,152,0.7816,55,73
3413,217,1.1072,45,147
3414,161,0.7711,49,132
3415,185,0.9133,53,174
3416,244,1.2568,50,236
3417,506,2.5886,62,73
3418,239,1.3316,43,54
3419,148,0.735,43,142
3420,325,1.6122,55,107
3421,360,2.1062,45,70
3422,692,3.7582,52,69
3423,1327,7.4509,76,566
3424,292,1.4828,44,45
3425,1048,5.4526,75,333
3426,1074,5.8304,62,325
3427,709,3.7913,67,93
3428,418,2.1287,63,308
3429,339,1.7522,48,199
3430,486,2.5012,53,280
3431,121,0.7049,45,119
3432,513,2.5873,55,323
3433,562,3.0378,53,113
3434,632,3.3936,55,569
3435,752,3.901,68,279
3436,722,3.4777,78,223
3437,111,0.4427,42,58
3438,145,0.5797,39,123
3439,443,2.0736,48,332
3440,2301,12.0863,64,2137
3441,501,2.5778,60,295
3442,266,1.1108,46,131
3443,413,1.9729,59,68
3444,550,2.4149,75,491
3445,421,1.8289,46,393
3446,388,1.7412,59,201
3447,522,2.2793,57,81
3448,1528,8.0507,58,922
3449,879,4.4911,52,612
3450,511,2.2894,56,48
3451,855,4.3673,61,328
3452,151,0.6216,46,149
3453,685,3.0502,52,539
3454,1755,10.0073,55,282
3455,452,2.1458,75,437
3456,517,2.4632,54,61
3457,3536,19.0678,59,2043
3458,479,2.5483,69,169
3459,671,3.3777,56,581
3460,432,2.2147,54,132
3461,485,2.2942,54,474
3462,1032,5.0852,60,518
3463,184,0.7713,59,180
3464,198,0.9554,58,150
3465,1545,7.7569,59,1284
3466,794,3.9101,48,77
3467,549,2.4517,56,518
3468,254,1.0571,46,91
3469,139,0.553,47,77
3470,308,1.2992,50,193
3471,252,1.0508,54,181
3472,593,3.0884,49,300
3473,491,2.37,62,199
3474,1068,5.1392,70,945
3475,978,5.3291,73,503
3476,1979,10.6367,66,1338
3477,437,2.2374,51,245
3478,1228,6.6212,48,974
3479,996,5.4513,69,218
3480,319,1.5411,77,137
3481,351,1.6176,49,187
3482,1554,8.2649,79,1110
3483,586,3.0532,50,39
3484,514,2.4896,57,357
3485,410,2.2085,61,62
3486,927,4.7781,49,266
3487,164,0.7037,40,128
3488,1774,9.4853,65,260
3489,2670,14.4745,59,159
3490,957,5.2811,64,847
3491,837,4.4451,62,483
3492,493,2.6116,53,324
3493,310,1.3943,55,262
3494,168,0.7247,42,125
3495,158,0.6467,44,64
3496,914,4.7086,51,868
3497,2845,15.2288,66,497
3498,465,2.5735,54,312
3499,496,2.3898,52,495
3500,523,2.2813,64,464
3501,519,2.2071,54,494
3502,303,1.2548,52,292
3503,108,0.4281,46,60
3504,584,2.7375,45,182
3505,732,3.2313,61,242
3506,972,4.6001,74,668
3507,588,2.6497,54,220
3508,320,1.4814,50,139
3509,785,3.6266,51,641
3510,798,3.8797,65,288
3511,1638,8.7614,58,992
3512,2054,10.8939,59,477
3513,127,0.6275,48,58
3514,617,2.9735,52,326
3515,332,1.4967,42,130
3516,748,3.9619,63,74
3517,1216,6.3813,57,768
3518,456,2.1684,53,70
3519,656,3.1089,70,56
3520,113,0.4562,45,44
3521,498,2.3758,48,250
3522,407,1.7834,47,105
3523,1001,4.8524,62,826
3524,407,2.0879,55,81
3525,400,1.9126,58,368
3526,412,1.931,45,318
3527,399,1.9531,48,91
3528,1396,7.0953,62,215
3529,1855,9.8096,69,1737
3530,627,3.5016,57,620
3531,398,1.8259,63,122
3532,90,0.3517,47,84
3533,691,3.4162,51,551
3534,345,1.5193,51,271
3535,684,3.2717,56,624
3536,453,1.9628,60,251
3537,197,0.8267,53,102
3538,1712,8.6371,74,1096
3539,1440,7.432,58,967
3540,322,1.5,47,200
3541,258,1.108,63,230
3542,204,0.9208,39,103
3543,513,2.3967,50,416
3544,149,0.6,46,78
3545,1319,6.8894,55,1249
3546,156,0.6639,66,61
3547,776,3.6755,77,255
3548,465,2.0515,51,349
3549,678,3.1387,64,674
3550,819,3.8503,55,149
3551,409,2.0778,58,408
3552,413,1.7944,49,292
3553,398,1.685,48,229
3554,93,0.3637,38,53
3555,223,0.9358,44,158
3556,1871,9.4977,80,83
3557,347,1.506,48,227
3558,1545,7.9098,72,839
3559,179,0.7661,39,83
3560,542,2.5443,55,69
3561,597,2.5709,66,208
3562,287,1.242,51,184
3563,566,2.4564,46,535
3564,874,4.0142,71,486
3565,190,0.8661,45,80
3566,622,2.667,67,457
3567,793,3.7782,59,520
3568,723,3.4575,58,251
3569,610,2.8725,68,471
3570,393,1.8528,51,332
3571,115,0.4641,35,71
3572,231,0.986,55,72
3573,443,2.0395,50,386
3574,314,1.32,51,205
3575,3751,19.9411,67,3194
3576,66,0.2626,38,55
3577,935,4.9679,66,397
3578,827,3.9055,74,179
3579,467,2.2325,57,343
3580,664,2.9546,63,165
3581,917,4.343,65,760
3582,386,1.7526,50,324
3583,388,1.844,53,306
3584,288,1.2284,46,45
3585,458,2.0953,51,63
3586,78,0.3529,58,57
3587,191,0.8805,50,136
3588,1248,6.7948,52,514
3589,238,1.1842,62,214
3590,1009,5.3689,54,671
3591,479,2.3918,55,136
3592,315,1.5962,47,157
3593,1672,9.142,64,708
3594,1023,5.3904,52,883
3595,1196,5.9977,85,1189
3596,526,2.5344,51,131
3597,414,1.9898,49,95
3598,499,2.1778,45,142
3599,744,3.3954,57,509
3600,718,3.2888,73,575
3601,543,2.6691,53,310
3602,572,2.6722,59,477
3603,2220,12.1679,62,1489
3604,487,2.2017,47,414
3605,837,4.0553,48,743
3606,270,1.1299,38,230
3607,80,0.3365,46,41
3608,150,0.6198,51,100
3609,538,2.3927,47,80
3610,512,2.254,53,266
3611,457,2.2307,63,111
3612,187,0.7606,55,119
3613,163,0.6687,49,150
3614,978,4.7374,77,727
3615,737,3.5451,61,128
3616,395,1.7956,47,251
3617,465,1.9659,49,102
3618,545,2.4025,53,325
3619,425,1.8116,48,111
3620,1832,9.3599,77,1789
3621,222,0.9514,69,33
3622,353,1.558,57,104
3623,850,4.056,64,101
3624,194,0.8825,56,49
3625,183,0.7691,46,133
3626,559,2.6269,52,532
3627,986,4.7035,57,914
3628,1285,6.463,65,1206
3629,981,4.7424,56,783
3630,445,2.1217,54,103
3631,1127,5.6774,64,745
3632,642,3.2165,54,30
3633,942,4.5206,69,147
3634,3467,18.25,75,1445
3635,253,1.2309,56,208
3636,253,1.0715,44,147
3637,596,2.5704,64,127
3638,65,0.2615,41,61
3639,189,0.8084,39,66
3640,747,3.4158,58,46
3641,789,3.9132,48,521
3642,912,4.3571,49,286
3643,351,1.5462,42,163
3644,160,0.6574,53,141
3645,583,2.6477,52,326
3646,718,3.4969,61,103
3647,984,4.9679,76,114
3648,1210,6.242,89,355
3649,429,1.8844,58,149
3650,270,1.1361,49,113
3651,722,3.8119,52,423
3652,670,2.9389,66,656
3653,108,0.4416,54,96
3654,1742,8.7474,70,919
3655,671,3.0606,64,616
3656,1519,8.1546,78,697
3657,177,0.797,41,105
3658,479,2.0398,53,432
3659,612,2.7853,64,114
3660,491,2.1436,56,46
3661,607,2.6245,53,548
3662,429,1.8593,53,93
3663,5496,29.2268,90,730
3664,656,3.1351,63,512
3665,390,1.6534,62,334
3666,108,0.4332,44,106
3667,1821,9.6782,75,688
3668,766,3.9482,53,478
3669,1301,6.7255,75,1063
3670,109,0.4759,54,83
3671,1134,5.659,56,750
3672,393,1.7345,51,241
3673,267,1.1207,47,112
3674,71,0.2698,37,46
3675,143,0.5805,46,59
3676,300,1.2669,45,254
3677,2287,11.9916,70,798
3678,288,1.2395,60,213
3679,787,3.5268,49,460
3680,845,4.4746,52,651
3681,711,3.3558,46,94
3682,969,4.6555,58,342
3683,56,0.2321,28,54
3684,451,2.1726,53,246
3685,272,1.1789,56,183
3686,206,0.8569,43,59
3687,853,4.0996,53,57
3688,918,4.7154,53,463
3689,266,1.1716,53,161
3690,721,3.423,52,227
3691,820,4.116,58,689
3692,1141,5.8288,55,87
3693,824,4.369,63,699
3694,973,4.7178,59,581
3695,880,4.3285,49,699
3696,321,1.4036,47,99
3697,777,3.6272,49,584
3698,1417,6.9194,73,937
3699,118,0.4729,41,107
3700,328,1.3821,61,251
3701,174,0.718,46,151
3702,122,0.4803,39,86
3703,118,0.4968,53,66
3704,245,1.0121,55,89
3705,293,1.2174,62,74
3706,65,0.2527,43,54
3707,614,2.871,76,574
3708,218,0.9155,43,118
3709,251,1.0352,47,188
3710,147,0.5921,46,44
3711,976,4.8194,53,183
3712,537,2.5632,66,401
3713,199,0.8387,62,126
3714,2263,11.8913,62,400
3715,950,4.6483,62,257
3716,425,1.8757,63,171
3717,118,0.4768,43,111
3718,448,1.9467,60,409
3719,638,2.7801,52,118
3720,420,1.8374,46,273
3721,840,3.9224,62,70
3722,779,3.8892,53,409
3723,369,1.5682,50,356
3724,595,2.6044,50,174
3725,539,2.457,57,231
3726,668,2.9181,59,486
3727,432,1.9259,64,294
3728,557,2.4431,48,499
3729,327,1.4376,55,281
3730,750,3.5366,62,389
3731,718,3.2809,51,230
3732,89,0.3557,35,34
3733,258,1.0796,52,221
3734,618,2.8766,50,190
3735,1076,5.3262,59,1025
3736,1026,4.8732,56,769
3737,634,2.9374,51,224
3738,410,1.7966,52,170
3739,275,1.1345,46,121
3740,501,2.1793,65,319
3741,500,2.2877,56,287
3742,674,3.1354,72,656
3743,1448,7.1877,72,1216
3744,474,2.1167,56,201
3745,992,4.6041,68,326
3746,1150,5.44,60,128
3747,475,2.1871,51,219
3748,252,1.0637,74,139
3749,336,1.4183,47,328
3750,899,4.473,50,736
3751,564,2.6141,60,231
3752,277,1.2133,41,53
3753,950,4.536,69,69
3754,3990,21.0795,106,513
3755,487,2.4056,74,236
3756,2083,11.6979,57,937
3757,666,3.3797,49,43
3758,853,4.072,68,696
3759,557,2.7496,73,179
3760,2010,10.6716,72,1272
3761,1089,5.3391,71,297
3762,538,2.518,65,529
3763,602,2.8877,67,52
3764,47,0.1934,30,40
3765,418,2.0289,46,84
3766,1017,4.6833,71,224
3767,281,1.2725,50,228
3768,98,0.6475,56,83
3769,194,0.8832,39,191
3770,1295,6.4403,66,142
3771,538,2.3522,83,401
3772,850,4.3096,59,754
3773,512,2.363,57,278
3774,603,2.7529,54,128
3775,138,0.5911,50,118
3776,717,3.3041,75,701
3777,841,4.0515,65,427
3778,197,0.8381,53,102
3779,140,0.6134,46,90
3780,543,2.5687,52,532
3781,85,0.369,49,26
3782,68,0.2612,40,46
3783,539,2.5391,62,489
3784,1214,6.2584,65,962
3785,557,2.4588,87,212
3786,2931,15.4773,76,102
3787,65,0.2618,34,44
3788,452,1.9655,45,369
3789,2930,15.7296,76,102
3790,3190,16.7966,73,1304
3791,1818,9.2971,61,281
3792,147,0.5957,46,135
3793,1100,5.2758,61,155
3794,212,0.9012,59,139
3795,534,2.3094,57,279
3796,2241,11.6756,63,501
3797,67,0.2705,38,54
3798,991,4.6682,56,114
3799,541,2.4566,57,536
3800,297,1.2571,48,117
3801,2029,10.7955,72,1290
3802,1035,4.9889,71,297
3803,720,3.5617,73,291
3804,538,2.3209,64,515
3805,214,0.9021,54,55
3806,750,3.3128,71,543
3807,1355,6.7077,79,898
3808,751,3.7233,66,555
3809,764,3.5555,51,359
3810,326,1.4956,42,147
3811,1083,5.1735,48,1032
3812,469,2.2748,53,418
3813,386,1.6554,73,239
3814,405,1.9157,52,197
3815,512,2.2211,49,63
3816,1046,4.9808,71,297
3817,136,0.569,49,82
3818,993,4.6991,71,297
3819,585,2.8129,64,562
3820,889,4.4692,76,404
3821,1789,9.4916,66,1733
3822,644,3.0112,62,642
3823,416,1.7571,61,394
3824,130,0.5175,36,72
3825,570,2.4487,75,554
3826,279,1.1971,45,135
3827,978,4.5065,68,813
3828,250,1.0485,49,113
3829,154,0.6544,68,82
3830,529,2.2452,57,522
3831,1064,5.1727,59,538
3832,1293,6.3729,86,211
3833,1980,10.417,56,1089
3834,898,4.6792,71,532
3835,46,0.1927,36,34
3836,2737,14.3062,76,102
3837,3580,19.2102,63,3128
3838,914,4.7284,82,894
3839,202,0.8632,53,91
3840,63,0.283,35,24
3841,189,0.7945,39,187
3842,73,0.2836,41,69
3843,1367,6.804,64,138
3844,447,2.1926,52,141
3845,952,4.5554,71,86
3846,7906,42.1577,85,7227
3847,71,0.3305,36,58
3848,141,0.6307,48,117
3849,571,2.5816,75,555
3850,77,0.3169,42,69
3851,513,2.2126,54,380
3852,618,2.7012,61,523
3853,135,0.5455,38,114
3854,1965,9.957,56,1089
3855,1323,6.5288,65,1071
3856,1146,5.5525,58,1055
3857,3140,16.4652,76,102
3858,771,3.602,69,475
3859,90,0.4466,46,70
3860,109,0.4662,44,108
3861,555,2.4244,54,528
3862,2738,14.4243,76,102
3863,604,2.7809,61,385
3864,243,1.0101,46,214
3865,869,3.8875,71,771
3866,219,0.9369,47,40
3867,1560,8.0781,66,878
3868,1845,10.1701,61,281
3869,1265,6.4201,67,387
3870,732,3.427,73,699
3871,98,0.3854,38,62
3872,139,0.5474,50,109
3873,818,3.7158,55,725
3874,405,1.6941,73,240
3875,95,0.3772,47,51
3876,230,0.9602,45,222
3877,90,0.3566,42,53
3878,264,1.1542,42,241
3879,729,3.3603,73,300
3880,923,4.3583,62,754
3881,832,3.9157,69,493
3882,62,0.245,45,59
3883,123,0.5615,54,99
3884,814,3.7363,60,226
3885,957,4.9234,56,114
3886,649,2.8743,76,273
3887,152,0.6147,52,140
3888,782,3.4849,54,131
3889,363,1.5781,49,79
3890,490,2.142,50,432
3891,2173,11.3847,67,331
3892,573,2.5865,52,262
3893,551,2.357,50,455
3894,103,0.4822,41,84
3895,1149,5.403,58,44
3896,926,4.3521,63,312
3897,1542,7.711,76,273
3898,1345,7.0117,68,693
3899,861,4.2135,72,142
3900,966,4.7341,54,280
3901,459,1.9815,54,52
3902,125,0.5102,50,56
3903,214,0.8809,76,99
3904,1836,9.5371,79,280
3905,686,3.3239,52,262
3906,564,2.5096,73,503
3907,1919,9.9571,57,1192
3908,1548,8.386,68,1538
3909,1035,5.3635,72,739
3910,135,0.5376,52,88
3911,153,0.6213,45,111
3912,785,3.8283,55,414
3913,130,0.5796,48,123
3914,920,4.8659,63,393
3915,1944,10.0865,63,1631
3916,3735,19.7436,68,859
3917,150,0.6278,44,69
3918,251,1.0551,49,109
3919,1570,7.9832,78,923
3920,2075,11.0258,59,1463
3921,809,3.9959,69,470
3922,1497,7.5879,68,1487
3923,188,0.8028,53,104
3924,74,0.3164,35,40
3925,1622,8.283,87,843
3926,1966,10.0932,87,1153
3927,692,3.1438,60,524
3928,1316,6.3767,69,979
3929,181,0.7677,43,154
3930,60,0.2726,31,59
3931,846,3.9483,79,802
3932,282,1.1903,52,145
3933,943,4.4514,62,554
3934,1552,7.8022,79,933
3935,569,2.7739,59,217
3936,85,0.3413,37,72
3937,522,2.4225,54,98
3938,2142,10.9209,77,199
3939,1159,5.5936,63,785
3940,800,3.6561,69,470
3941,336,1.4216,49,53
3942,1169,5.6363,71,871
3943,474,2.0903,54,52
3944,467,2.0368,49,357
3945,961,4.7435,54,871
3946,1121,5.32,83,187
3947,117,0.5642,54,61
3948,318,1.3361,63,143
3949,2793,14.7286,87,1153
3950,123,0.5046,49,80
3951,1937,9.8694,57,1169
3952,1656,8.5502,87,843
3953,480,2.116,59,192
3954,870,4.2204,58,164
3955,57,0.2216,42,44
3956,1035,5.602,59,496
3957,99,0.4019,47,60
3958,1286,6.4708,64,281
3959,1052,5.1844,54,889
3960,1418,7.0474,69,1112
3961,4744,25.089,65,1280
3962,1276,6.7839,65,959
3963,1384,6.9249,72,1155
3964,974,4.7058,54,884
3965,1950,10.1335,63,1637
3966,115,0.5423,50,39
3967,107,0.4254,37,74
3968,374,1.6065,73,371
3969,854,4.0865,58,737
3970,315,1.3452,60,137
3971,2019,10.245,70,408
3972,136,0.5565,42,78
3973,715,3.183,68,209
3974,2461,12.8254,79,1916
3975,728,3.4178,50,54
3976,534,2.3532,72,305
3977,512,2.3959,54,262
3978,1152,5.6387,69,979
3979,2555,13.2877,68,555
3980,554,2.7246,57,158
3981,509,2.5198,42,396
3982,1226,5.7828,65,974
3983,983,4.6117,78,923
3984,732,3.5156,70,533
3985,1897,10.4139,77,1598
3986,138,0.6583,53,40
3987,944,4.4638,60,639
3988,479,2.0551,54,52
3989,463,2.0157,49,357
3990,70,0.2829,38,47
3991,58,0.2472,31,51
3992,943,4.5062,83,158
3993,783,3.6586,53,447
3994,606,2.9183,62,169
3995,1410,7.5143,74,1363
3996,582,2.5958,50,486
3997,129,0.5218,50,127
3998,2520,13.3879,74,726
3999,547,2.5132,46,423
4000,710,3.1362,73,281
4001,1632,8.2166,87,843
4002,54,0.2194,33,46
4003,2799,14.8349,87,1153
4004,2516,13.6283,68,555
4005,878,4.5637,64,646
4006,126,0.5716,61,49
4007,990,5.0213,76,644
4008,209,1.0524,45,64
4009,521,2.443,55,315
4010,568,2.9418,73,45
4011,597,2.7479,60,563
4012,3030,17.1453,65,1257
4013,2455,13.3843,67,1136
4014,912,4.4339,63,385
4015,800,3.8834,54,168
4016,1504,7.4977,87,881
4017,155,0.746,41,66
4018,1009,5.062,60,724
4019,187,0.833,50,166
4020,387,1.838,46,136
4021,366,1.7453,52,100
4022,1675,8.6959,79,280
4023,97,0.4641,53,76
4024,2036,10.833,64,1992
4025,865,4.7968,71,567
4026,205,0.8822,58,62
4027,2036,10.5787,64,1992
4028,1502,8.214,76,273
4029,2020,10.8261,64,1976
4030,890,4.3165,70,365
4031,361,1.625,73,358
4032,2037,10.4534,64,1993
4033,122,0.5675,49,65
4034,268,1.317,51,139
4035,104,0.416,47,97
4036,1181,6.0122,68,529
4037,450,2.3252,57,313
4038,1301,6.8898,65,1050
4039,1644,9.0553,63,229
4040,781,4.2802,54,131
4041,5131,27.3983,63,3624
4042,486,2.5253,54,52
4043,143,0.8016,44,113
4044,571,2.5607,62,561
4045,2307,12.5372,79,1916
4046,1261,6.6167,79,804
4047,972,5.3086,83,187
4048,309,1.5431,53,254
4049,95,0.3976,50,93
4050,188,0.8373,38,129
4051,1782,9.2808,56,1398
4052,708,3.51,55,507
4053,674,3.6203,52,262
4054,138,0.5792,44,96
4055,623,3.0093,60,589
4056,544,2.6625,46,67
4057,2459,12.8169,85,728
4058,942,4.7984,64,219
4059,2762,14.4898,68,79
4060,1872,9.7298,57,1169
4061,1857,10.1583,73,1305
4062,1554,8.3843,69,1248
4063,899,4.6138,85,293
4064,154,0.6661,57,152
4065,96,0.3764,54,77
4066,3579,19.052,63,3128
4067,280,1.4002,46,252
4068,122,0.5655,65,82
4069,1121,5.3619,69,784
4070,525,2.3541,52,315
4071,324,1.3788,56,78
4072,115,0.5906,37,101
4073,600,2.6578,58,257
4074,2396,12.4664,82,1553
4075,162,0.6757,46,141
4076,2021,10.8612,64,1977
4077,1134,6.1517,72,905
4078,215,0.9555,59,184
4079,736,3.94,59,366
4080,2020,11.0049,64,1976
4081,982,4.9531,78,923
4082,165,0.7319,46,148
4083,2017,10.5403,64,1973
4084,501,2.4248,51,53
4085,2083,11.1672,59,1463
4086,2797,15.0638,73,1445
4087,4733,25.2689,65,1280
4088,756,3.5157,53,251
4089,445,2.0621,60,416
4090,413,1.7603,66,277
4091,5116,27.1514,63,3602
4092,1499,8.0164,68,734
4093,4101,21.8851,63,4061
4094,5135,27.9184,63,3620
4095,1915,10.2431,63,1603
0,775,3.7819,58,208
1,89,0.4148,37,84
2,2719,14.4468,67,2022
3,1867,10.0989,57,1776
4,966,6.406,61,923
5,781,3.7383,67,151
6,344,1.5745,47,56
7,835,4.2646,58,88
8,2037,10.8152,74,1691
9,401,1.8255,57,258
10,2177,11.4971,245,577
11,447,2.0808,62,239
12,669,3.3367,55,572
13,280,1.2738,46,252
14,1877,9.9956,61,1696
15,524,2.7224,48,214
16,286,1.4769,49,213
17,341,1.5674,50,340
18,397,1.7867,57,245
19,636,2.974,49,172
20,1300,6.6902,69,1249
21,3322,18.0365,63,1433
22,466,2.1335,51,446
23,1156,5.9566,74,817
24,635,2.9401,60,192
25,1698,8.7964,63,283
26,1242,6.6507,63,1003
27,1482,8.0744,64,1439
28,520,2.4032,59,426
29,1191,5.9752,68,158
30,41,0.1804,22,38
31,1135,5.7972,64,284
32,1351,6.8818,71,693
33,157,0.7857,50,91
34,460,2.5261,49,83
35,487,2.221,46,71
36,546,2.5542,52,336
37,2347,12.1398,71,1833
38,352,1.6763,54,71
39,1978,10.7975,59,357
40,164,0.7795,39,136
41,653,3.2417,57,234
42,951,4.6566,58,394
43,884,4.1586,63,865
44,218,0.9592,46,113
45,1243,6.627,79,277
46,1577,8.0943,70,1108
47,1229,6.0968,60,485
48,148,0.8053,41,84
49,607,2.9706,48,250
50,2195,11.4123,63,397
51,379,1.7242,46,215
52,175,0.9372,50,138
53,996,4.7874,69,452
54,1449,7.854,69,91
55,747,4.3535,59,231
56,360,2.0604,49,126
57,544,3.1682,55,43
58,626,3.3843,55,82
59,1671,8.9978,66,1163
60,1008,5.1473,59,78
61,1631,8.5615,74,926
62,1337,7.0229,60,1075
63,1723,8.9996,56,1612
64,216,0.9252,58,130
65,500,2.4475,57,320
66,911,4.2437,68,904
67,356,1.7265,44,174
68,145,0.615,50,126
69,77,0.3818,41,69
70,41,0.1563,40,40
71,41,0.1647,35,39
72,610,3.0086,61,295
73,541,2.8411,52,517
74,913,4.342,55,235
75,2600,14.1013,75,1476
76,267,1.1728,60,189
77,253,1.1185,52,213
78,1470,7.5166,69,286
79,651,3.2918,44,402
80,526,2.5021,57,301
81,694,3.4651,67,409
82,12,0.0717,17,11
83,33,0.1592,33,30
84,529,2.6988,53,384
85,659,3.3387,64,314
86,2024,10.7596,62,92
87,88,0.4,37,85
88,4219,22.4999,69,3564
89,460,2.0499,52,119
90,144,0.5935,42,110
91,617,3.1707,75,326
92,145,0.7121,49,62
93,1896,10.0212,57,1169
94,643,3.3224,52,113
95,256,1.0879,61,218
96,1584,8.2513,74,494
97,638,3.255,77,296
98,1654,8.6506,80,133
99,723,3.5844,69,353
100,1070,5.6361,54,489
101,159,0.7974,44,54
102,1032,5.4519,61,668
103,391,1.9415,79,386
104,887,4.5969,58,426
105,155,0.8198,47,70
106,1694,9.2888,65,812
107,835,4.4483,61,305
108,556,2.8208,53,130
109,130,0.6867,55,75
110,1040,5.4512,56,641
111,352,1.7399,53,73
112,823,4.3631,69,493
113,179,0.8339,49,88
114,1577,8.3846,97,376
115,62,0.2672,39,60
116,30,0.1273,22,29
117,29,0.1203,30,22
118,12,0.0687,14,11
119,12,0.0629,14,11
120,620,3.4342,68,127
121,164,0.8265,63,141
122,132,0.6792,59,119
123,186,0.8903,55,121
124,186,0.8532,55,121
125,152,0.6718,40,141
126,152,0.8089,40,141
127,254,1.2495,53,67
128,254,1.1471,53,67
129,254,1.1387,53,67
130,266,1.1903,53,189
131,266,1.2244,53,189
132,64,0.2785,30,62
133,64,0.2815,30,62
134,105,0.5217,41,51
135,105,0.5005,41,51
136,106,0.4933,50,71
137,106,0.5614,50,71
138,137,0.7098,47,64
139,137,0.6484,47,64
140,258,1.2243,52,133
141,258,1.1704,52,133
142,378,1.8057,62,127
143,368,1.65,53,263
144,1877,9.8314,69,497
145,557,2.7468,45,312
146,288,1.5072,56,104
147,1602,8.5105,76,290
148,948,5.0398,54,646
149,549,3.0104,65,212
150,741,3.6008,56,664
151,110,0.504,43,87
152,12346,66.203,69,9422
153,178,0.9144,44,129
154,741,3.8298,57,91
155,2552,13.8131,61,657
156,3124,17.149,60,3090
157,1913,10.8548,70,921
158,2861,15.814,85,172
159,474,2.3511,59,324
160,1716,9.4705,59,536
161,2180,12.0867,65,1982
162,353,1.806,61,106
163,2463,13.0283,68,1575
164,458,2.3252,60,427
165,249,1.231,39,81
166,406,1.9022,53,267
167,366,1.6934,57,85
168,298,1.3661,43,130
169,370,1.6311,62,132
170,575,2.8631,51,509
171,324,1.5444,48,66
172,828,4.1607,62,116
173,542,2.6666,57,390
174,327,1.551,44,165
175,154,0.7491,45,145
176,477,2.2614,60,61
177,574,2.8391,44,571
178,3098,16.3558,65,470
179,643,3.449,62,570
180,298,1.4624,59,296
181,893,4.6492,58,888
182,454,2.3359,55,82
183,52,0.2749,34,48
184,417,2.0939,54,317
185,925,4.9545,58,247
186,64,0.2833,31,62
187,1202,6.2904,67,95
188,399,2.2067,65,349
189,417,2.2589,55,357
190,579,3.0934,61,345
191,205,1.0027,56,86
192,1048,5.6066,64,459
193,214,1.1652,40,125
194,209,1.035,46,63
195,399,2.0027,48,90
196,858,4.3888,73,423
197,885,4.598,64,397
198,332,1.6003,52,179
199,510,2.6327,62,277
200,256,1.3925,43,41
201,271,1.4699,51,250
202,494,2.4354,54,158
203,719,3.6524,54,238
204,406,2.1167,53,354
205,2060,10.8088,70,1282
206,319,1.5737,45,93
207,509,2.4868,55,507
208,276,1.37,52,82
209,258,1.4256,44,52
210,1116,5.8896,58,135
211,502,2.4944,54,457
212,152,0.8084,45,143
213,590,3.0628,70,341
214,477,2.2662,48,476
215,962,5.0571,65,793
216,463,2.3173,53,161
217,724,3.6043,58,53
218,508,2.5418,57,454
219,497,3.388,43,33
220,1193,6.1826,63,638
221,398,2.0553,50,265
222,488,2.3107,66,146
223,290,1.352,57,54
224,1103,5.7892,51,80
225,93,0.4022,43,51
226,245,1.3436,50,194
227,613,3.0244,54,539
228,504,2.2033,51,95
229,440,1.9517,53,67
230,395,2.0398,42,103
231,235,1.0847,49,55
232,121,0.4871,44,70
233,82,0.3382,46,79
234,26,0.1358,23,20
235,116,0.4817,47,112
236,253,1.1792,63,83
237,48,0.2349,36,44
238,488,2.4567,67,248
239,410,1.9423,62,325
240,219,1.0779,47,46
241,477,2.2084,43,152
242,461,2.0754,50,112
243,2732,14.5788,72,342
244,738,3.7905,59,587
245,536,2.6067,46,359
246,1303,6.587,69,1237
247,366,1.7884,52,278
248,427,2.021,49,354
249,439,2.141,49,298
250,473,2.2398,48,75
251,947,4.5922,74,206
252,513,2.3617,58,343
253,177,0.7162,44,90
254,414,1.9426,57,251
255,1028,5.2823,71,912
256,532,2.5081,59,175
257,367,1.831,50,363
258,534,2.7562,60,153
259,915,4.5607,54,83
260,154,0.775,47,51
261,441,2.3258,60,399
262,193,0.8784,51,84
263,785,3.6458,62,64
264,461,2.265,45,370
265,322,1.4574,56,163
266,208,0.9751,40,201
267,213,1.0072,48,73
268,444,1.9716,55,432
269,261,1.2282,54,87
270,317,1.4205,52,245
271,983,4.9153,61,52
272,238,1.0653,51,192
273,867,4.2978,67,69
274,510,2.4945,53,137
275,84,0.4639,47,50
276,308,1.3488,50,103
277,371,1.6287,54,241
278,543,2.3439,49,225
279,1572,8.1267,67,216
280,46,0.1989,38,36
281,589,3.012,70,447
282,425,2.0474,56,258
283,257,1.1004,56,90
284,362,1.7005,43,161
285,341,1.7195,47,328
286,88,0.4492,52,87
287,436,2.1484,47,400
288,582,2.6487,71,123
289,602,3.0887,63,305
290,339,1.423,49,317
291,393,1.7387,67,85
292,1098,5.6818,68,388
293,485,2.3214,60,140
294,969,4.5618,54,283
295,876,4.3495,49,708
296,103,0.5939,55,54
297,223,1.1057,42,106
298,1810,9.4931,75,459
299,90,0.4485,39,77
300,220,1.0834,47,19
301,187,0.8327,53,79
302,420,1.8077,46,221
303,636,3.0721,44,275
304,770,3.808,51,303
305,515,2.8521,52,94
306,1983,10.9477,70,1682
307,100,0.5358,43,41
308,157,0.7004,55,55
309,219,1.131,56,156
310,139,0.6746,50,105
311,71,0.3246,38,64
312,2225,11.9989,59,2092
313,97,0.4803,48,95
314,307,1.533,47,236
315,566,2.9387,60,359
316,257,1.2656,46,33
317,512,2.6458,48,237
318,229,1.1566,44,113
319,263,1.3228,43,207
320,1621,8.5224,80,1124
321,553,2.7473,57,95
322,225,1.0055,46,69
323,1354,7.1371,58,100
324,257,1.2894,42,88
325,124,0.5633,48,56
326,137,0.604,45,64
327,175,0.7663,52,86
328,187,0.8816,37,184
329,209,1.0696,50,64
330,214,1.1432,41,33
331,377,1.8054,39,144
332,377,1.7525,45,376
333,643,3.3376,49,641
334,718,3.9198,54,703
335,379,1.8698,63,240
336,411,2.0583,57,202
337,553,2.7206,66,411
338,131,0.5415,47,55
339,308,1.4733,58,121
340,75,0.3431,41,74
341,76,0.3372,47,75
342,440,2.1376,50,203
343,443,2.2613,54,46
344,342,1.6155,43,341
345,1888,10.2955,59,167
346,658,3.5055,74,380
347,41,0.2122,46,40
348,135,0.5996,51,87
349,193,0.9271,48,57
350,1427,7.4489,61,1355
351,106,0.5413,36,53
352,522,2.5848,59,454
353,257,1.2252,52,61
354,384,2.0749,57,230
355,511,2.4943,68,138
356,436,2.2961,51,241
357,759,3.8519,73,697
358,680,3.4765,61,301
359,207,1.0474,61,137
360,463,2.269,56,267
361,114,0.5338,42,46
362,577,2.9111,61,94
363,263,1.3505,48,118
364,56,0.2507,63,53
365,1963,10.5919,58,1599
366,698,3.6673,59,532
367,446,1.9154,66,296
368,2225,11.9983,57,2018
369,374,1.9547,54,221
370,614,2.9355,61,231
371,377,1.6292,51,90
372,451,2.0026,55,357
373,450,2.3337,55,357
374,451,1.9351,55,357
375,463,2.1909,64,368
376,421,1.9166,43,389
377,156,0.6355,42,76
378,340,1.623,51,196
379,650,2.8824,67,173
380,285,1.196,50,103
381,307,1.6162,69,52
382,173,0.7302,51,79
383,116,0.5328,51,48
384,174,0.7698,59,101
385,127,0.5732,42,115
386,113,0.521,50,72
387,113,0.5501,51,50
388,578,2.7907,70,220
389,568,2.8717,75,225
390,575,3.1247,80,219
391,2704,14.7113,81,2198
392,503,2.566,63,501
393,333,1.6152,53,256
394,333,1.4717,53,256
395,587,2.7262,82,140
396,1225,6.2023,70,768
397,434,1.959,58,146
398,357,1.6294,48,165
399,531,2.4517,52,503
400,722,3.9131,51,598
401,164,0.6926,56,137
402,589,3.0529,66,161
403,362,1.8425,49,75
404,366,1.5571,69,286
405,391,1.6798,57,111
406,382,1.8113,52,216
407,1162,5.7898,57,561
408,1780,9.1704,68,852
409,495,2.2044,59,460
410,846,3.9813,55,516
411,545,2.5082,52,63
412,57,0.2778,42,28
413,337,1.4515,45,109
414,236,1.0692,41,234
415,379,1.7007,51,52
416,1177,5.6341,52,1106
417,656,3.1561,59,466
418,113,0.5379,47,88
419,787,3.727,78,301
420,185,0.7876,40,54
421,190,0.7851,48,115
422,464,2.3156,46,141
423,247,1.0632,43,230
424,455,1.983,46,452
425,154,0.6296,41,50
426,623,2.9832,59,613
427,1098,5.416,54,935
428,942,4.7283,64,219
429,142,0.6845,48,84
430,142,0.6834,44,72
431,662,3.3453,57,294
432,418,1.9889,73,306
433,495,2.1194,73,272
434,428,1.9125,50,192
435,450,2.3208,62,295
436,428,2.0144,74,171
437,494,2.3047,58,195
438,354,1.5619,60,254
439,253,1.2546,58,122
440,402,1.8605,59,330
441,2145,11.6446,82,2136
442,568,2.924,65,453
443,285,1.2122,59,130
444,469,2.3256,75,382
445,258,1.3314,56,190
446,487,2.5503,58,147
447,576,2.6034,57,219
448,542,2.6101,57,254
449,91,0.3666,36,49
450,764,3.8237,35,72
451,88,0.4358,40,48
452,419,2.0387,76,298
453,2147,11.5213,69,922
454,834,4.5086,66,683
455,202,0.8356,51,81
456,346,1.472,61,131
457,688,3.3515,54,269
458,636,3.0487,80,368
459,2176,11.4845,79,769
460,351,1.611,53,77
461,265,1.1198,45,41
462,91,0.3631,45,54
463,1336,6.8221,60,183
464,489,2.4484,46,180
465,854,4.3944,65,523
466,348,1.6211,51,213
467,491,2.2447,57,144
468,653,3.1736,53,448
469,1502,7.8121,65,1424
470,430,2.0505,62,380
471,141,0.6536,43,94
472,377,1.8278,45,376
473,377,1.8885,39,144
474,1789,9.5076,63,930
475,634,3.1328,54,172
476,652,3.2719,47,644
477,740,3.8713,66,346
478,711,4.084,67,163
479,142,0.6187,46,50
480,283,1.2534,58,153
481,429,2.057,48,235
482,884,4.6498,71,494
483,847,4.3874,64,577
484,198,0.9096,84,117
485,315,1.6897,56,202
486,1092,5.7624,64,914
487,44,0.221,34,21
488,817,4.3123,50,759
489,790,3.8719,50,732
490,773,3.9584,51,595
491,1316,6.9685,55,465
492,1397,7.3856,55,352
493,1071,5.6423,68,1039
494,964,4.9575,80,880
495,354,1.6865,52,265
496,183,0.8165,52,87
497,676,3.4141,49,71
498,558,2.7469,47,53
499,525,2.6374,49,203
500,280,1.3362,52,279
501,303,1.3926,58,213
502,1334,6.9061,65,82
503,115,0.5737,45,59
504,648,3.4055,63,466
505,1413,7.4063,74,445
506,845,4.3035,50,843
507,153,0.6868,43,106
508,179,0.7713,41,163
509,187,0.7787,53,180
510,180,0.794,44,135
511,1096,5.5425,74,545
512,169,0.7188,45,53
513,605,2.9568,67,124
514,2555,13.5787,65,2063
515,2416,13.145,56,650
516,464,2.0514,78,97
517,543,2.6853,57,178
518,1266,6.5108,59,388
519,393,1.8738,56,131
520,1042,5.2822,50,166
521,701,3.578,58,312
522,740,3.8679,52,390
523,364,1.7513,54,219
524,2039,11.0931,71,1818
525,338,1.7171,60,170
526,1047,5.5129,69,253
527,600,2.9915,72,302
528,185,0.7892,44,181
529,185,0.8185,48,108
530,888,4.4513,72,400
531,511,2.4642,68,59
532,921,4.6183,62,482
533,492,2.4677,52,327
534,64,0.2709,43,48
535,501,2.4455,54,71
536,1640,8.6929,58,760
537,509,2.6028,61,435
538,1000,5.0348,65,528
539,1448,7.6581,68,1110
540,157,0.7114,44,91
541,334,1.576,49,312
542,374,1.7451,63,128
543,365,1.7976,46,154
544,238,1.1425,47,98
545,870,5.2881,62,243
546,353,1.8554,38,350
547,428,2.2669,69,91
548,731,3.8354,73,302
549,544,2.7169,62,138
550,747,3.7698,62,613
551,355,1.7818,46,336
552,806,4.1893,93,557
553,53,0.3325,40,52
554,557,2.8447,62,77
555,783,3.9997,50,777
556,1463,8.2153,58,122
557,2030,10.7213,53,1373
558,377,1.886,49,114
559,216,1.0138,52,209
560,355,1.691,44,90
561,584,2.8922,68,193
562,484,2.4852,58,169
563,449,2.4388,65,335
564,273,1.4577,47,93
565,976,5.1353,52,92
566,453,2.4171,52,244
567,507,2.5883,49,381
568,577,2.9636,52,370
569,1200,6.4119,62,1017
570,1356,7.0665,62,1173
571,132,0.629,44,90
572,183,0.7769,50,101
573,644,3.1186,62,642
574,703,3.4369,53,43
575,261,1.2366,38,245
576,986,5.0216,67,817
577,572,2.8428,55,435
578,499,2.4258,56,381
579,265,1.2489,46,83
580,925,4.6875,46,77
581,129,0.5857,35,72
582,453,2.2797,52,374
583,667,3.4698,53,486
584,1326,6.8339,60,192
585,545,2.7965,49,135
586,1405,7.4469,56,705
587,1209,6.3534,67,893
588,951,4.9984,67,893
589,1591,8.428,69,1321
590,626,3.349,52,139
591,290,1.3262,61,96
592,515,2.608,60,459
593,223,1.0799,62,80
594,580,2.9666,55,158
595,924,5.9476,60,668
596,511,2.7236,62,107
597,505,2.5319,61,477
598,498,2.4478,60,148
599,153,0.8271,63,71
600,3414,18.827,80,1816
601,200,1.1644,45,138
602,1287,6.9941,64,478
603,582,3.3436,57,303
604,844,4.4049,64,821
605,313,1.6341,54,215
606,118,0.5751,47,62
607,447,2.384,46,132
608,573,3.2858,56,468
609,175,1.2614,32,130
610,97,0.5125,42,46
611,379,1.855,57,333
612,265,1.2799,64,95
613,402,2.0586,49,124
614,720,3.5187,60,66
615,1276,6.5887,58,1110
616,355,1.7305,62,99
617,398,1.7584,61,394
618,1398,7.4495,61,919
619,318,1.6886,52,83
620,437,2.2271,53,203
621,648,3.2504,51,265
622,328,1.5643,83,242
623,1130,5.8878,51,523
624,830,4.1347,71,440
625,509,2.3169,53,93
626,1251,6.3887,67,551
627,354,1.7941,68,161
628,511,2.3153,45,37
629,314,1.5218,58,115
630,425,2.0076,60,155
631,1303,6.7104,73,434
632,136,0.6713,44,61
633,141,0.7462,49,126
634,356,1.722,55,172
635,380,1.7007,47,206
636,356,1.7737,49,337
637,386,1.8593,56,226
638,511,2.5433,55,268
639,210,0.9801,39,57
640,531,2.4933,58,225
641,400,1.8581,47,124
642,370,1.728,59,112
643,701,3.6358,62,59
644,1384,7.3767,72,1155
645,480,2.362,53,252
646,3727,19.6132,73,70
647,565,2.9927,74,117
648,635,3.187,57,465
649,315,1.5348,75,52
650,1595,8.3785,98,1017
651,800,4.2456,58,537
652,475,2.3857,75,51
653,756,3.8889,69,386
654,58,0.3426,39,46
655,143,0.7343,48,87
656,298,1.4298,51,80
657,356,1.7954,70,102
658,955,4.9586,78,338
659,602,3.0085,61,466
660,1326,6.8083,79,1187
661,325,1.8085,51,52
662,322,1.583,46,208
663,195,0.9643,47,177
664,91,0.4512,47,90
665,1021,5.2221,53,164
666,417,2.0218,67,307
667,443,2.1595,59,440
668,250,1.1279,58,78
669,660,3.272,73,72
670,724,3.6916,68,291
671,383,2.0337,56,89
672,543,2.6519,76,163
673,463,2.1607,60,318
674,692,3.4554,61,355
675,511,2.5786,59,351
676,897,4.5608,57,83
677,333,1.5718,79,103
678,991,5.2027,53,533
679,139,0.6729,38,108
680,112,0.5046,46,104
681,200,0.8812,50,147
682,550,2.7222,74,272
683,460,2.2558,48,459
684,1186,6.0798,60,1086
685,476,2.3139,53,152
686,160,0.8232,53,117
687,84,0.3825,45,76
688,84,0.3721,49,54
689,298,1.3788,45,220
690,315,1.5492,47,306
691,354,1.8141,45,207
692,697,3.4174,75,346
693,806,4.1171,64,515
694,847,4.2954,63,98
695,310,1.5342,48,296
696,371,1.8543,64,175
697,426,2.0641,60,418
698,127,0.5562,40,109
699,569,2.7099,78,76
700,393,1.9281,58,91
701,108,0.5194,56,70
702,1505,8.152,61,750
703,277,1.346,41,53
704,397,1.895,48,339
705,107,0.557,55,58
706,1294,6.8108,64,1219
707,228,1.1021,52,192
708,268,1.246,42,189
709,697,3.4531,61,305
710,607,3.0124,77,418
711,152,0.8376,52,140
712,458,2.2103,52,41
713,607,2.9387,58,410
714,1027,5.2992,67,216
715,181,0.9521,53,111
716,495,2.3531,45,491
717,520,2.4209,49,475
718,1138,5.9069,50,1132
719,548,2.6841,56,547
720,1369,7.2998,76,1142
721,221,1.0602,43,58
722,1639,8.5211,60,355
723,1319,7.2041,71,585
724,350,1.7908,50,325
725,1068,5.9054,62,543
726,402,2.1757,62,303
727,1534,8.3495,85,269
728,2516,13.4169,65,967
729,127,0.7112,35,89
730,148,0.7368,45,103
731,465,2.4957,55,75
732,471,2.0838,54,307
733,766,3.5506,59,616
734,1003,5.4552,70,271
735,1270,6.4239,75,938
736,391,1.7114,66,127
737,1489,7.6256,64,1202
738,173,0.825,78,54
739,339,1.5683,64,73
740,341,1.6012,44,122
741,1597,8.3902,61,35
742,377,1.8419,88,329
743,688,3.2619,57,110
744,456,2.2194,48,353
745,1595,8.0502,68,827
746,878,4.1717,59,805
747,363,1.8093,55,337
748,123,0.6892,53,98
749,189,0.8048,48,73
750,160,0.7057,57,69
751,680,3.3742,64,354
752,595,2.7244,70,581
753,1055,4.9946,74,598
754,3006,16.2004,69,713
755,835,4.133,66,499
756,618,3.0784,60,85
757,353,1.6117,53,184
758,1005,4.7534,62,377
759,297,1.2831,49,237
760,1715,8.842,63,1242
761,533,2.5092,72,443
762,316,1.6324,45,256
763,249,1.0847,41,92
764,249,1.0932,48,242
765,846,3.9485,77,767
766,407,1.9103,65,271
767,755,3.6187,60,328
768,591,2.9281,69,583
769,248,1.3647,39,194
770,142,0.7602,48,78
771,1704,8.959,79,280
772,470,2.1169,53,152
773,467,2.3139,73,232
774,1679,9.1887,50,538
775,443,1.9594,64,413
776,517,2.6529,63,376
777,491,2.4935,61,159
778,519,2.3261,60,128
779,476,2.2258,75,204
780,347,1.4927,48,273
781,642,3.1984,53,150
782,657,3.1725,53,54
783,687,3.2246,52,503
784,2839,14.8566,62,2598
785,441,1.9426,59,183
786,973,4.6225,72,72
787,1102,5.4993,57,656
788,1680,8.7693,63,912
789,505,2.7857,65,445
790,520,2.3369,71,63
791,971,4.5253,61,169
792,268,1.1451,48,39
793,783,3.8651,67,478
794,602,2.6845,65,151
795,499,2.3228,59,411
796,488,2.3897,63,206
797,491,2.2728,49,372
798,935,4.4638,57,386
799,509,2.3913,93,415
800,373,1.8072,53,119
801,272,1.35,48,117
802,323,1.4685,57,77
803,452,2.4011,67,139
804,253,1.0898,41,187
805,369,1.6139,47,47
806,419,2.4122,56,312
807,406,1.7481,51,49
808,214,0.9122,49,71
809,701,3.7556,50,380
810,715,3.7594,64,245
811,2249,12.0368,73,1796
812,373,1.8787,59,326
813,1028,5.3297,83,500
814,513,2.5589,46,511
815,507,2.8002,54,473
816,1027,5.3488,71,825
817,5148,27.2107,62,189
818,879,4.5527,67,220
819,874,4.427,68,825
820,1062,5.4353,62,92
821,254,1.1185,58,67
822,257,1.1232,50,188
823,228,1.0958,47,165
824,152,0.6646,58,129
825,918,5.4042,49,663
826,553,3.1044,48,303
827,880,4.5491,52,846
828,641,2.9958,64,150
829,1355,7.1689,61,1193
830,2132,11.2303,56,1503
831,183,1.0021,57,68
832,987,4.7547,58,194
833,1602,8.3958,72,1056
834,1302,6.7202,62,1128
835,995,5.1165,50,890
836,1991,10.3834,57,1961
837,592,3.0559,44,369
838,270,1.3236,53,92
839,93,0.4647,45,36
840,65,0.2918,52,39
841,204,0.9602,52,97
842,500,2.2077,53,64
843,265,1.3418,49,115
844,130,0.6126,48,123
845,213,0.9578,56,209
846,141,0.6373,54,88
847,141,0.6123,41,86
848,143,0.8599,45,93
849,173,0.7585,41,110
850,188,1.122,51,180
851,4640,25.0121,55,2748
852,71,0.3792,36,66
853,271,1.241,56,96
854,157,0.7548,42,153
855,602,2.7862,55,368
856,309,1.4999,54,81
857,449,2.024,56,365
858,548,2.602,71,388
859,610,2.7262,54,419
860,1590,8.2502,64,150
861,1366,6.8236,73,142
862,113,0.6157,56,70
863,147,0.7756,62,133
864,58,0.3055,36,31
865,235,1.1558,44,126
866,236,0.9967,49,92
867,409,1.8233,56,152
868,377,1.845,54,303
869,662,3.1841,48,201
870,175,0.8523,42,98
871,377,1.667,55,308
872,540,2.6104,64,115
873,670,3.1934,63,431
874,785,3.8016,68,355
875,549,2.5838,65,425
876,354,1.6484,53,216
877,541,2.4707,68,442
878,193,0.8447,53,68
879,192,0.8214,43,68
880,304,1.6484,72,270
881,731,3.7093,61,463
882,391,1.9326,59,168
883,540,2.715,73,105
884,1107,5.6165,66,281
885,395,1.7365,49,234
886,394,1.8874,46,82
887,385,1.7568,56,82
888,181,0.895,46,124
889,176,0.8299,46,131
890,262,1.2032,47,181
891,250,1.128,52,46
892,311,1.3239,53,149
893,551,2.6492,62,388
894,717,3.3964,73,46
895,150,0.6748,56,51
896,178,0.8422,46,89
897,153,0.7556,53,133
898,219,1.0017,44,64
899,342,1.7014,53,340
900,313,1.3383,51,129
901,482,2.2199,47,158
902,512,2.2378,54,262
903,385,1.8329,56,68
904,278,1.4143,46,276
905,71,0.3769,44,49
906,456,2.3362,65,249
907,761,3.6391,53,41
908,362,1.6631,49,327
909,458,2.017,53,150
910,263,1.2053,53,204
911,263,1.1898,57,235
912,281,1.2104,49,77
913,87,0.3426,33,29
914,814,3.9543,60,226
915,892,4.2528,63,211
916,550,2.4063,63,211
917,1380,7.0393,79,1256
918,296,1.3212,68,162
919,191,0.9452,66,184
920,598,2.6432,68,270
921,175,0.8029,42,174
922,1407,7.0752,52,1014
923,1260,6.2252,57,319
924,918,4.5689,49,172
925,217,0.9503,67,145
926,965,5.0886,58,525
927,863,4.0296,75,100
928,149,0.6133,36,101
929,667,3.2934,51,67
930,225,0.9638,50,104
931,400,2.1134,57,99
932,377,1.5978,56,311
933,399,1.768,54,362
934,377,1.616,46,138
935,636,2.7891,57,168
936,579,2.8334,67,505
937,185,0.7664,48,58
938,272,1.1687,46,74
939,380,1.6779,51,330
940,746,3.433,50,429
941,509,2.2319,59,196
942,1067,5.2489,62,1041
943,785,3.9553,57,448
944,922,4.332,60,893
945,108,0.4963,40,80
946,155,0.6527,41,66
947,156,0.656,42,105
948,156,0.7599,48,105
949,437,1.8012,84,283
950,193,0.7912,58,138
951,131,0.5197,49,101
952,141,0.5683,41,106
953,109,0.4296,42,70
954,1164,5.7124,68,1156
955,171,0.7671,52,120
956,623,2.9817,60,589
957,328,1.4066,57,213
958,331,1.3976,56,155
959,193,0.8686,53,68
960,202,0.8737,49,197
961,118,0.469,53,49
962,813,3.8495,56,544
963,394,1.9759,56,78
964,194,0.7901,54,119
965,325,1.3719,47,116
966,260,1.0991,56,67
967,440,1.9321,54,158
968,615,2.8834,55,432
969,277,1.2553,49,207
970,214,0.902,50,97
971,545,2.547,48,318
972,327,1.7928,58,113
973,1092,5.2694,61,1031
974,295,1.3402,50,235
975,357,1.6858,46,182
976,169,0.8304,44,60
977,396,1.8975,66,394
978,453,2.1054,52,444
979,422,1.8625,65,271
980,386,1.6009,70,368
981,313,1.3154,50,178
982,1125,5.4463,60,655
983,1399,7.3399,66,315
984,148,0.6837,50,121
985,360,1.5697,49,77
986,149,0.6469,56,106
987,597,3.0025,57,491
988,400,1.6886,64,124
989,519,2.3034,62,443
990,116,0.4798,44,114
991,909,4.2529,85,704
992,888,4.3382,54,367
993,833,4.1586,80,391
994,705,3.1313,63,490
995,607,2.7249,53,431
996,145,0.6116,49,102
997,705,3.1721,64,79
998,1074,5.2952,72,122
999,197,0.8925,75,92
1000,197,0.8236,49,102
1001,161,0.6298,61,155
1002,493,2.1231,53,273
1003,336,1.4675,62,304
1004,774,3.6284,66,756
1005,1040,4.9916,79,90
1006,513,2.273,53,181
1007,191,0.7915,44,179
1008,300,1.2953,45,206
1009,719,3.3066,71,456
1010,2130,10.9722,67,288
1011,624,3.2526,69,619
1012,437,1.8994,49,324
1013,1352,6.6111,84,526
1014,2886,15.273,63,146
1015,623,3.2361,56,250
1016,559,2.9276,43,154
1017,789,3.8123,57,566
1018,541,2.4115,63,315
1019,1265,6.9134,70,1066
1020,523,2.6036,48,151
1021,654,2.9385,62,402
1022,577,2.6124,56,405
1023,233,0.9698,56,82
1024,200,0.8559,52,94
1025,154,0.6137,51,152
1026,367,1.5512,52,142
1027,107,0.4302,42,61
1028,253,1.3167,51,161
1029,332,1.4132,42,58
1030,508,2.1589,53,121
1031,377,1.789,45,376
1032,668,3.1706,48,128
1033,93,0.3712,41,80
1034,270,1.127,51,264
1035,211,0.9444,57,145
1036,149,0.6673,43,62
1037,151,0.6099,44,54
1038,155,0.6273,44,154
1039,176,0.7475,39,61
1040,144,0.6217,34,104
1041,694,3.3991,61,606
1042,610,2.7789,58,194
1043,753,3.3191,51,466
1044,519,2.2495,66,92
1045,167,0.7097,45,52
1046,250,1.0692,62,150
1047,148,0.6131,37,102
1048,1093,5.5339,54,71
1049,420,1.8581,53,384
1050,584,2.669,58,432
1051,255,1.1138,52,128
1052,1035,4.8531,59,692
1053,416,1.9612,65,312
1054,338,1.4575,44,223
1055,563,2.785,55,506
1056,358,1.6074,51,266
1057,257,1.1062,39,220
1058,497,2.1873,46,52
1059,227,0.952,42,67
1060,147,0.5801,39,142
1061,1321,6.5088,60,914
1062,401,2.0779,52,98
1063,710,3.3793,67,93
1064,397,1.9678,67,282
1065,1127,5.5138,57,82
1066,2779,14.6084,68,79
1067,121,0.5484,47,91
1068,269,1.1999,46,85
1069,167,0.6883,49,81
1070,196,0.7939,51,195
1071,698,3.3418,71,544
1072,448,1.9539,54,261
1073,385,1.6221,48,298
1074,246,1.2668,48,85
1075,121,0.4903,43,105
1076,410,1.731,65,108
1077,576,2.5164,48,328
1078,409,1.8356,50,162
1079,395,1.856,59,55
1080,384,1.8013,67,52
1081,390,1.722,53,370
1082,379,1.6392,62,54
1083,392,1.8318,48,167
1084,373,1.7857,54,141
1085,382,1.6702,46,191
1086,382,1.6934,56,128
1087,372,1.6375,45,311
1088,370,1.6238,43,248
1089,415,1.9074,47,184
1090,396,1.7402,48,145
1091,391,1.6781,45,124
1092,183,0.756,50,124
1093,101,0.3888,36,96
1094,154,0.6355,58,50
1095,80,0.3451,50,63
1096,447,1.8872,45,98
1097,150,0.7586,55,99
1098,140,0.5942,48,113
1099,55,0.2191,35,53
1100,495,2.2773,59,460
1101,161,0.6437,50,97
1102,378,1.6663,49,77
1103,398,1.9993,50,100
1104,398,1.6523,59,95
1105,403,1.6978,54,206
1106,380,1.8277,54,216
1107,399,1.7499,57,211
1108,379,1.647,57,247
1109,380,1.7933,49,249
1110,385,1.6854,51,192
1111,377,1.5615,50,199
1112,404,1.8247,67,64
1113,382,1.6976,46,220
1114,386,1.7205,56,190
1115,413,1.8818,48,206
1116,398,1.8909,49,165
1117,262,1.1446,46,178
1118,188,0.8517,43,186
1119,1014,4.9718,62,947
1120,93,0.4225,36,74
1121,72,0.2958,65,56
1122,43,0.1817,27,42
1123,46,0.1792,43,43
1124,504,2.193,62,492
1125,522,2.2959,66,467
1126,539,2.369,54,483
1127,208,1.019,61,109
1128,156,0.6355,41,48
1129,165,0.6725,37,154
1130,643,2.7885,49,641
1131,418,1.8339,46,214
1132,407,1.7812,51,368
1133,411,1.8297,51,400
1134,394,1.8376,46,224
1135,386,1.7655,61,194
1136,426,1.7596,53,289
1137,571,2.6715,50,468
1138,792,3.6292,56,533
1139,347,1.5609,45,90
1140,672,3.1947,64,67
1141,357,1.5547,45,279
1142,502,2.1976,63,409
1143,829,3.727,70,613
1144,567,2.5634,48,282
1145,394,1.7569,56,300
1146,533,2.333,46,511
1147,489,2.1159,49,359
1148,375,1.5229,58,49
1149,457,2.0024,56,195
1150,407,1.7433,52,138
1151,420,1.8123,65,320
1152,452,2.1608,57,394
1153,470,2.2508,56,39
1154,572,2.4632,66,342
1155,449,2.1949,61,123
1156,524,2.3336,50,148
1157,605,2.7553,53,489
1158,47,0.1878,26,41
1159,390,1.8616,60,147
1160,377,1.587,45,376
1161,141,0.5989,54,86
1162,109,0.5434,34,58
1163,104,0.4131,58,36
1164,125,0.4818,40,25
1165,387,1.7889,55,368
1166,388,1.702,56,51
1167,54,0.2176,34,52
1168,273,1.1425,51,168
1169,2062,10.5323,70,621
1170,2073,10.9151,75,472
1171,414,2.0699,54,335
1172,487,2.5954,62,407
1173,253,1.0661,40,246
1174,1852,9.5204,58,1778
1175,383,1.897,43,204
1176,1375,6.8859,62,772
1177,162,0.7369,52,81
1178,744,3.4836,56,30
1179,1037,4.902,73,743
1180,977,4.7241,62,494
1181,1643,8.5736,50,733
1182,340,1.7133,45,339
1183,941,4.6655,60,712
1184,1014,5.1087,60,960
1185,740,3.5786,56,53
1186,408,2.0268,52,375
1187,348,1.511,48,82
1188,597,2.7083,57,305
1189,752,3.5929,70,745
1190,218,0.9105,51,157
1191,263,1.1145,40,93
1192,322,1.3501,52,132
1193,281,1.1966,58,83
1194,373,1.6279,49,291
1195,2225,11.5396,73,2002
1196,668,3.3008,63,121
1197,2617,14.0278,64,1593
1198,1985,10.228,72,1887
1199,531,2.8526,51,418
1200,3713,19.622,65,567
1201,1303,7.0013,64,787
1202,218,0.9335,47,135
1203,298,1.4093,75,88
1204,1303,6.3751,53,1098
1205,445,2.0395,53,211
1206,2292,11.9322,58,2144
1207,225,0.9615,50,93
1208,196,0.8639,58,182
1209,206,0.8465,51,143
1210,174,0.7196,43,172
1211,235,1.0573,49,71
1212,728,3.22,79,307
1213,1212,5.8494,69,951
1214,691,3.73,54,100
1215,607,2.985,62,135
1216,494,2.287,45,386
1217,64,0.2545,45,36
1218,75,0.3086,48,39
1219,56,0.2243,48,50
1220,73,0.292,53,57
1221,683,3.1133,59,77
1222,570,2.758,52,413
1223,733,3.628,72,235
1224,1254,6.2771,56,976
1225,1175,5.8675,70,1148
1226,1078,5.1036,79,755
1227,366,1.6089,70,320
1228,457,1.9768,64,89
1229,145,0.6257,86,117
1230,450,2.1851,74,294
1231,1157,5.5841,62,957
1232,404,1.8061,49,388
1233,799,3.5563,55,419
1234,865,3.9569,61,372
1235,472,2.0209,68,420
1236,472,2.2832,49,272
1237,501,2.2259,55,144
1238,427,1.9145,49,219
1239,769,3.4764,51,122
1240,1089,5.6794,60,211
1241,152,0.7025,44,27
1242,516,2.7171,72,303
1243,622,3.0723,57,93
1244,992,4.7658,59,696
1245,1201,6.0708,67,722
1246,250,1.1825,55,205
1247,701,3.3309,84,132
1248,1694,8.5735,70,1118
1249,310,1.3832,58,97
1250,682,3.0727,55,113
1251,1478,7.3726,66,791
1252,465,2.4334,56,322
1253,1030,4.8483,54,858
1254,430,2.1967,71,153
1255,809,3.6736,56,158
1256,767,3.4802,67,128
1257,788,3.799,80,479
1258,400,1.7436,54,224
1259,724,3.3088,59,560
1260,303,1.3398,58,213
1261,502,2.1334,57,197
1262,848,4.1153,52,797
1263,113,0.4755,40,98
1264,506,2.4441,40,150
1265,200,0.855,55,129
1266,578,2.4766,60,471
1267,462,1.9705,50,461
1268,409,1.7342,52,74
1269,120,0.5821,40,98
1270,247,1.0332,60,236
1271,185,0.7684,55,118
1272,112,0.5714,53,71
1273,677,3.0801,44,479
1274,538,2.3216,54,447
1275,799,3.6581,49,181
1276,598,2.5905,55,597
1277,730,3.3701,60,173
1278,1428,7.437,65,1307
1279,1164,5.908,52,673
1280,522,2.6247,49,231
1281,98,0.4242,47,55
1282,212,0.9545,45,208
1283,765,3.46,55,298
1284,345,1.5224,53,254
1285,582,2.7308,64,324
1286,141,0.5878,54,86
1287,497,2.332,57,394
1288,268,1.2143,48,160
1289,959,4.3349,67,183
1290,1458,7.1805,68,792
1291,1053,5.3627,52,397
1292,1549,8.2183,62,293
1293,451,2.1283,45,83
1294,819,4.0882,57,145
1295,691,3.3567,61,257
1296,82,0.3231,36,81
1297,1332,6.9035,73,1131
1298,156,0.715,46,70
1299,835,4.2323,63,634
1300,2017,12.6889,64,1973
1301,1040,5.3542,63,517
1302,675,3.1797,71,359
1303,534,2.3571,53,83
1304,722,3.3387,54,314
1305,1455,7.1711,58,1423
1306,161,0.7249,44,107
1307,1855,9.3707,72,344
1308,710,3.3239,61,555
1309,1373,6.8767,76,273
1310,616,3.2887,57,517
1311,829,3.7889,64,384
1312,430,2.0153,52,317
1313,142,0.6983,40,141
1314,136,0.5419,64,97
1315,1000,4.6487,61,72
1316,218,1.0531,57,133
1317,632,2.7558,55,409
1318,1179,5.648,79,607
1319,1012,5.0118,53,333
1320,1036,4.8325,51,574
1321,67,0.2852,40,57
1322,293,1.3276,46,95
1323,739,3.3057,59,485
1324,889,4.3313,61,677
1325,453,2.1745,49,211
1326,675,3.2106,59,171
1327,906,4.6217,65,698
1328,1257,6.0216,49,96
1329,1039,4.9345,60,958
1330,214,0.9886,47,57
1331,214,0.935,47,148
1332,310,1.3323,49,242
1333,324,1.5644,47,61
1334,181,0.7704,67,137
1335,263,1.1244,57,242
1336,962,4.4115,52,483
1337,399,1.7885,52,149
1338,411,2.0249,74,180
1339,627,2.9287,68,103
1340,90,0.3701,39,77
1341,916,4.2017,52,302
1342,1023,5.4128,60,273
1343,1060,5.2417,65,494
1344,335,1.6481,50,77
1345,579,2.749,49,193
1346,371,1.5978,49,340
1347,402,1.8787,60,240
1348,602,2.9751,60,348
1349,724,3.3479,65,150
1350,940,4.6682,53,478
1351,762,3.8847,57,534
1352,75,0.3035,30,74
1353,77,0.3021,54,66
1354,227,1.1312,51,174
1355,326,1.444,55,56
1356,1508,7.6633,75,1406
1357,619,3.1794,59,247
1358,461,2.0155,46,389
1359,905,4.7539,72,275
1360,250,1.0882,53,82
1361,640,3.1584,54,376
1362,577,2.8635,70,222
1363,680,3.0158,47,523
1364,229,1.0597,44,60
1365,209,1.0069,46,55
1366,191,0.7978,47,165
1367,881,4.0995,79,307
1368,229,1.3168,55,224
1369,476,1.9876,55,126
1370,899,4.2188,49,786
1371,851,4.0406,67,706
1372,1263,6.176,90,454
1373,171,0.7669,53,120
1374,597,2.7649,59,447
1375,355,1.6582,59,52
1376,664,2.8878,58,224
1377,1147,5.7565,52,322
1378,718,3.7434,58,123
1379,179,0.8093,51,178
1380,545,2.3606,69,195
1381,646,2.8857,76,634
1382,645,2.9198,62,539
1383,2517,13.3845,65,267
1384,390,1.9507,50,157
1385,666,3.0894,65,252
1386,3504,18.3281,62,3317
1387,89,0.4822,35,88
1388,1508,7.6268,53,122
1389,439,2.3007,53,238
1390,499,2.1448,49,106
1391,775,3.4,54,287
1392,734,3.2544,52,55
1393,1003,4.8881,65,111
1394,439,1.9799,58,160
1395,446,1.9075,52,162
1396,450,2.0232,41,129
1397,132,0.5255,49,63
1398,900,4.1242,56,886
1399,725,3.3049,68,224
1400,397,1.8506,50,72
1401,1222,5.9019,61,1080
1402,105,0.4617,43,52
1403,426,1.8926,62,39
1404,413,1.7351,50,144
1405,687,3.1491,59,89
1406,1028,4.7635,60,808
1407,770,3.575,79,707
1408,360,1.5328,51,87
1409,702,3.215,49,686
1410,53,0.2131,39,50
1411,496,2.1964,55,390
1412,107,0.4458,45,100
1413,998,4.8069,55,991
1414,538,2.7123,63,202
1415,973,4.7671,76,156
1416,480,2.176,57,142
1417,24,0.0925,20,12
1418,210,0.8997,38,178
1419,1109,5.5115,59,84
1420,1044,5.1592,71,929
1421,846,3.9762,49,355
1422,66,0.3458,38,57
1423,1097,5.235,69,822
1424,686,3.2935,61,394
1425,198,0.8149,53,172
1426,604,3.0632,57,174
1427,5128,27.2116,63,3620
1428,468,2.223,62,186
1429,220,0.9643,52,51
1430,1332,6.517,73,267
1431,513,2.276,56,112
1432,383,1.623,70,127
1433,450,1.9342,59,353
1434,220,0.9025,54,182
1435,394,1.702,51,279
1436,1026,5.1234,65,744
1437,292,1.2491,48,117
1438,733,3.272,55,446
1439,448,1.9119,47,447
1440,417,2.0838,66,48
1441,540,2.5194,56,361
1442,636,2.7573,56,351
1443,727,3.4339,66,665
1444,794,3.8655,56,642
1445,139,0.5714,53,63
1446,431,1.9577,55,116
1447,912,4.2676,78,426
1448,1557,7.7951,61,237
1449,125,0.5687,43,124
1450,1178,5.9866,52,340
1451,1294,6.3421,66,284
1452,436,1.9508,60,191
1453,475,2.023,69,434
1454,313,1.4515,54,135
1455,454,2.0183,61,263
1456,155,0.6302,63,132
1457,136,0.5543,37,101
1458,867,4.3754,71,148
1459,521,2.3094,59,101
1460,425,2.0004,49,224
1461,279,1.2323,55,275
1462,400,1.6966,67,77
1463,337,1.4254,50,95
1464,611,2.7616,61,241
1465,615,2.662,55,432
1466,511,2.2682,48,456
1467,417,1.9512,75,294
1468,492,2.1099,43,269
1469,806,3.6628,58,632
1470,156,0.6368,39,152
1471,505,2.2697,63,263
1472,153,0.6345,46,121
1473,1567,7.8317,66,1436
1474,1350,7.0824,69,90
1475,253,1.2112,41,164
1476,433,1.9477,46,216
1477,502,2.1577,54,57
1478,800,3.5338,66,39
1479,507,2.2353,63,451
1480,505,2.4978,52,74
1481,680,3.0924,54,241
1482,547,2.3566,46,423
1483,527,2.4396,50,451
1484,1146,5.4992,63,508
1485,227,1.083,47,215
1486,304,1.318,45,194
1487,571,2.5807,62,322
1488,225,0.9626,44,129
1489,401,1.8834,55,379
1490,168,0.6799,45,49
1491,554,2.5001,64,500
1492,1263,6.1922,62,183
1493,1841,9.7287,73,1783
1494,1659,8.6988,75,1065
1495,396,1.8823,58,216
1496,1257,6.1761,67,700
1497,537,2.5937,62,118
1498,183,0.7977,61,133
1499,898,4.1351,52,453
1500,486,2.1062,64,333
1501,164,0.6727,50,98
1502,461,2.0668,52,442
1503,490,2.193,66,447
1504,109,0.4453,47,66
1505,235,0.9719,55,109
1506,963,4.582,89,106
1507,179,0.7629,47,78
1508,151,0.7276,41,57
1509,187,0.788,41,155
1510,277,1.6752,50,103
1511,591,2.6586,73,565
1512,626,3.1373,62,63
1513,1323,6.3297,65,127
1514,1450,7.1207,54,1405
1515,2768,15.2243,56,2603
1516,565,2.5461,51,412
1517,1642,8.2508,75,276
1518,1239,6.1027,77,535
1519,1034,5.0102,68,678
1520,187,0.8043,54,156
1521,1361,6.8492,70,1143
1522,73,0.2938,39,62
1523,1189,5.8282,52,98
1524,544,2.6888,49,126
1525,711,3.1836,68,524
1526,277,1.1693,55,250
1527,723,3.8404,66,496
1528,1046,5.1972,71,657
1529,915,4.246,52,139
1530,761,3.469,54,706
1531,422,1.8169,70,157
1532,667,3.2605,77,111
1533,631,3.0493,48,548
1534,634,2.837,64,220
1535,602,2.6382,54,158
1536,400,1.7034,64,358
1537,3219,17.0101,62,62
1538,191,0.9377,53,68
1539,1430,7.1134,63,991
1540,1526,7.4445,66,1213
1541,646,2.9975,63,450
1542,378,1.6068,51,296
1543,380,1.8835,46,329
1544,182,0.7522,50,133
1545,651,2.8511,60,69
1546,505,2.1889,67,328
1547,324,1.3432,52,161
1548,731,3.4096,49,553
1549,161,0.6604,53,159
1550,541,2.3539,47,321
1551,447,1.9031,69,95
1552,518,2.0544,57,342
1553,194,0.8028,43,191
1554,477,2.0053,76,71
1555,227,0.9355,53,184
1556,388,1.6328,52,245
1557,331,1.3985,70,254
1558,1431,7.2719,68,121
1559,68,0.2691,32,41
1560,272,1.274,46,61
1561,500,2.1615,51,154
1562,337,1.3713,46,118
1563,127,0.4916,45,106
1564,222,0.8917,59,107
1565,405,1.8752,58,50
1566,344,1.4699,47,69
1567,98,0.4276,47,85
1568,419,1.7749,61,182
1569,395,1.6121,51,106
1570,190,0.7909,50,71
1571,1298,6.1486,76,800
1572,175,0.7734,41,37
1573,242,1.0385,55,57
1574,176,0.7391,43,62
1575,233,0.9957,54,209
1576,370,1.7436,50,349
1577,167,0.6685,57,57
1578,118,0.4781,50,100
1579,565,2.4369,55,195
1580,224,0.9237,57,171
1581,317,1.3324,50,272
1582,631,3.1219,52,623
1583,327,1.5348,55,116
1584,385,1.6372,54,138
1585,785,3.936,59,130
1586,392,1.7417,61,236
1587,255,1.0615,50,53
1588,198,0.8616,47,172
1589,336,1.5363,49,214
1590,165,0.675,44,98
1591,389,1.6437,54,315
1592,424,1.8741,48,41
1593,359,1.5317,52,76
1594,381,1.6059,45,86
1595,390,1.6394,64,157
1596,355,1.5894,53,319
1597,206,0.8604,54,160
1598,306,1.2775,70,251
1599,434,2.1791,60,64
1600,922,4.2584,58,731
1601,730,3.3426,59,437
1602,1368,6.681,69,113
1603,465,2.1881,41,234
1604,795,3.6643,56,653
1605,686,3.0101,53,131
1606,927,4.4095,69,233
1607,654,3.2201,59,208
1608,650,3.0236,72,247
1609,801,3.5778,59,82
1610,663,3.1751,66,371
1611,245,1.0288,43,89
1612,553,2.3594,63,548
1613,632,2.927,66,142
1614,274,1.1331,61,68
1615,237,0.9965,49,150
1616,476,2.0714,57,294
1617,304,1.4699,50,52
1618,366,1.5715,49,196
1619,656,2.8335,62,294
1620,472,1.965,51,192
1621,155,0.626,56,152
1622,386,1.6288,49,309
1623,189,0.9418,48,38
1624,1487,7.6423,72,884
1625,1447,8.0007,63,1086
1626,713,3.84,63,514
1627,423,2.0025,52,112
1628,426,2.0851,57,327
1629,794,3.5282,63,67
1630,670,3.05,51,537
1631,802,3.5324,56,519
1632,494,2.3826,56,483
1633,742,3.3039,53,397
1634,700,3.1187,52,299
1635,225,0.9379,55,76
1636,412,1.9318,50,91
1637,332,1.3888,56,69
1638,1575,7.7968,71,252
1639,788,3.8292,63,211
1640,131,0.534,47,101
1641,522,2.6145,66,467
1642,128,0.5129,38,80
1643,632,2.8667,49,157
1644,1665,8.5559,74,1034
1645,206,0.849,39,132
1646,810,4.0088,56,710
1647,1067,5.353,78,81
1648,600,2.9369,58,595
1649,1852,9.3894,68,530
1650,156,0.7041,47,99
1651,108,0.4365,43,100
1652,563,2.7189,54,321
1653,949,4.7446,53,206
1654,183,0.7862,44,98
1655,483,2.0877,58,238
1656,2619,13.7104,73,968
1657,1884,9.8404,70,173
1658,102,0.4154,41,75
1659,109,0.4446,55,39
1660,1025,5.1775,73,280
1661,173,0.732,53,152
1662,173,0.7043,53,152
1663,173,0.8483,53,152
1664,173,0.7029,53,152
1665,173,0.8178,53,152
1666,173,0.7021,51,152
1667,173,0.853,53,152
1668,877,4.1634,54,666
1669,189,0.7737,44,107
1670,1002,4.8822,81,856
1671,928,4.4138,67,91
1672,334,1.3818,57,63
1673,1031,4.7137,66,186
1674,1235,5.8728,76,1080
1675,521,2.8416,60,92
1676,794,3.7076,66,123
1677,842,3.9634,49,110
1678,2078,10.7594,54,306
1679,749,3.5033,57,96
1680,868,4.1259,49,350
1681,1069,5.1174,64,194
1682,373,1.5543,47,301
1683,811,3.869,58,143
1684,1052,4.935,62,814
1685,1215,5.7309,66,595
1686,1232,6.0447,67,489
1687,3242,17.2603,74,925
1688,1198,6.0027,48,262
1689,111,0.482,59,87
1690,971,4.5616,67,595
1691,496,2.2412,46,122
1692,2899,15.0961,66,1372
1693,976,4.7917,69,220
1694,999,4.6725,56,700
1695,671,2.9908,48,339
1696,600,2.5484,58,257
1697,611,2.656,59,192
1698,1514,7.8065,77,1309
1699,4724,24.991,65,1257
1700,102,0.4171,53,70
1701,203,0.8422,61,116
1702,515,2.2969,55,422
1703,149,0.6079,53,64
1704,201,0.8719,38,125
1705,1163,5.5762,68,137
1706,326,1.4128,51,274
1707,1236,6.1735,63,260
1708,378,1.9921,62,127
1709,607,2.7902,57,398
1710,1252,6.0424,74,475
1711,389,1.8623,68,260
1712,461,2.1165,62,302
1713,355,1.5243,49,334
1714,1376,6.6196,67,1050
1715,884,4.1951,52,719
1716,759,3.7061,74,48
1717,658,3.149,66,410
1718,991,5.2961,65,749
1719,3791,20.2437,57,3226
1720,556,2.6697,57,381
1721,45,0.1859,30,29
1722,558,2.5942,60,299
1723,645,3.1051,49,119
1724,631,2.8941,65,356
1725,564,3.3637,47,223
1726,158,0.814,40,156
1727,835,4.1286,48,417
1728,1194,6.147,64,1193
1729,1011,5.1336,66,810
1730,205,1.0083,58,62
1731,1193,5.9814,70,1186
1732,1263,6.3693,66,802
1733,220,1.0873,52,196
1734,413,1.9032,61,165
1735,409,1.9602,51,147
1736,582,3.0296,63,356
1737,424,2.0348,62,80
1738,291,1.4334,46,99
1739,653,3.0581,49,43
1740,405,1.8173,59,61
1741,854,4.2067,62,215
1742,396,1.7736,56,98
1743,759,3.5717,55,32
1744,143,0.6435,43,93
1745,148,0.6332,51,83
1746,130,0.5245,46,46
1747,130,0.55,41,46
1748,387,1.8462,45,59
1749,196,0.8903,50,128
1750,956,4.5833,86,457
1751,2717,14.5714,86,510
1752,612,3.0872,57,57
1753,1098,5.8484,57,1093
1754,343,1.6532,48,301
1755,846,4.1794,48,325
1756,642,3.1949,46,275
1757,233,1.1359,50,103
1758,209,0.9361,60,197
1759,1421,7.4771,70,152
1760,398,2.0794,51,255
1761,142,0.6456,45,53
1762,1849,10.0893,70,473
1763,1484,7.7966,61,271
1764,135,0.7002,45,38
1765,308,1.4879,53,55
1766,411,1.9889,50,304
1767,391,1.8691,56,136
1768,173,0.7317,51,136
1769,516,2.4121,53,80
1770,2893,15.4684,68,813
1771,613,3.2123,48,368
1772,143,0.6506,53,70
1773,450,2.3662,46,417
1774,549,2.6669,75,410
1775,233,1.0234,51,81
1776,122,0.5308,51,41
1777,994,4.8904,57,115
1778,160,0.6908,63,146
1779,939,4.7129,77,231
1780,183,0.8218,48,104
1781,367,1.7196,46,356
1782,372,1.7305,44,170
1783,224,0.9892,54,152
1784,566,2.779,49,134
1785,567,2.6427,65,94
1786,339,1.6873,53,148
1787,2091,11.6277,62,1505
1788,184,0.8948,52,171
1789,1258,6.5901,65,1142
1790,1466,7.7172,73,978
1791,276,1.3515,47,102
1792,1084,5.697,63,1081
1793,734,3.8145,60,169
1794,1441,7.4673,75,809
1795,289,1.456,52,203
1796,342,1.6745,50,308
1797,526,2.7793,50,145
1798,313,1.4252,58,263
1799,912,4.6068,48,286
1800,912,4.628,49,286
1801,663,3.2177,68,631
1802,2432,12.8054,63,1424
1803,495,2.4887,43,130
1804,388,1.8517,54,171
1805,906,4.6694,56,409
1806,478,2.3717,57,141
1807,431,2.166,55,90
1808,142,0.6016,31,127
1809,170,0.7326,39,138
1810,168,0.8054,44,59
1811,327,1.5524,56,100
1812,767,4.16,55,465
1813,107,0.5158,42,95
1814,243,1.1148,67,75
1815,742,3.7337,62,194
1816,209,1.0026,45,64
1817,442,2.1132,51,385
1818,440,2.0753,50,399
1819,272,1.2204,65,145
1820,137,0.57,48,46
1821,246,1.0415,55,107
1822,83,0.3629,41,28
1823,1790,9.4296,84,120
1824,1175,6.2447,74,197
1825,768,3.6835,65,536
1826,571,2.761,69,196
1827,394,1.9756,58,391
1828,241,1.0418,49,239
1829,651,2.9402,60,104
1830,695,3.0557,51,317
1831,641,2.9807,52,303
1832,179,0.7556,40,59
1833,518,3.1713,55,354
1834,96,0.503,38,45
1835,663,3.1187,66,662
1836,2780,14.9551,74,385
1837,648,3.225,75,242
1838,1166,5.7812,53,795
1839,591,2.9302,65,55
1840,1819,9.4151,80,745
1841,250,1.4614,52,248
1842,741,3.6545,46,601
1843,582,3.1172,65,521
1844,480,2.2035,49,150
1845,1428,7.1882,63,615
1846,697,3.3976,59,159
1847,416,1.7845,55,247
1848,592,2.6651,52,47
1849,633,2.7637,46,258
1850,1479,7.3074,55,359
1851,559,2.5231,52,205
1852,323,1.3917,43,248
1853,521,2.3364,47,272
1854,436,2.1397,52,60
1855,1085,5.6051,64,835
1856,398,1.8117,65,47
1857,493,2.2185,45,484
1858,168,0.6905,45,165
1859,225,0.955,52,111
1860,610,2.9237,53,601
1861,831,3.9315,51,242
1862,5561,29.2767,78,2953
1863,315,1.4198,52,69
1864,1123,6.0635,71,626
1865,137,0.6301,56,87
1866,370,1.7126,59,284
1867,500,2.348,51,108
1868,439,1.9567,53,318
1869,699,3.2767,69,639
1870,207,0.8787,46,176
1871,1385,7.1661,72,1232
1872,1123,5.9154,71,1009
1873,132,0.5931,38,120
1874,59,0.244,39,37
1875,284,1.2052,64,113
1876,370,1.6394,53,53
1877,446,1.8919,46,439
1878,377,1.7628,50,63
1879,478,2.4375,48,66
1880,534,2.3584,51,102
1881,121,0.5008,52,105
1882,517,2.2685,51,250
1883,153,0.614,44,127
1884,685,3.2797,53,420
1885,412,1.8166,56,229
1886,435,1.8956,65,349
1887,1041,5.2594,60,731
1888,603,2.8507,53,385
1889,499,2.229,55,493
1890,300,1.2703,53,60
1891,630,2.741,57,365
1892,227,1.0,54,224
1893,445,1.9816,57,389
1894,670,2.9761,54,491
1895,370,1.6681,60,285
1896,380,1.7559,43,183
1897,144,0.5706,46,119
1898,131,0.5279,51,72
1899,352,1.5269,43,283
1900,1581,7.8944,74,1030
1901,356,1.738,59,320
1902,981,5.2056,86,914
1903,1241,6.733,65,234
1904,638,3.2822,56,446
1905,450,2.4266,61,280
1906,166,0.6888,62,63
1907,335,1.4359,48,105
1908,382,1.7691,45,314
1909,181,0.7518,47,85
1910,661,3.1732,55,188
1911,281,1.3312,46,106
1912,732,3.8009,54,157
1913,150,0.6253,50,105
1914,322,1.4592,50,118
1915,244,1.0328,42,85
1916,522,2.422,71,455
1917,218,0.9064,53,55
1918,153,0.6097,48,124
1919,276,1.1613,46,137
1920,329,1.4179,51,235
1921,662,3.0654,52,462
1922,112,0.4725,44,91
1923,1002,4.8879,62,800
1924,972,4.8533,63,75
1925,232,1.1319,43,194
1926,265,1.1083,71,241
1927,557,2.5115,60,244
1928,726,3.4378,70,269
1929,586,2.7853,70,364
1930,1285,7.0507,55,217
1931,661,3.5236,69,131
1932,445,2.2621,56,345
1933,457,2.2584,56,451
1934,353,1.7198,57,291
1935,289,1.3128,48,140
1936,261,1.1089,44,94
1937,624,2.9027,67,268
1938,283,1.4212,42,37
1939,504,3.5102,53,40
1940,333,1.6035,50,196
1941,372,1.9669,49,235
1942,539,2.6633,59,533
1943,245,1.1494,45,85
1944,242,1.0724,55,61
1945,568,2.6517,56,424
1946,220,0.9395,56,162
1947,251,1.1107,46,186
1948,378,1.6503,80,156
1949,732,3.8435,67,577
1950,419,2.1948,73,408
1951,701,3.7139,80,157
1952,326,1.8988,57,43
1953,282,1.4347,54,84
1954,684,3.4085,50,290
1955,791,4.3924,56,751
1956,645,3.2796,55,342
1957,346,1.9961,56,270
1958,488,2.4051,64,227
1959,600,2.8939,68,359
1960,510,2.434,57,219
1961,627,3.0684,66,625
1962,237,1.0542,57,87
1963,595,3.3504,53,327
1964,277,1.3649,56,138
1965,422,1.7552,50,145
1966,195,0.8337,46,131
1967,465,2.2734,45,353
1968,369,1.6524,56,210
1969,567,2.5534,58,227
1970,439,1.8525,49,61
1971,777,3.7253,54,345
1972,655,2.9798,51,189
1973,1073,5.336,58,130
1974,960,4.8413,44,625
1975,1162,6.5106,70,720
1976,614,2.7299,63,230
1977,374,1.6104,43,71
1978,810,4.0086,72,552
1979,586,2.5957,48,419
1980,484,2.0797,52,416
1981,552,2.3564,64,529
1982,1123,5.5451,59,493
1983,517,2.2364,54,205
1984,542,2.3189,75,231
1985,761,3.338,68,355
1986,806,3.8936,65,725
1987,278,1.1596,51,115
1988,1470,7.3401,70,1126
1989,906,4.6024,51,99
1990,605,2.8223,61,123
1991,1532,7.7867,69,1368
1992,2058,10.8747,56,1167
1993,642,3.0154,46,275
1994,642,2.9008,46,275
1995,968,4.8976,60,112
1996,283,1.2228,50,150
1997,521,2.3445,56,94
1998,322,1.3708,58,311
1999,1504,7.5175,87,881
2000,1228,6.3787,72,851
2001,1099,5.5827,52,1088
2002,1312,6.7114,67,326
2003,606,2.7556,60,540
2004,2131,10.8342,71,1236
2005,160,0.7194,43,91
2006,134,0.5707,35,81
2007,703,3.1256,58,95
2008,388,1.6112,59,54
2009,221,0.9116,52,39
2010,962,4.8325,71,896
2011,1338,6.7458,69,994
2012,537,2.3811,50,390
2013,576,2.4852,56,348
2014,356,1.5287,51,340
2015,209,0.9556,61,151
2016,217,0.9015,57,185
2017,493,2.2784,69,235
2018,384,1.6922,45,189
2019,1527,8.6447,74,342
2020,430,2.0551,59,377
2021,1532,9.0758,69,1013
2022,18142,95.4512,70,4292
2023,429,1.9133,55,408
2024,440,1.925,48,432
2025,388,1.8563,53,171
2026,1081,5.503,79,285
2027,82,0.3237,44,59
2028,542,2.3976,67,169
2029,872,4.3541,61,501
2030,5234,27.5071,75,2608
2031,1492,7.7984,62,705
2032,464,2.148,67,348
2033,706,3.187,59,54
2034,3199,16.7835,70,351
2035,393,1.7446,47,263
2036,250,1.0668,50,216
2037,559,2.7099,58,329
2038,159,0.6613,50,80
2039,487,2.1249,49,387
2040,466,2.24,53,52
2041,685,3.3407,67,482
2042,73,0.3519,35,62
2043,1251,6.0885,65,901
2044,996,5.2848,62,840
2045,490,2.2501,59,44
2046,491,2.0899,54,113
2047,495,2.1551,52,89
2048,185,0.7801,43,178
2049,1448,7.4233,60,842
2050,794,3.7772,64,62
2051,123,0.496,58,97
2052,534,2.4332,51,375
2053,677,3.1957,55,602
2054,152,0.6325,51,84
2055,1163,5.5722,57,534
2056,173,0.7228,54,152
2057,1082,5.4642,65,665
2058,901,4.357,90,858
2059,1712,8.3369,68,1202
2060,293,1.3222,50,131
2061,377,1.6279,59,375
2062,488,2.094,76,479
2063,1064,5.2123,50,441
2064,196,0.9222,63,164
2065,117,0.4801,44,113
2066,1833,9.0985,65,1540
2067,303,1.3282,46,109
2068,673,3.2106,52,70
2069,786,3.5816,66,541
2070,1021,5.0952,57,695
2071,388,1.6737,47,237
2072,1025,4.9174,67,311
2073,2080,10.71,68,164
2074,366,1.6234,50,354
2075,128,0.5084,38,109
2076,571,2.6252,53,159
2077,301,1.284,51,126
2078,720,3.1715,55,703
2079,285,1.2521,68,103
2080,345,1.4734,51,344
2081,615,2.6416,69,210
2082,40,0.1637,38,35
2083,168,0.6855,62,166
2084,166,0.6742,48,141
2085,882,4.3056,77,285
2086,352,1.6996,80,108
2087,971,4.8593,72,907
2088,378,2.0007,72,240
2089,410,1.8679,79,89
2090,611,2.8475,60,583
2091,1426,7.1352,74,1346
2092,274,1.3264,49,137
2093,339,1.4225,51,91
2094,701,3.3997,65,48
2095,496,2.1602,58,314
2096,408,1.7177,53,304
2097,211,0.8905,43,114
2098,504,2.1841,61,52
2099,450,2.0244,57,297
2100,484,2.3866,53,177
2101,240,1.058,45,200
2102,260,1.0874,71,90
2103,620,3.0532,50,178
2104,179,0.7297,43,120
2105,1430,7.1607,64,590
2106,391,1.8273,53,330
2107,441,2.189,45,369
2108,723,3.3208,86,88
2109,757,3.6721,75,450
2110,411,1.7503,44,75
2111,257,1.1422,48,245
2112,301,1.3094,52,255
2113,636,2.7527,50,93
2114,390,1.6518,49,374
2115,309,1.3679,50,154
2116,134,0.5358,51,80
2117,220,0.9974,51,213
2118,1208,6.2444,68,72
2119,344,1.4751,42,70
2120,469,2.0332,51,190
2121,77,0.307,35,66
2122,357,1.5001,53,347
2123,362,1.6303,56,56
2124,482,2.0656,52,333
2125,1049,5.1083,74,123
2126,155,0.6674,43,50
2127,448,1.9332,59,78
2128,385,1.6639,52,378
2129,287,1.2088,49,259
2130,195,0.8601,44,47
2131,1021,5.0162,70,946
2132,410,1.9602,42,68
2133,679,2.9492,63,657
2134,913,4.5119,75,280
2135,395,1.6974,49,327
2136,360,1.8624,53,42
2137,557,2.4258,55,86
2138,667,2.911,69,66
2139,467,2.3414,56,77
2140,682,3.0289,47,417
2141,216,0.8917,42,207
2142,259,1.0638,79,206
2143,223,0.9338,50,158
2144,139,0.5761,41,46
2145,439,1.8915,55,437
2146,371,1.6132,56,335
2147,939,4.8215,60,473
2148,216,0.972,55,161
2149,249,1.0663,51,170
2150,160,0.6695,42,71
2151,485,2.2896,58,44
2152,392,1.8293,58,110
2153,2168,11.6439,56,1133
2154,746,3.4288,63,215
2155,976,4.8664,67,61
2156,653,3.088,51,406
2157,248,1.0383,49,99
2158,506,2.2142,50,446
2159,585,2.8389,51,152
2160,368,1.5102,52,118
2161,107,0.4537,37,67
2162,537,2.308,75,535
2163,434,1.9333,50,160
2164,144,0.5794,40,55
2165,129,0.514,44,47
2166,277,1.2053,50,45
2167,141,0.6979,46,110
2168,1079,5.1884,60,74
2169,818,3.8253,50,210
2170,1366,6.825,55,1242
2171,219,0.901,66,186
2172,846,4.2262,68,333
2173,1261,6.3713,76,864
2174,1347,6.9607,58,1301
2175,3352,17.265,61,2088
2176,979,5.1694,51,976
2177,2052,10.4569,57,1362
2178,464,2.0482,74,281
2179,1501,8.0267,57,116
2180,1484,7.4862,65,288
2181,506,2.3998,61,449
2182,506,2.2469,65,449
2183,428,1.8971,51,338
2184,202,0.842,52,85
2185,833,4.1988,62,494
2186,135,0.5414,41,71
2187,1240,6.1124,56,641
2188,431,1.934,49,79
2189,266,1.0922,58,210
2190,279,1.155,47,265
2191,517,2.4287,52,52
2192,532,2.3287,47,451
2193,510,2.2535,55,468
2194,494,2.144,63,435
2195,678,3.0089,55,359
2196,185,0.7751,48,120
2197,859,4.0601,62,84
2198,685,3.3943,65,630
2199,166,0.6758,50,66
2200,521,2.2078,49,56
2201,514,2.3057,51,56
2202,516,2.2075,45,80
2203,631,3.0115,45,77
2204,379,1.5937,51,186
2205,222,0.935,52,193
2206,380,1.8103,64,168
2207,237,0.9849,43,159
2208,397,1.8788,58,32
2209,357,1.6181,46,159
2210,125,0.504,45,98
2211,254,1.0584,43,108
2212,542,2.6247,59,82
2213,590,2.6789,58,514
2214,879,4.1851,65,602
2215,964,4.7666,67,958
2216,3580,18.3893,63,3128
2217,227,0.9402,47,116
2218,246,1.1254,56,73
2219,385,1.8615,52,297
2220,271,1.1389,67,224
2221,69,0.2756,37,52
2222,525,2.2553,45,229
2223,520,2.9694,63,467
2224,502,2.2998,56,451
2225,1891,9.5417,61,1234
2226,397,1.8781,50,163
2227,611,2.7423,55,139
2228,554,2.5851,57,117
2229,379,1.6276,54,96
2230,519,2.3709,53,462
2231,376,1.7498,44,240
2232,1442,7.6306,53,268
2233,725,3.5636,51,257
2234,591,2.7723,62,570
2235,256,1.0674,46,122
2236,226,0.9251,63,77
2237,451,1.9376,56,372
2238,358,1.5049,53,294
2239,403,1.733,42,310
2240,130,0.5192,42,124
2241,570,2.5332,55,385
2242,1456,7.3156,59,340
2243,1670,8.6255,64,617
2244,761,3.7192,60,568
2245,219,0.8931,52,75
2246,500,2.2348,57,445
2247,502,2.1475,67,451
2248,503,2.2003,69,452
2249,502,2.2147,64,445
2250,505,2.3582,54,70
2251,519,2.6129,65,457
2252,632,3.134,57,535
2253,850,4.0217,59,754
2254,444,1.8972,49,404
2255,478,2.0947,50,214
2256,1070,5.179,57,549
2257,337,1.5271,53,214
2258,247,1.0465,49,141
2259,511,2.1274,55,294
2260,1568,7.8326,79,1332
2261,837,4.0805,63,402
2262,507,2.1629,52,123
2263,530,2.3812,64,143
2264,621,2.653,77,314
2265,450,1.9904,58,59
2266,546,2.3658,61,433
2267,290,1.2168,53,43
2268,518,2.32,50,257
2269,512,2.212,50,260
2270,196,0.805,48,34
2271,1062,5.2328,75,382
2272,629,2.7441,69,83
2273,262,1.1606,46,181
2274,120,0.489,47,107
2275,118,0.4937,50,116
2276,40,0.1531,36,38
2277,126,0.6649,35,79
2278,739,3.4392,53,335
2279,536,2.2584,49,498
2280,325,1.6013,55,285
2281,1039,5.0742,78,769
2282,1699,9.2268,69,1534
2283,512,2.2642,50,357
2284,140,0.5714,50,73
2285,420,2.0135,53,194
2286,135,0.5537,38,114
2287,150,0.6901,50,41
2288,137,0.5658,45,119
2289,219,0.8971,63,162
2290,417,2.0014,52,310
2291,489,2.328,56,430
2292,74,0.3198,33,43
2293,579,2.7859,49,174
2294,881,4.3895,58,241
2295,1035,5.312,57,144
2296,407,1.8424,48,103
2297,400,1.7638,46,257
2298,518,2.1967,55,52
2299,944,4.5826,74,891
2300,515,2.6458,53,450
2301,294,1.4775,47,159
2302,733,3.4952,57,555
2303,562,2.823,47,70
2304,344,1.4279,56,163
2305,1867,9.0872,73,1315
2306,385,1.7787,44,167
2307,303,1.2893,47,116
2308,201,0.9471,48,136
2309,816,3.741,73,424
2310,365,1.5883,41,283
2311,527,2.2691,46,480
2312,365,1.5909,55,293
2313,196,0.835,43,93
2314,308,1.3197,55,271
2315,642,3.0434,59,266
2316,252,1.146,44,85
2317,536,2.525,49,481
2318,188,0.7799,50,62
2319,1106,5.6465,69,616
2320,705,3.1903,60,311
2321,696,3.1116,55,495
2322,228,0.9552,54,215
2323,195,0.8059,42,122
2324,458,2.3855,52,457
2325,733,3.4704,68,517
2326,473,2.1444,49,264
2327,743,3.4123,47,311
2328,356,1.5719,61,147
2329,1707,8.5939,68,937
2330,202,0.831,47,156
2331,448,2.0078,49,34
2332,315,1.4453,51,297
2333,598,2.6816,49,236
2334,220,1.0131,48,101
2335,297,1.2751,50,178
2336,150,0.6213,44,78
2337,512,2.2384,56,385
2338,143,0.5757,47,77
2339,116,0.477,55,83
2340,99,0.4965,46,92
2341,134,0.5317,55,51
2342,180,0.7483,39,90
2343,365,1.8581,46,111
2344,277,1.1525,67,164
2345,655,2.8485,54,536
2346,797,3.8607,55,612
2347,772,3.6676,60,628
2348,307,1.3779,43,224
2349,575,2.5384,73,511
2350,396,1.7556,48,173
2351,622,2.9115,62,354
2352,316,1.3357,50,269
2353,385,1.8516,57,83
2354,1674,8.3424,74,1627
2355,380,1.8526,46,359
2356,360,1.5525,48,208
2357,398,1.7243,51,228
2358,436,1.9752,70,179
2359,3304,17.0503,85,717
2360,164,0.6849,58,126
2361,1266,5.9088,57,865
2362,404,1.8085,52,157
2363,392,1.7003,54,78
2364,508,2.3324,59,73
2365,580,2.723,68,570
2366,610,2.695,47,90
2367,378,1.9547,58,48
2368,990,4.8153,76,644
2369,464,2.0452,77,64
2370,1959,10.1494,65,721
2371,329,1.7533,61,276
2372,655,3.0345,65,475
2373,370,1.7362,47,295
2374,76,0.3032,39,57
2375,41,0.1606,54,40
2376,284,1.2845,51,205
2377,1182,6.0464,54,832
2378,653,2.9378,51,614
2379,190,0.8023,62,155
2380,321,1.332,43,161
2381,250,1.0507,49,53
2382,430,1.8206,50,143
2383,178,0.7566,57,93
2384,774,3.5943,69,240
2385,679,2.9772,62,605
2386,420,1.9549,53,68
2387,993,4.8363,62,258
2388,368,1.5294,62,316
2389,1154,5.7736,57,572
2390,701,3.1577,66,342
2391,323,1.5552,67,269
2392,408,1.7495,57,393
2393,696,3.1804,54,188
2394,528,2.3872,57,70
2395,152,0.6811,60,50
2396,1955,9.4153,56,519
2397,1465,7.3817,61,363
2398,68,0.2747,33,48
2399,3913,20.3845,73,3723
2400,542,2.5772,50,445
2401,756,3.8315,71,483
2402,738,3.2936,84,521
2403,1431,7.3667,52,1036
2404,261,1.5351,46,67
2405,549,2.5477,62,469
2406,590,2.7621,51,480
2407,4002,20.8322,76,459
2408,180,0.7704,38,55
2409,365,1.5366,60,207
2410,355,1.5496,62,104
2411,166,0.7155,53,103
2412,517,2.3987,62,341
2413,423,1.9889,50,227
2414,268,1.1573,46,53
2415,752,3.5452,62,468
2416,244,1.0225,49,94
2417,154,0.639,57,97
2418,256,1.1222,47,181
2419,579,2.7225,49,254
2420,1961,9.9637,59,461
2421,212,0.9453,62,172
2422,432,1.8355,55,425
2423,183,0.7683,46,176
2424,401,1.7034,52,348
2425,561,2.2766,58,144
2426,208,0.8747,43,81
2427,217,0.9183,52,66
2428,2237,11.4386,56,1302
2429,644,3.0843,64,146
2430,425,1.8125,64,75
2431,351,1.5475,50,276
2432,630,2.7651,56,629
2433,609,2.7153,61,390
2434,384,1.6634,56,183
2435,388,1.6271,61,188
2436,324,1.3768,54,135
2437,692,3.1694,61,187
2438,2250,11.2416,67,487
2439,156,0.6593,51,46
2440,516,2.2143,51,48
2441,1201,6.0616,61,50
2442,1542,8.2873,66,492
2443,362,1.6906,52,256
2444,741,3.4539,50,617
2445,342,1.4858,43,151
2446,445,1.8691,51,255
2447,509,2.2294,59,116
2448,169,0.6975,40,108
2449,274,1.1541,48,86
2450,294,1.2325,46,95
2451,300,1.3235,55,70
2452,409,1.8191,60,387
2453,1365,7.1181,74,538
2454,681,3.6641,67,83
2455,229,1.0076,55,205
2456,398,1.768,65,138
2457,420,1.7949,60,68
2458,174,0.7512,54,89
2459,157,0.8195,36,121
2460,1490,7.4351,72,651
2461,880,4.7929,46,700
2462,552,2.5543,47,538
2463,339,1.4593,48,264
2464,321,1.4698,45,111
2465,287,1.2206,40,110
2466,461,2.078,53,344
2467,767,3.6836,54,255
2468,81,0.3286,43,50
2469,626,2.924,60,43
2470,951,4.6424,54,861
2471,139,0.56,43,115
2472,869,4.441,61,621
2473,280,1.2039,49,234
2474,409,1.6867,55,60
2475,274,1.1457,56,224
2476,44,0.1758,39,21
2477,563,2.4613,60,238
2478,949,4.7885,50,887
2479,864,3.996,88,790
2480,741,3.7501,78,586
2481,325,1.5087,63,175
2482,251,1.0794,48,226
2483,547,2.5767,48,41
2484,1670,8.4232,67,414
2485,3599,18.5092,67,1700
2486,1639,8.67,65,1387
2487,536,2.5202,75,157
2488,434,2.064,54,311
2489,537,2.3091,55,397
2490,537,2.4564,61,482
2491,108,0.4383,48,103
2492,509,2.0981,45,270
2493,201,0.8185,44,45
2494,146,0.586,44,99
2495,2456,12.7087,67,1137
2496,615,3.0435,66,404
2497,233,0.9825,58,54
2498,685,3.2288,48,368
2499,148,0.6092,40,133
2500,354,1.4867,49,52
2501,605,2.6238,75,87
2502,877,4.3185,49,202
2503,140,0.5598,47,65
2504,321,1.3649,50,320
2505,561,2.4595,49,286
2506,277,1.1726,47,176
2507,643,2.8523,53,202
2508,649,2.8174,61,423
2509,677,3.4025,55,521
2510,810,3.8337,65,741
2511,254,1.1438,36,175
2512,466,2.1565,58,71
2513,593,2.5725,65,433
2514,235,1.0572,45,226
2515,853,3.9855,61,429
2516,642,3.008,75,171
2517,2211,11.3301,63,471
2518,303,1.3094,41,207
2519,629,2.871,54,566
2520,198,0.8538,50,93
2521,103,0.5081,45,102
2522,363,1.5936,53,241
2523,2241,11.808,61,2203
2524,670,3.5003,62,288
2525,668,3.4525,57,70
2526,1068,5.6621,63,964
2527,61,0.3515,45,59
2528,1115,5.9497,59,833
2529,690,3.4085,52,146
2530,605,3.1848,51,45
2531,151,0.7033,46,145
2532,2043,10.8312,62,1462
2533,752,3.7911,57,67
2534,142,0.574,52,141
2535,1435,7.5215,57,760
2536,218,0.924,46,124
2537,886,4.5037,56,835
2538,103,0.4134,38,49
2539,242,1.0209,49,144
2540,264,1.1182,42,241
2541,711,3.213,52,470
2542,706,3.4757,61,236
2543,1292,6.6907,51,1231
2544,249,1.0881,41,68
2545,174,0.7116,48,173
2546,1146,5.7527,53,455
2547,633,2.9481,49,596
2548,428,2.006,51,280
2549,710,4.2296,53,706
2550,665,3.299,52,194
2551,231,0.9583,43,154
2552,277,1.2026,62,63
2553,901,4.4118,70,838
2554,1289,6.4944,62,1239
2555,819,3.9866,71,563
2556,1119,5.6163,58,524
2557,493,2.3132,64,49
2558,197,0.8314,45,136
2559,423,1.9813,55,58
2560,148,0.6013,49,96
2561,692,3.2606,60,524
2562,583,2.7938,51,579
2563,344,1.4117,54,94
2564,402,1.7489,59,216
2565,509,2.2736,50,404
2566,830,3.8194,72,252
2567,298,1.6444,58,70
2568,215,0.8761,61,67
2569,621,2.6891,70,585
2570,981,5.0981,61,848
2571,995,5.0755,51,464
2572,221,0.9378,52,161
2573,252,1.0625,46,48
2574,310,1.3465,53,254
2575,138,0.559,50,65
2576,453,1.9265,52,419
2577,430,1.8117,48,249
2578,511,2.2453,58,52
2579,495,2.0533,67,60
2580,192,0.7948,47,181
2581,642,3.0008,46,275
2582,397,1.6686,54,109
2583,373,1.7132,49,175
2584,182,0.7486,55,141
2585,517,2.3682,60,460
2586,225,0.9454,44,222
2587,216,0.889,39,183
2588,217,0.9288,43,183
2589,216,0.8906,48,183
2590,200,0.8416,39,167
2591,216,0.913,47,183
2592,223,0.9381,46,64
2593,1170,5.5926,62,821
2594,493,2.3115,62,51
2595,494,2.1236,50,403
2596,488,2.1095,62,59
2597,887,4.2444,53,876
2598,552,2.5322,56,137
2599,460,2.0855,63,88
2600,290,1.2534,64,91
2601,1976,9.7923,56,893
2602,251,1.0909,46,84
2603,497,2.2174,51,302
2604,521,2.414,53,64
2605,1194,6.0277,64,1053
2606,1488,7.4249,60,78
2607,196,0.8116,52,171
2608,1253,6.3261,50,182
2609,364,1.5377,60,361
2610,584,2.4172,64,55
2611,192,0.8026,45,96
2612,159,0.7675,46,140
2613,2244,11.5953,60,1831
2614,582,2.7944,53,565
2615,1019,5.6584,55,976
2616,195,0.8389,47,118
2617,87,0.3391,37,84
2618,438,1.8404,53,70
2619,300,1.2683,50,126
2620,173,0.7217,41,81
2621,873,4.2523,71,775
2622,1944,9.8767,63,1631
2623,734,3.6152,47,303
2624,357,1.5193,46,104
2625,785,3.4518,62,528
2626,523,2.5114,50,493
2627,584,2.7542,58,374
2628,699,3.2517,63,323
2629,675,2.9585,62,504
2630,457,2.2812,49,47
2631,318,1.3303,52,82
2632,211,0.8882,52,199
2633,684,3.0631,53,574
2634,873,4.2263,52,563
2635,586,2.4781,58,190
2636,453,1.8949,64,452
2637,204,0.831,41,142
2638,531,2.2693,54,393
2639,258,1.1181,49,153
2640,57,0.2748,50,52
2641,815,3.7951,52,524
2642,679,3.2565,51,273
2643,858,4.2031,71,526
2644,779,3.737,54,220
2645,878,4.4668,64,646
2646,875,4.1849,66,282
2647,259,1.0929,47,80
2648,328,1.4027,41,261
2649,522,2.4205,59,518
2650,228,0.9412,53,59
2651,247,1.0211,50,171
2652,393,1.9235,38,218
2653,351,1.6775,46,199
2654,834,4.0767,57,728
2655,321,1.335,48,121
2656,338,1.4313,49,192
2657,1346,6.8479,79,1071
2658,86,0.3585,40,76
2659,381,1.6096,75,87
2660,593,2.7955,83,156
2661,943,4.5657,48,137
2662,313,1.3174,50,107
2663,155,0.6241,45,40
2664,276,1.2109,56,74
2665,307,1.4183,51,299
2666,827,4.0563,50,548
2667,799,3.8259,63,118
2668,503,2.3962,53,45
2669,413,1.9756,46,180
2670,390,1.9682,45,161
2671,391,1.7094,48,286
2672,524,2.2315,47,382
2673,787,4.1088,53,483
2674,90,0.4279,46,51
2675,398,1.7199,42,107
2676,393,1.7224,60,233
2677,400,1.7016,50,39
2678,338,1.5648,56,107
2679,141,0.5628,42,121
2680,614,3.156,52,589
2681,738,3.221,56,595
2682,187,0.7699,44,85
2683,330,1.425,59,123
2684,480,2.0339,62,179
2685,120,0.479,49,42
2686,705,3.1455,75,52
2687,537,2.2926,55,534
2688,724,3.4126,47,520
2689,783,3.7739,53,447
2690,561,2.6047,79,214
2691,96,0.378,38,28
2692,609,2.8491,62,593
2693,469,2.0695,52,262
2694,823,3.8976,64,500
2695,252,1.1982,46,77
2696,947,5.1504,70,431
2697,777,3.8963,65,114
2698,767,3.7468,66,83
2699,626,2.8811,53,60
2700,982,4.6719,60,131
2701,508,2.3589,56,66
2702,887,4.2591,49,673
2703,588,2.8057,49,416
2704,148,0.6201,45,89
2705,149,0.6239,46,90
2706,167,0.8373,52,113
2707,675,3.0315,63,619
2708,674,3.0485,49,483
2709,1321,6.699,61,395
2710,302,1.2591,44,228
2711,603,2.7607,48,168
2712,473,2.1988,49,135
2713,284,1.2262,53,190
2714,368,1.5231,55,84
2715,282,1.1713,48,108
2716,2198,11.2943,76,545
2717,126,0.5579,45,60
2718,1844,9.8488,64,987
2719,256,1.1757,44,194
2720,190,0.7911,47,137
2721,242,1.1371,45,140
2722,1063,5.2185,74,288
2723,406,1.7451,45,364
2724,597,2.7908,49,430
2725,507,2.428,53,172
2726,106,0.4374,53,98
2727,955,4.6407,57,782
2728,218,0.9328,52,217
2729,922,4.7033,51,413
2730,586,2.7258,47,214
2731,179,0.7341,57,62
2732,565,2.5989,60,232
2733,493,2.3924,49,202
2734,1452,7.567,74,1376
2735,242,1.1559,45,178
2736,1331,6.5024,79,318
2737,426,2.0592,48,111
2738,1800,8.9936,58,791
2739,319,1.3592,38,232
2740,125,0.5053,40,82
2741,752,3.6751,51,62
2742,118,0.4685,36,74
2743,1691,8.6674,59,630
2744,392,1.8508,43,170
2745,614,3.0483,50,485
2746,312,1.4191,51,100
2747,1129,5.7148,73,715
2748,298,1.3038,42,65
2749,139,0.5774,39,95
2750,471,1.9982,59,247
2751,252,1.0373,44,77
2752,184,0.7411,53,169
2753,142,0.5762,40,95
2754,554,2.3646,65,106
2755,362,1.4644,57,95
2756,156,0.6282,47,86
2757,286,1.2549,71,175
2758,466,1.961,61,251
2759,688,2.9903,61,513
2760,697,3.1468,59,226
2761,207,0.846,59,83
2762,1221,6.1017,75,701
2763,824,4.0701,70,144
2764,656,2.7694,54,232
2765,2471,12.5142,55,1793
2766,1124,5.986,54,1121
2767,212,0.8836,43,83
2768,894,5.048,61,201
2769,579,2.7133,70,555
2770,396,1.6992,66,335
2771,152,0.6297,48,122
2772,1094,5.2956,66,314
2773,476,2.1347,51,262
2774,395,1.6622,54,137
2775,1342,6.9425,71,948
2776,463,2.0371,66,79
2777,232,0.9768,51,95
2778,254,1.0747,47,214
2779,598,2.6325,59,270
2780,571,2.4879,51,396
2781,289,1.2231,48,211
2782,117,0.4706,50,91
2783,440,1.9199,45,152
2784,1413,7.2003,73,1331
2785,1412,7.5412,52,435
2786,462,2.2131,51,327
2787,637,3.0679,49,617
2788,817,4.2312,61,130
2789,1355,6.955,73,877
2790,970,4.9623,53,509
2791,844,4.1225,68,47
2792,352,1.494,57,176
2793,330,1.6061,50,248
2794,421,1.8038,71,123
2795,945,4.7343,57,594
2796,135,0.5547,55,75
2797,651,2.9965,48,460
2798,320,1.3341,46,132
2799,200,0.8378,43,198
2800,583,2.6007,63,439
2801,219,0.9172,47,164
2802,476,2.2716,56,342
2803,269,1.1276,48,81
2804,1249,6.2296,53,1032
2805,371,1.8154,53,172
2806,263,1.326,42,84
2807,2728,13.8872,61,688
2808,221,1.0079,51,166
2809,119,0.4757,52,55
2810,257,1.0793,49,153
2811,695,3.2743,60,104
2812,198,0.8233,56,49
2813,2172,11.1798,62,1256
2814,1477,7.4166,55,1307
2815,514,2.4536,52,220
2816,845,4.0398,52,84
2817,614,2.8812,62,180
2818,440,1.8777,46,406
2819,517,2.4088,57,93
2820,431,1.8548,48,281
2821,527,2.3535,47,41
2822,628,2.9855,60,479
2823,410,1.6923,58,231
2824,607,2.7388,57,83
2825,941,4.7889,76,87
2826,445,1.8725,61,443
2827,316,1.325,65,186
2828,378,1.6975,42,158
2829,223,0.9427,52,111
2830,152,0.6078,52,99
2831,631,2.9879,54,525
2832,454,2.1971,53,442
2833,175,0.7285,48,62
2834,682,3.0082,61,649
2835,117,0.4625,49,114
2836,559,2.5948,54,399
2837,1013,5.0666,56,1011
2838,754,3.4329,65,311
2839,113,0.4638,40,66
2840,200,0.8641,48,151
2841,967,4.7667,49,813
2842,318,1.5436,49,105
2843,123,0.5031,40,60
2844,650,2.8477,62,208
2845,327,1.3776,50,105
2846,327,1.3726,60,237
2847,111,0.5418,56,48
2848,371,1.5857,45,102
2849,1094,5.3235,60,1079
2850,293,1.444,52,227
2851,1685,8.689,59,325
2852,5323,27.8366,68,3053
2853,177,0.7464,69,154
2854,91,0.4367,39,54
2855,537,2.4918,59,90
2856,410,1.7512,46,47
2857,119,0.5973,51,118
2858,95,0.3845,41,47
2859,612,2.6668,68,97
2860,1132,5.6703,70,437
2861,512,2.2794,55,441
2862,471,2.0859,47,133
2863,451,2.0275,46,69
2864,205,0.8461,49,198
2865,670,2.9558,56,127
2866,746,3.323,54,476
2867,307,1.2822,73,75
2868,80,0.3082,47,47
2869,300,1.2991,47,79
2870,606,2.6391,54,194
2871,887,4.609,61,819
2872,316,1.3371,62,304
2873,909,4.5806,63,810
2874,457,1.9656,53,71
2875,993,4.9097,66,47
2876,757,3.5343,54,91
2877,489,2.1842,66,60
2878,236,0.9955,54,208
2879,351,1.4913,55,96
2880,1118,5.422,74,787
2881,1431,7.103,62,593
2882,112,0.4484,47,97
2883,301,1.3739,48,57
2884,1660,9.0635,60,337
2885,490,2.4362,58,367
2886,660,3.3132,54,166
2887,2189,11.0513,54,2025
2888,217,0.915,53,92
2889,658,2.9789,53,76
2890,224,0.9473,47,193
2891,1839,8.8666,80,1618
2892,336,1.5042,52,151
2893,692,3.2473,65,355
2894,670,3.1964,82,473
2895,250,1.2262,51,48
2896,577,2.602,48,362
2897,274,1.169,40,164
2898,478,2.2408,47,208
2899,438,1.9473,81,247
2900,132,0.5359,42,120
2901,510,2.2492,52,454
2902,512,2.2381,50,76
2903,510,2.2271,52,65
2904,503,2.3263,59,227
2905,502,2.1697,47,446
2906,93,0.3834,39,41
2907,722,3.3106,58,487
2908,389,1.7147,48,151
2909,199,0.891,42,55
2910,192,0.7905,48,59
2911,253,1.0748,49,120
2912,396,1.6752,59,46
2913,303,1.2736,53,96
2914,601,2.6236,49,87
2915,756,3.5281,59,104
2916,248,1.0068,60,175
2917,449,2.0059,59,345
2918,764,3.8328,58,763
2919,634,3.4425,68,387
2920,322,1.3451,43,211
2921,1391,7.1232,70,819
2922,340,1.4602,54,148
2923,1141,5.5571,61,573
2924,235,1.1868,56,218
2925,298,1.2567,48,190
2926,554,2.4219,57,158
2927,281,1.1565,49,43
2928,199,0.8433,44,48
2929,615,2.705,57,425
2930,257,1.2874,39,198
2931,225,0.9206,48,61
2932,180,0.7547,49,58
2933,228,1.152,59,218
2934,269,1.3483,46,54
2935,569,2.9193,49,381
2936,454,2.2434,52,226
2937,487,2.1096,55,330
2938,183,0.7732,42,165
2939,199,0.9168,37,134
2940,423,2.0513,55,109
2941,86,0.3395,47,53
2942,206,0.9646,44,71
2943,294,1.2317,47,235
2944,672,2.9479,69,491
2945,986,4.9586,53,733
2946,450,2.1492,61,76
2947,1219,5.9,80,143
2948,398,1.8285,47,85
2949,130,0.5131,47,64
2950,455,2.1704,59,332
2951,486,2.3161,50,432
2952,1060,5.263,56,903
2953,460,2.4206,45,69
2954,517,2.2776,52,225
2955,728,3.4099,62,167
2956,886,4.2958,69,788
2957,639,2.9634,59,539
2958,1487,7.675,53,1018
2959,155,0.6379,44,50
2960,1476,7.3846,65,1349
2961,1158,6.0578,72,409
2962,815,4.5451,58,99
2963,389,1.8576,56,234
2964,671,3.5171,56,484
2965,125,0.4985,38,83
2966,1719,9.1077,65,898
2967,276,1.1932,49,226
2968,538,2.5324,64,79
2969,953,4.6582,65,83
2970,261,1.1411,44,244
2971,499,2.1902,56,171
2972,355,1.5157,56,58
2973,106,0.4268,44,87
2974,1536,7.8151,74,1267
2975,510,2.515,63,501
2976,870,4.4475,75,125
2977,534,2.4194,69,485
2978,439,2.311,60,405
2979,490,2.1254,53,143
2980,843,3.8393,63,451
2981,501,2.3023,51,155
2982,249,1.0462,53,97
2983,540,2.3357,79,117
2984,506,2.3075,60,421
2985,348,1.526,54,172
2986,355,1.545,54,111
2987,1192,5.6946,68,411
2988,489,2.1669,51,332
2989,154,0.6398,54,146
2990,649,2.8452,57,410
2991,455,2.0372,62,266
2992,298,1.2546,47,261
2993,256,1.1121,47,128
2994,297,1.2247,47,64
2995,346,1.461,63,314
2996,855,3.9268,61,412
2997,250,1.2199,53,42
2998,588,2.5698,61,242
2999,428,1.9721,59,296
3000,917,4.871,53,558
3001,231,0.9804,68,163
3002,605,2.7327,62,179
3003,952,4.6868,65,878
3004,366,1.5691,61,87
3005,612,2.8256,58,107
3006,246,1.0732,47,220
3007,149,0.6086,56,99
3008,65,0.2568,48,33
3009,740,3.2515,60,252
3010,868,3.9786,50,376
3011,577,2.9041,54,571
3012,295,1.2526,46,113
3013,521,2.2078,56,332
3014,488,2.1117,49,198
3015,507,2.1903,49,452
3016,382,1.6353,55,262
3017,211,0.8784,41,155
3018,860,4.2837,54,464
3019,153,0.6228,55,147
3020,135,0.7048,38,26
3021,239,1.0175,48,117
3022,307,1.3048,44,225
3023,1538,8.0657,58,550
3024,1674,8.5501,77,1282
3025,1042,5.266,52,226
3026,581,2.6248,52,306
3027,524,2.2604,63,178
3028,150,0.6124,50,47
3029,399,1.9831,61,374
3030,895,4.3858,49,725
3031,406,1.7356,48,221
3032,82,0.3407,35,77
3033,579,2.5577,60,230
3034,745,3.5027,61,75
3035,556,2.4351,47,456
3036,204,0.848,49,194
3037,553,2.7741,50,503
3038,347,1.4884,50,42
3039,944,4.9559,56,568
3040,364,1.5705,59,193
3041,380,1.641,48,329
3042,496,2.178,54,415
3043,654,2.8322,62,577
3044,529,2.3375,58,68
3045,374,1.6492,53,67
3046,396,1.765,49,228
3047,1697,8.5209,80,64
3048,418,2.1394,55,121
3049,482,2.3978,49,444
3050,241,1.0741,44,77
3051,4913,25.5613,69,1703
3052,64,0.2684,36,61
3053,147,0.6077,42,38
3054,721,3.3678,79,82
3055,782,3.95,48,460
3056,521,2.3335,49,104
3057,1255,6.288,52,1221
3058,244,1.0579,50,181
3059,697,3.1658,54,294
3060,530,2.4662,59,78
3061,727,3.4169,59,524
3062,1013,4.8162,50,604
3063,424,2.0146,70,259
3064,109,0.4312,42,77
3065,348,1.6067,54,93
3066,659,2.9936,50,100
3067,217,0.906,52,158
3068,139,0.5674,42,57
3069,544,2.4099,56,473
3070,519,2.3428,47,296
3071,226,0.9314,62,209
3072,196,0.8103,49,164
3073,1039,5.2066,75,721
3074,1045,5.2965,60,203
3075,526,2.2888,55,507
3076,341,1.5716,47,339
3077,672,3.0281,54,373
3078,122,0.4848,43,39
3079,643,2.9979,43,324
3080,1230,6.5347,56,824
3081,463,2.1458,57,453
3082,368,1.7706,58,80
3083,260,1.1456,47,183
3084,677,3.1619,61,73
3085,995,5.4756,61,519
3086,2075,11.1226,76,1816
3087,189,0.8447,53,70
3088,332,1.5252,51,264
3089,259,1.1188,54,255
3090,725,3.4889,42,402
3091,1146,6.0536,60,128
3092,1053,5.7225,69,274
3093,202,0.9675,64,115
3094,601,2.885,55,579
3095,481,2.3157,46,222
3096,485,2.2862,57,152
3097,464,2.1138,50,409
3098,187,0.8562,47,63
3099,420,2.0763,52,377
3100,1406,7.7626,63,733
3101,377,1.8806,62,298
3102,78,0.3142,34,49
3103,535,2.4745,68,282
3104,1052,5.4566,58,571
3105,492,2.1608,57,402
3106,994,5.1958,54,861
3107,182,0.789,51,173
3108,369,1.6679,38,322
3109,347,1.5371,57,195
3110,528,2.4459,56,285
3111,246,1.1804,51,103
3112,653,3.1267,74,566
3113,439,2.1502,48,68
3114,694,3.2909,52,630
3115,598,2.9322,59,94
3116,735,3.4673,60,543
3117,244,1.0526,46,122
3118,707,3.4478,62,82
3119,705,3.8125,60,459
3120,612,2.6022,58,156
3121,605,2.5912,46,408
3122,251,1.0203,75,144
3123,251,1.048,61,89
3124,462,2.1132,83,359
3125,271,1.1332,40,50
3126,419,2.041,48,242
3127,472,2.0107,54,64
3128,408,2.0293,44,147
3129,422,1.8456,58,230
3130,3480,18.1457,66,2874
3131,1002,5.5554,64,88
3132,155,0.709,44,104
3133,138,0.5637,44,116
3134,121,0.4759,43,114
3135,135,0.5542,61,102
3136,455,1.9572,53,431
3137,926,4.4324,69,555
3138,187,0.7819,49,107
3139,318,1.3446,45,278
3140,405,1.8036,56,190
3141,392,1.7251,44,200
3142,170,0.6963,42,94
3143,157,0.7794,45,31
3144,160,0.6484,48,67
3145,963,4.8601,68,481
3146,144,0.5879,44,79
3147,1175,5.6831,64,1100
3148,525,2.4627,48,279
3149,317,1.3222,52,227
3150,480,2.1284,53,331
3151,722,3.4158,54,688
3152,281,1.208,74,69
3153,300,1.2954,62,108
3154,495,2.1164,51,126
3155,119,0.4727,41,68
3156,887,4.4976,66,139
3157,396,1.8656,45,258
3158,168,0.6935,44,68
3159,331,1.4219,48,239
3160,159,0.6667,46,93
3161,390,1.9382,51,253
3162,93,0.4251,32,53
3163,218,0.9788,37,143
3164,1094,5.5416,71,715
3165,493,2.2137,57,63
3166,856,4.2377,67,809
3167,112,0.4419,40,62
3168,477,2.0851,56,296
3169,540,2.372,54,245
3170,351,1.5495,48,147
3171,748,3.6235,65,272
3172,493,2.2743,49,352
3173,213,0.9511,56,159
3174,179,0.7438,47,105
3175,215,0.8996,59,186
3176,820,4.061,52,326
3177,255,1.1847,50,72
3178,125,0.4929,57,121
3179,3920,21.3397,58,184
3180,394,2.0412,51,316
3181,266,1.2275,51,190
3182,452,2.0507,46,124
3183,716,3.4744,51,272
3184,87,0.3612,38,60
3185,392,1.7169,47,178
3186,609,2.778,50,56
3187,186,0.7519,48,181
3188,532,2.2981,67,445
3189,400,1.7896,46,102
3190,495,2.268,56,270
3191,953,4.9473,55,730
3192,611,2.7632,44,513
3193,1184,6.0552,66,612
3194,541,2.57,47,82
3195,1077,5.6461,72,50
3196,334,1.5455,49,178
3197,379,1.7155,76,174
3198,766,3.7482,53,104
3199,628,3.0328,60,617
3200,504,2.2311,56,500
3201,1191,6.1863,68,131
3202,1515,7.7828,56,684
3203,218,0.9572,46,127
3204,1215,6.2865,64,96
3205,289,1.232,41,284
3206,608,2.8272,52,77
3207,335,1.4629,53,49
3208,277,1.1636,50,41
3209,591,2.6648,50,73
3210,344,1.5707,45,114
3211,624,2.8286,70,51
3212,2143,11.0072,55,232
3213,638,2.9772,61,438
3214,1227,6.2907,92,83
3215,672,3.3422,66,468
3216,699,3.5711,54,325
3217,1192,6.47,61,248
3218,140,0.7375,32,125
3219,91,0.4073,59,41
3220,192,0.9298,49,177
3221,348,1.7695,53,239
3222,193,0.9375,45,186
3223,468,2.3966,47,449
3224,842,4.7964,52,582
3225,227,1.2868,71,207
3226,317,1.6569,49,83
3227,183,0.9025,48,99
3228,144,0.664,47,55
3229,333,1.6445,55,305
3230,79,0.3707,47,68
3231,556,3.0359,53,73
3232,397,2.1997,59,47
3233,269,1.3674,41,240
3234,370,1.8286,47,49
3235,405,2.137,44,311
3236,212,1.0196,48,80
3237,890,4.7588,52,184
3238,269,1.3694,40,234
3239,123,0.657,35,47
3240,820,4.7575,74,122
3241,421,2.1146,71,420
3242,681,3.4643,82,332
3243,1008,5.1475,59,520
3244,227,0.9999,43,60
3245,595,2.8381,63,74
3246,630,3.0828,57,226
3247,338,1.5355,55,187
3248,226,0.9382,54,95
3249,847,4.229,61,177
3250,511,2.4146,46,455
3251,170,0.8973,48,72
3252,497,2.563,60,289
3253,540,2.4265,68,70
3254,462,2.0326,50,144
3255,197,0.7896,49,183
3256,525,2.2362,55,118
3257,177,0.8069,67,174
3258,591,2.6966,66,435
3259,289,1.2128,48,60
3260,182,0.7882,51,85
3261,526,2.4738,49,524
3262,329,1.5898,47,239
3263,929,4.558,66,524
3264,387,1.6991,41,237
3265,328,1.4817,44,251
3266,412,1.7592,52,238
3267,301,1.2738,48,116
3268,246,1.065,64,78
3269,695,3.1153,73,329
3270,498,2.4401,58,268
3271,682,2.9554,60,351
3272,1748,8.9842,52,61
3273,126,0.5122,61,83
3274,408,1.6804,61,117
3275,2227,12.1268,71,741
3276,432,1.9021,50,324
3277,718,3.2127,72,689
3278,505,2.2012,61,450
3279,2532,12.971,90,2297
3280,1060,5.3451,77,649
3281,126,0.5938,38,117
3282,1308,6.5111,62,548
3283,4700,24.763,70,4251
3284,163,0.8765,43,140
3285,891,4.464,63,95
3286,220,0.9953,58,144
3287,204,0.835,45,92
3288,263,1.1169,55,94
3289,1351,7.2237,54,995
3290,249,1.638,54,172
3291,1747,11.4553,63,647
3292,1597,9.6019,77,873
3293,581,2.9927,65,516
3294,410,2.1016,51,42
3295,1283,7.099,64,998
3296,2112,12.5955,75,1987
3297,69,0.4793,37,52
3298,2007,11.7762,73,125
3299,388,2.2684,51,262
3300,388,2.1054,52,55
3301,161,0.955,49,130
3302,378,2.3922,44,70
3303,73,0.3597,49,50
3304,184,0.9067,55,119
3305,212,1.0327,52,203
3306,326,1.7318,58,54
3307,420,2.2782,58,162
3308,1151,7.0086,73,610
3309,561,3.2859,52,193
3310,2104,13.2626,79,1386
3311,574,4.9215,54,57
3312,484,3.3077,59,58
3313,491,2.9648,59,427
3314,575,3.3789,56,129
3315,873,5.9279,76,585
3316,332,2.5858,55,104
3317,344,2.1499,51,75
3318,395,2.2891,52,84
3319,308,1.6648,47,306
3320,526,3.3279,53,302
3321,360,1.9962,64,70
3322,188,0.9897,45,180
3323,329,1.9136,60,276
3324,608,3.5448,59,275
3325,163,0.9425,44,45
3326,210,1.0154,49,191
3327,1106,7.306,57,537
3328,1562,9.4853,62,1137
3329,321,2.0687,51,80
3330,835,4.5741,80,408
3331,1825,10.4214,57,753
3332,190,0.9488,45,144
3333,413,2.0593,49,318
3334,376,1.9264,50,105
3335,247,1.2691,67,107
3336,174,0.8174,49,98
3337,234,1.2093,45,230
3338,177,0.8819,51,58
3339,455,2.52,71,454
3340,677,3.7826,66,78
3341,77,0.4705,44,68
3342,640,3.5567,67,194
3343,1884,12.1568,66,1191
3344,585,3.6984,65,86
3345,1960,11.2232,65,1466
3346,512,3.1642,73,83
3347,2518,15.011,54,1708
3348,682,4.4143,73,55
3349,1103,6.5743,49,923
3350,599,3.1127,48,455
3351,274,1.7613,46,211
3352,465,2.4713,65,187
3353,419,2.6962,67,200
3354,378,2.0142,51,285
3355,62,0.2949,36,61
3356,666,3.7859,48,126
3357,346,1.8673,54,134
3358,226,1.3055,47,134
3359,334,1.9088,50,137
3360,688,3.6798,78,257
3361,333,2.1075,56,323
3362,318,1.8372,47,68
3363,94,0.397,53,89
3364,496,2.572,57,416
3365,2085,11.3604,63,963
3366,181,0.8516,60,39
3367,353,1.6435,50,314
3368,658,3.0741,53,575
3369,168,0.9667,55,164
3370,729,3.9252,75,60
3371,261,1.2391,56,121
3372,225,1.1693,49,67
3373,228,1.2976,43,183
3374,1202,6.3631,58,772
3375,788,4.418,59,380
3376,1385,7.5728,53,1383
3377,284,1.4854,50,165
3378,250,1.2112,67,193
3379,500,2.6602,60,455
3380,2314,13.3236,73,455
3381,96,0.4527,35,61
3382,356,1.88,51,275
3383,302,1.5676,56,56
3384,507,2.6113,58,439
3385,516,3.0416,63,111
3386,241,1.3264,54,127
3387,180,1.1923,52,140
3388,700,4.6484,62,257
3389,3005,16.628,73,1590
3390,173,0.7475,51,90
3391,537,2.6151,57,475
3392,484,2.1957,53,79
3393,1130,5.9073,61,297
3394,218,1.0408,46,202
3395,1181,6.1013,70,1006
3396,1374,7.4259,71,833
3397,335,1.9993,59,172
3398,506,2.4725,62,440
3399,417,1.8258,42,256
3400,620,4.0171,55,411
3401,239,1.3264,46,85
3402,102,0.4551,39,101
3403,204,1.0522,46,169
3404,200,0.9455,47,96
3405,405,2.2194,53,393
3406,575,3.223,51,567
3407,808,5.2382,50,543
3408,407,2.1234,52,148
3409,374,2.0847,50,54
3410,1713,10.5491,61,1239
3411,190,1.1637,62,123
3412,152,0.8319,55,73
3413,217,1.5418,45,147
3414,161,0.6864,49,132
3415,185,1.0589,53,174
3416,244,1.3152,50,236
3417,506,2.9061,62,73
3418,239,1.5499,43,54
3419,148,0.7738,43,142
3420,325,2.0652,55,107
3421,360,2.2798,45,70
3422,692,3.9289,52,69
3423,1327,8.3933,76,566
3424,292,1.5602,44,45
3425,1048,6.3787,75,333
3426,1074,10.8976,62,325
3427,709,6.05,67,93
3428,418,2.3057,63,308
3429,339,2.0246,48,199
3430,486,2.6886,53,280
3431,121,0.6214,45,119
3432,513,4.4194,55,323
3433,562,3.723,53,113
3434,632,3.6333,55,569
3435,752,4.2912,68,279
3436,722,4.8649,78,223
3437,111,0.6946,42,58
3438,145,0.8807,39,123
3439,443,11.4702,48,332
3440,2301,22.2316,64,2137
3441,501,3.5114,60,295
3442,266,1.8093,46,131
3443,413,4.4211,59,68
3444,550,3.3393,75,491
3445,421,3.0372,46,393
3446,388,2.1488,59,201
3447,522,3.0921,57,81
3448,1528,12.5872,58,922
3449,879,5.9603,52,612
3450,511,2.8933,56,48
3451,855,6.0828,61,328
3452,151,0.7464,46,149
3453,685,3.861,52,539
3454,1755,9.4839,55,282
3455,452,2.6173,75,437
3456,517,2.8073,54,61
3457,3536,18.8214,59,2043
3458,479,2.8741,69,169
3459,671,3.4839,56,581
3460,432,1.9959,54,132
3461,485,2.3143,54,474
3462,1032,5.7647,60,518
3463,184,1.1038,59,180
3464,198,0.895,58,150
3465,1545,8.1486,59,1284
3466,794,4.5172,48,77
3467,549,2.6857,56,518
3468,254,1.2138,46,91
3469,139,0.593,47,77
3470,308,1.3935,50,193
3471,252,1.0607,54,181
3472,593,2.998,49,300
3473,491,2.549,62,199
3474,1068,5.8884,70,945
3475,978,5.0151,73,503
3476,1979,10.2271,66,1338
3477,437,2.1782,51,245
3478,1228,6.2187,48,974
3479,996,4.9719,69,218
3480,319,1.3878,77,137
3481,351,1.4898,49,187
3482,1554,7.8633,79,1110
3483,586,2.631,50,39
3484,514,2.5451,57,357
3485,410,1.739,61,62
3486,927,4.7824,49,266
3487,164,0.8621,40,128
3488,1774,9.1353,65,260
3489,2670,13.751,59,159
3490,957,4.9123,64,847
3491,837,4.1108,62,483
3492,493,2.6295,53,324
3493,310,1.3059,55,262
3494,168,0.8082,42,125
3495,158,0.6559,44,64
3496,914,4.6076,51,868
3497,2845,15.0369,66,497
3498,465,2.1492,54,312
3499,496,2.1464,52,495
3500,523,2.4591,64,464
3501,519,2.2799,54,494
3502,303,1.4531,52,292
3503,108,0.5812,46,60
3504,584,2.9645,45,182
3505,732,4.0188,61,242
3506,972,5.2338,74,668
3507,588,3.0718,54,220
3508,320,1.726,50,139
3509,785,4.3797,51,641
3510,798,5.0301,65,288
3511,1638,9.8767,58,992
3512,2054,11.7728,59,477
3513,127,0.6853,48,58
3514,617,3.6168,52,326
3515,332,2.0224,42,130
3516,748,4.3109,63,74
3517,1216,7.5509,57,768
3518,456,2.898,53,70
3519,656,3.4004,70,56
3520,113,0.7369,45,44
3521,498,2.9126,48,250
3522,407,2.2564,47,105
3523,1001,6.0454,62,826
3524,407,2.5995,55,81
3525,400,2.575,58,368
3526,412,2.5262,45,318
3527,399,2.4328,48,91
3528,1396,8.4054,62,215
3529,1855,10.9628,69,1737
3530,627,4.1731,57,620
3531,398,2.3875,63,122
3532,90,0.573,47,84
3533,691,4.2257,51,551
3534,345,1.6718,51,271
3535,684,3.7035,56,624
3536,453,2.212,60,251
3537,197,1.0189,53,102
3538,1712,10.0734,74,1096
3539,1440,8.7235,58,967
3540,322,1.7734,47,200
3541,258,1.4712,63,230
3542,204,0.913,39,103
3543,513,2.7322,50,416
3544,149,0.9581,46,78
3545,1319,7.5432,55,1249
3546,156,0.8188,66,61
3547,776,4.7174,77,255
3548,465,3.2929,51,349
3549,678,3.9758,64,674
3550,819,5.2118,55,149
3551,409,2.1575,58,408
3552,413,2.2406,49,292
3553,398,1.8886,48,229
3554,93,0.6368,38,53
3555,223,1.0533,44,158
3556,1871,10.2969,80,83
3557,347,2.0907,48,227
3558,1545,9.059,72,839
3559,179,0.8518,39,83
3560,542,2.8087,55,69
3561,597,3.0686,66,208
3562,287,1.487,51,184
3563,566,3.2042,46,535
3564,874,4.89,71,486
3565,190,0.9947,45,80
3566,622,3.2699,67,457
3567,793,4.6044,59,520
3568,723,4.405,58,251
3569,610,3.0915,68,471
3570,393,2.1639,51,332
3571,115,0.7021,35,71
3572,231,1.3362,55,72
3573,443,2.1099,50,386
3574,314,1.4992,51,205
3575,3751,33.2415,67,3194
3576,66,0.3179,38,55
3577,935,7.5831,66,397
3578,827,5.3076,74,179
3579,467,3.5372,57,343
3580,664,3.6897,63,165
3581,917,5.0815,65,760
3582,386,1.8134,50,324
3583,388,2.3869,53,306
3584,288,1.5932,46,45
3585,458,2.167,51,63
3586,78,0.4567,58,57
3587,191,0.9267,50,136
3588,1248,6.9741,52,514
3589,238,1.0555,62,214
3590,1009,5.1911,54,671
3591,479,2.094,55,136
3592,315,1.5799,47,157
3593,1672,9.1821,64,708
3594,1023,5.4053,52,883
3595,1196,5.9841,85,1189
3596,526,2.7195,51,131
3597,414,1.8563,49,95
3598,499,2.4846,45,142
3599,744,4.3643,57,509
3600,718,3.4904,73,575
3601,543,2.4377,53,310
3602,572,2.7411,59,477
3603,2220,11.8459,62,1489
3604,487,2.2133,47,414
3605,837,4.0534,48,743
3606,270,1.1533,38,230
3607,80,0.4046,46,41
3608,150,0.782,51,100
3609,538,2.684,47,80
3610,512,2.7754,53,266
3611,457,1.9902,63,111
3612,187,1.3652,55,119
3613,163,0.7651,49,150
3614,978,6.2139,77,727
3615,737,4.7171,61,128
3616,395,2.2565,47,251
3617,465,2.5943,49,102
3618,545,2.7142,53,325
3619,425,2.1258,48,111
3620,1832,10.241,77,1789
3621,222,1.4829,69,33
3622,353,1.6603,57,104
3623,850,4.8429,64,101
3624,194,0.9098,56,49
3625,183,0.8588,46,133
3626,559,2.9877,52,532
3627,986,5.5387,57,914
3628,1285,7.3741,65,1206
3629,981,5.9377,56,783
3630,445,2.2041,54,103
3631,1127,6.4442,64,745
3632,642,3.6403,54,30
3633,942,5.0574,69,147
3634,3467,18.208,75,1445
3635,253,1.2302,56,208
3636,253,1.1739,44,147
3637,596,2.8064,64,127
3638,65,0.2675,41,61
3639,189,0.9464,39,66
3640,747,3.7196,58,46
3641,789,3.8704,48,521
3642,912,4.9941,49,286
3643,351,1.9542,42,163
3644,160,0.7657,53,141
3645,583,2.9779,52,326
3646,718,3.7489,61,103
3647,984,5.3328,76,114
3648,1210,6.3962,89,355
3649,429,2.1786,58,149
3650,270,1.1585,49,113
3651,722,3.2959,52,423
3652,670,3.5232,66,656
3653,108,0.6082,54,96
3654,1742,9.4742,70,919
3655,671,3.6411,64,616
3656,1519,8.1631,78,697
3657,177,0.7505,41,105
3658,479,2.2641,53,432
3659,612,3.0117,64,114
3660,491,2.3443,56,46
3661,607,3.1182,53,548
3662,429,2.3336,53,93
3663,5496,28.4868,90,730
3664,656,3.6537,63,512
3665,390,1.8407,62,334
3666,108,0.5519,44,106
3667,1821,9.8157,75,688
3668,766,4.0823,53,478
3669,1301,7.0731,75,1063
3670,109,0.4483,54,83
3671,1134,5.9909,56,750
3672,393,1.7807,51,241
3673,267,1.2138,47,112
3674,71,0.2743,37,46
3675,143,0.6519,46,59
3676,300,2.4205,45,254
3677,2287,12.3873,70,798
3678,288,1.5857,60,213
3679,787,4.2301,49,460
3680,845,4.8031,52,651
3681,711,4.7946,46,94
3682,969,5.8849,58,342
3683,56,0.2947,28,54
3684,451,2.4571,53,246
3685,272,1.3717,56,183
3686,206,0.9901,43,59
3687,853,5.4083,53,57
3688,918,5.6323,53,463
3689,266,1.5534,53,161
3690,721,5.1005,52,227
3691,820,4.4062,58,689
3692,1141,6.0873,55,87
3693,824,4.3943,63,699
3694,973,4.9888,59,581
3695,880,4.8573,49,699
3696,321,1.5556,47,99
3697,777,3.9987,49,584
3698,1417,7.5222,73,937
3699,118,0.5693,41,107
3700,328,1.5008,61,251
3701,174,0.7643,46,151
3702,122,0.4862,39,86
3703,118,0.5472,53,66
3704,245,1.0262,55,89
3705,293,1.2147,62,74
3706,65,0.2762,43,54
3707,614,3.128,76,574
3708,218,0.9446,43,118
3709,251,1.0623,47,188
3710,147,0.6815,46,44
3711,976,5.0783,53,183
3712,537,2.7892,66,401
3713,199,0.8381,62,126
3714,2263,11.7978,62,400
3715,950,4.9734,62,257
3716,425,1.8369,63,171
3717,118,0.4841,43,111
3718,448,1.9387,60,409
3719,638,2.965,52,118
3720,420,1.8148,46,273
3721,840,4.1712,62,70
3722,779,3.8665,53,409
3723,369,1.7398,50,356
3724,595,2.8376,50,174
3725,539,2.4417,57,231
3726,668,3.1457,59,486
3727,432,1.9238,64,294
3728,557,2.7123,48,499
3729,327,1.3933,55,281
3730,750,3.3684,62,389
3731,718,3.4118,51,230
3732,89,0.4373,35,34
3733,258,1.249,52,221
3734,618,2.8395,50,190
3735,1076,5.8772,59,1025
3736,1026,5.4547,56,769
3737,634,3.11,51,224
3738,410,2.2122,52,170
3739,275,1.1645,46,121
3740,501,2.2773,65,319
3741,500,2.424,56,287
3742,674,3.0946,72,656
3743,1448,7.5104,72,1216
3744,474,2.3047,56,201
3745,992,5.418,68,326
3746,1150,6.283,60,128
3747,475,2.7528,51,219
3748,252,1.0614,74,139
3749,336,1.6012,47,328
3750,899,4.9244,50,736
3751,564,2.8158,60,231
3752,277,1.2069,41,53
3753,950,4.9558,69,69
3754,3990,22.1786,106,513
3755,487,2.5546,74,236
3756,2083,11.8116,57,937
3757,666,3.5333,49,43
3758,853,4.5851,68,696
3759,557,2.6695,73,179
3760,2010,10.2304,72,1272
3761,1089,5.8174,71,297
3762,538,2.7868,65,529
3763,602,2.62,67,52
3764,47,0.1934,30,40
3765,418,1.8541,46,84
3766,1017,4.7625,71,224
3767,281,1.3173,50,228
3768,98,0.4035,56,83
3769,194,0.9516,39,191
3770,1295,6.492,66,142
3771,538,2.3894,83,401
3772,850,4.1686,59,754
3773,512,2.3907,57,278
3774,603,2.6609,54,128
3775,138,0.5795,50,118
3776,717,3.1493,75,701
3777,841,3.8882,65,427
3778,197,0.8073,53,102
3779,140,0.5874,46,90
3780,543,2.3148,52,532
3781,85,0.3513,49,26
3782,68,0.2709,40,46
3783,539,2.3825,62,489
3784,1214,6.0947,65,962
3785,557,2.6809,87,212
3786,2931,15.4243,76,102
3787,65,0.2558,34,44
3788,452,2.2266,45,369
3789,2930,14.8136,76,102
3790,3190,16.8159,73,1304
3791,1818,9.9893,61,281
3792,147,0.5899,46,135
3793,1100,5.5951,61,155
3794,212,1.1411,59,139
3795,534,2.3344,57,279
3796,2241,11.4902,63,501
3797,67,0.3632,38,54
3798,991,4.883,56,114
3799,541,2.4011,57,536
3800,297,1.2881,48,117
3801,2029,10.0053,72,1290
3802,1035,5.0855,71,297
3803,720,3.5302,73,291
3804,538,2.3204,64,515
3805,214,0.9043,54,55
3806,750,3.7161,71,543
3807,1355,7.2286,79,898
3808,751,3.9398,66,555
3809,764,3.8184,51,359
3810,326,1.4652,42,147
3811,1083,5.7592,48,1032
3812,469,2.4325,53,418
3813,386,1.7158,73,239
3814,405,1.905,52,197
3815,512,2.4134,49,63
3816,1046,5.7524,71,297
3817,136,0.5939,49,82
3818,993,5.1241,71,297
3819,585,2.7598,64,562
3820,889,4.6989,76,404
3821,1789,9.3114,66,1733
3822,644,3.267,62,642
3823,416,2.1084,61,394
3824,130,0.6156,36,72
3825,570,2.6261,75,554
3826,279,1.2006,45,135
3827,978,5.0324,68,813
3828,250,1.062,49,113
3829,154,0.6547,68,82
3830,529,2.3624,57,522
3831,1064,5.179,59,538
3832,1293,6.4951,86,211
3833,1980,9.8675,56,1089
3834,898,4.5454,71,532
3835,46,0.1878,36,34
3836,2737,14.241,76,102
3837,3580,18.3845,63,3128
3838,914,4.8035,82,894
3839,202,1.2228,53,91
3840,63,0.2654,35,24
3841,189,0.9289,39,187
3842,73,0.2866,41,69
3843,1367,7.02,64,138
3844,447,2.0081,52,141
3845,952,4.8228,71,86
3846,7906,41.801,85,7227
3847,71,0.3319,36,58
3848,141,0.7587,48,117
3849,571,2.6154,75,555
3850,77,0.3601,42,69
3851,513,2.2237,54,380
3852,618,2.6838,61,523
3853,135,0.5634,38,114
3854,1965,9.9476,56,1089
3855,1323,6.8114,65,1071
3856,1146,6.1602,58,1055
3857,3140,16.2865,76,102
3858,771,3.9092,69,475
3859,90,0.3618,46,70
3860,109,0.5389,44,108
3861,555,2.683,54,528
3862,2738,14.0847,76,102
3863,604,2.8112,61,385
3864,243,1.1889,46,214
3865,869,4.3371,71,771
3866,219,1.0462,47,40
3867,1560,7.7456,66,878
3868,1845,9.4737,61,281
3869,1265,6.6451,67,387
3870,732,3.3147,73,699
3871,98,0.4273,38,62
3872,139,0.6115,50,109
3873,818,3.735,55,725
3874,405,1.9898,73,240
3875,95,0.4762,47,51
3876,230,1.002,45,222
3877,90,0.3642,42,53
3878,264,1.1043,42,241
3879,729,3.1831,73,300
3880,923,4.391,62,754
3881,832,4.0028,69,493
3882,62,0.2487,45,59
3883,123,0.4873,54,99
3884,814,4.1014,60,226
3885,957,4.8158,56,114
3886,649,2.9129,76,273
3887,152,0.6263,52,140
3888,782,3.814,54,131
3889,363,1.5717,49,79
3890,490,2.1782,50,432
3891,2173,11.0281,67,331
3892,573,2.9057,52,262
3893,551,2.6304,50,455
3894,103,0.4413,41,84
3895,1149,5.5311,58,44
3896,926,4.5665,63,312
3897,1542,7.6559,76,273
3898,1345,6.9399,68,693
3899,861,4.7297,72,142
3900,966,4.6566,54,280
3901,459,1.9975,54,52
3902,125,0.5063,50,56
3903,214,0.8785,76,99
3904,1836,9.1531,79,280
3905,686,3.126,52,262
3906,564,2.4696,73,503
3907,1919,9.9084,57,1192
3908,1548,8.1266,68,1538
3909,1035,5.5247,72,739
3910,135,0.5646,52,88
3911,153,0.6269,45,111
3912,785,3.8077,55,414
3913,130,0.5277,48,123
3914,920,4.4291,63,393
3915,1944,9.7624,63,1631
3916,3735,19.0577,68,859
3917,150,0.6245,44,69
3918,251,1.2346,49,109
3919,1570,7.9281,78,923
3920,2075,10.4034,59,1463
3921,809,3.8896,69,470
3922,1497,7.4933,68,1487
3923,188,0.7955,53,104
3924,74,0.2992,35,40
3925,1622,8.4722,87,843
3926,1966,9.9383,87,1153
3927,692,3.4979,60,524
3928,1316,6.6212,69,979
3929,181,0.7424,43,154
3930,60,0.2989,31,59
3931,846,4.415,79,802
3932,282,1.2915,52,145
3933,943,4.7678,62,554
3934,1552,7.9805,79,933
3935,569,2.7357,59,217
3936,85,0.3578,37,72
3937,522,2.5134,54,98
3938,2142,10.727,77,199
3939,1159,5.991,63,785
3940,800,4.2185,69,470
3941,336,1.5101,49,53
3942,1169,6.3359,71,871
3943,474,2.383,54,52
3944,467,2.3576,49,357
3945,961,4.8519,54,871
3946,1121,5.5916,83,187
3947,117,0.482,54,61
3948,318,1.3972,63,143
3949,2793,14.0868,87,1153
3950,123,0.5017,49,80
3951,1937,10.0764,57,1169
3952,1656,8.8768,87,843
3953,480,2.1192,59,192
3954,870,4.3378,58,164
3955,57,0.2762,42,44
3956,1035,5.1092,59,496
3957,99,0.4072,47,60
3958,1286,6.2864,64,281
3959,1052,5.3008,54,889
3960,1418,7.1267,69,1112
3961,4744,24.4191,65,1280
3962,1276,6.6461,65,959
3963,1384,7.0726,72,1155
3964,974,5.1809,54,884
3965,1950,9.5775,63,1637
3966,115,0.5917,50,39
3967,107,0.4323,37,74
3968,374,1.591,73,371
3969,854,4.28,58,737
3970,315,1.479,60,137
3971,2019,9.8016,70,408
3972,136,0.5582,42,78
3973,715,3.3209,68,209
3974,2461,12.4523,79,1916
3975,728,3.7008,50,54
3976,534,2.5068,72,305
3977,512,2.2788,54,262
3978,1152,5.6393,69,979
3979,2555,13.3645,68,555
3980,554,2.5887,57,158
3981,509,2.3062,42,396
3982,1226,6.3258,65,974
3983,983,4.8074,78,923
3984,732,3.3473,70,533
3985,1897,9.2138,77,1598
3986,138,0.6001,53,40
3987,944,4.8792,60,639
3988,479,2.2411,54,52
3989,463,2.0272,49,357
3990,70,0.3069,38,47
3991,58,0.2828,31,51
3992,943,4.6927,83,158
3993,783,4.0634,53,447
3994,606,2.6273,62,169
3995,1410,6.9007,74,1363
3996,582,2.9297,50,486
3997,129,0.5201,50,127
3998,2520,12.3694,74,726
3999,547,2.6804,46,423
4000,710,3.2944,73,281
4001,1632,8.414,87,843
4002,54,0.2332,33,46
4003,2799,14.2595,87,1153
4004,2516,12.8143,68,555
4005,878,4.7347,64,646
4006,126,0.5246,61,49
4007,990,4.9862,76,644
4008,209,0.9147,45,64
4009,521,2.4171,55,315
4010,568,2.4748,73,45
4011,597,2.5997,60,563
4012,3030,15.3758,65,1257
4013,2455,12.7006,67,1136
4014,912,4.8885,63,385
4015,800,4.0322,54,168
4016,1504,7.5958,87,881
4017,155,0.6513,41,66
4018,1009,5.0662,60,724
4019,187,0.782,50,166
4020,387,1.702,46,136
4021,366,1.5798,52,100
4022,1675,8.3963,79,280
4023,97,0.3802,53,76
4024,2036,10.4397,64,1992
4025,865,4.7843,71,567
4026,205,0.8679,58,62
4027,2036,10.6833,64,1992
4028,1502,7.6329,76,273
4029,2020,10.2078,64,1976
4030,890,4.6832,70,365
4031,361,1.638,73,358
4032,2037,10.2233,64,1993
4033,122,0.5601,49,65
4034,268,1.1301,51,139
4035,104,0.4252,47,97
4036,1181,6.1654,68,529
4037,450,1.9884,57,313
4038,1301,6.4529,65,1050
4039,1644,8.6864,63,229
4040,781,3.8517,54,131
4041,5131,26.5977,63,3624
4042,486,2.1487,54,52
4043,143,0.6516,44,113
4044,571,2.625,62,561
4045,2307,12.1817,79,1916
4046,1261,6.2281,79,804
4047,972,4.7235,83,187
4048,309,1.302,53,254
4049,95,0.4196,50,93
4050,188,0.7872,38,129
4051,1782,8.9225,56,1398
4052,708,3.5129,55,507
4053,674,3.0284,52,262
4054,138,0.5765,44,96
4055,623,2.8221,60,589
4056,544,2.3386,46,67
4057,2459,12.3219,85,728
4058,942,4.9005,64,219
4059,2762,14.2288,68,79
4060,1872,9.511,57,1169
4061,1857,9.7057,73,1305
4062,1554,7.8983,69,1248
4063,899,4.7177,85,293
4064,154,0.6395,57,152
4065,96,0.4662,54,77
4066,3579,18.3442,63,3128
4067,280,1.6043,46,252
4068,122,0.4997,65,82
4069,1121,5.6422,69,784
4070,525,2.3666,52,315
4071,324,1.5175,56,78
4072,115,0.5753,37,101
4073,600,2.9654,58,257
4074,2396,12.0801,82,1553
4075,162,0.8997,46,141
4076,2021,10.106,64,1977
4077,1134,6.0531,72,905
4078,215,0.9908,59,184
4079,736,3.7155,59,366
4080,2020,10.1571,64,1976
4081,982,5.1173,78,923
4082,165,0.687,46,148
4083,2017,10.088,64,1973
4084,501,2.3797,51,53
4085,2083,10.4072,59,1463
4086,2797,14.1886,73,1445
4087,4733,24.3811,65,1280
4088,756,3.5279,53,251
4089,445,2.2456,60,416
4090,413,1.9737,66,277
4091,5116,27.0155,63,3602
4092,1499,8.0257,68,734
4093,4101,21.1042,63,4061
4094,5135,26.8356,63,3620
4095,1915,9.9892,63,1603
0,775,4.2459,58,208
1,89,0.3557,37,84
2,2719,14.0826,67,2022
3,1867,9.7382,57,1776
4,966,5.2058,61,923
5,781,3.649,67,151
6,344,1.5146,47,56
7,835,4.2632,58,88
8,2037,10.1598,74,1691
9,401,1.807,57,258
10,2177,10.9966,245,577
11,447,2.0915,62,239
12,669,3.2492,55,572
13,280,1.2371,46,252
14,1877,9.5213,61,1696
15,524,2.379,48,214
16,286,1.2168,49,213
17,341,1.4819,50,340
18,397,1.6984,57,245
19,636,2.7718,49,172
20,1300,6.414,69,1249
21,3322,17.0684,63,1433
22,466,2.1042,51,446
23,1156,5.5298,74,817
24,635,3.0612,60,192
25,1698,8.6738,63,283
26,1242,6.2007,63,1003
27,1482,7.3794,64,1439
28,520,2.3795,59,426
29,1191,5.7791,68,158
30,41,0.213,22,38
31,1135,5.538,64,284
32,1351,6.7354,71,693
33,157,0.6365,50,91
34,460,2.0216,49,83
35,487,2.1438,46,71
36,546,2.4884,52,336
37,2347,11.8841,71,1833
38,352,1.5475,54,71
39,1978,10.0611,59,357
40,164,0.8278,39,136
41,653,2.8939,57,234
42,951,4.88,58,394
43,884,4.2992,63,865
44,218,1.073,46,113
45,1243,6.1973,79,277
46,1577,7.9588,70,1108
47,1229,6.1096,60,485
48,148,0.6133,41,84
49,607,2.731,48,250
50,2195,10.9337,63,397
51,379,1.7583,46,215
52,175,0.8004,50,138
53,996,4.8158,69,452
54,1449,7.7177,69,91
55,747,4.0166,59,231
56,360,1.5515,49,126
57,544,2.4085,55,43
58,626,2.7468,55,82
59,1671,8.3793,66,1163
60,1008,5.2945,59,78
61,1631,8.4527,74,926
62,1337,6.9478,60,1075
63,1723,8.8122,56,1612
64,216,0.9304,58,130
65,500,2.244,57,320
66,911,4.5954,68,904
67,356,1.612,44,174
68,145,0.5746,50,126
69,77,0.3343,41,69
70,41,0.1569,40,40
71,41,0.1837,35,39
72,610,2.928,61,295
73,541,2.4728,52,517
74,913,4.6161,55,235
75,2600,13.2862,75,1476
76,267,1.1545,60,189
77,253,1.0554,52,213
78,1470,7.2709,69,286
79,651,3.253,44,402
80,526,2.4523,57,301
81,694,3.2887,67,409
82,12,0.0674,17,11
83,33,0.1246,33,30
84,529,2.4346,53,384
85,659,3.1811,64,314
86,2024,11.0932,62,92
87,88,0.3811,37,85
88,4219,21.9948,69,3564
89,460,2.1943,52,119
90,144,0.5848,42,110
91,617,2.9603,75,326
92,145,0.6291,49,62
93,1896,10.3298,57,1169
94,643,3.1376,52,113
95,256,1.1085,61,218
96,1584,8.5212,74,494
97,638,3.1189,77,296
98,1654,8.559,80,133
99,723,3.4055,69,353
100,1070,5.1694,54,489
101,159,0.6592,44,54
102,1032,5.1789,61,668
103,391,1.6674,79,386
104,887,4.4001,58,426
105,155,0.6315,47,70
106,1694,8.97,65,812
107,835,4.3648,61,305
108,556,2.4269,53,130
109,130,0.5264,55,75
110,1040,5.5217,56,641
111,352,1.8126,53,73
112,823,3.8109,69,493
113,179,0.7313,49,88
114,1577,7.8773,97,376
115,62,0.2676,39,60
116,30,0.1222,22,29
117,29,0.1165,30,22
118,12,0.0532,14,11
119,12,0.0487,14,11
120,620,2.9229,68,127
121,164,0.6677,63,141
122,132,0.5252,59,119
123,186,0.788,55,121
124,186,0.7714,55,121
125,152,0.6226,40,141
126,152,0.6936,40,141
127,254,1.2492,53,67
128,254,1.1133,53,67
129,254,1.2903,53,67
130,266,1.1312,53,189
131,266,1.1892,53,189
132,64,0.2582,30,62
133,64,0.2482,30,62
134,105,0.4137,41,51
135,105,0.4025,41,51
136,106,0.5453,50,71
137,106,0.4227,50,71
138,137,0.5578,47,64
139,137,0.5599,47,64
140,258,1.0565,52,133
141,258,1.1026,52,133
142,378,1.6015,62,127
143,368,1.7498,53,263
144,1877,9.3253,69,497
145,557,2.7486,45,312
146,288,1.3246,56,104
147,1602,8.1626,76,290
148,948,4.7415,54,646
149,549,2.6139,65,212
150,741,3.2281,56,664
151,110,0.4505,43,87
152,12346,64.365,69,9422
153,178,0.7488,44,129
154,741,3.5154,57,91
155,2552,13.0135,61,657
156,3124,15.956,60,3090
157,1913,9.6638,70,921
158,2861,14.7631,85,172
159,474,2.4117,59,324
160,1716,8.546,59,536
161,2180,10.7973,65,1982
162,353,1.707,61,106
163,2463,12.3176,68,1575
164,458,2.3401,60,427
165,249,1.0883,39,81
166,406,1.7992,53,267
167,366,1.6578,57,85
168,298,1.252,43,130
169,370,1.7575,62,132
170,575,2.6727,51,509
171,324,1.445,48,66
172,828,4.0101,62,116
173,542,2.4856,57,390
174,327,1.4149,44,165
175,154,0.6257,45,145
176,477,2.0614,60,61
177,574,2.5681,44,571
178,3098,16.2755,65,470
179,643,3.1561,62,570
180,298,1.2646,59,296
181,893,4.3383,58,888
182,454,1.9751,55,82
183,52,0.2054,34,48
184,417,1.7715,54,317
185,925,4.6438,58,247
186,64,0.2651,31,62
187,1202,5.9416,67,95
188,399,2.0036,65,349
189,417,1.9876,55,357
190,579,2.7996,61,345
191,205,1.0286,56,86
192,1048,5.2113,64,459
193,214,0.9117,40,125
194,209,0.8533,46,63
195,399,1.8952,48,90
196,858,4.0041,73,423
197,885,4.2518,64,397
198,332,1.6169,52,179
199,510,2.1752,62,277
200,256,1.0787,43,41
201,271,1.1702,51,250
202,494,2.2766,54,158
203,719,3.2449,54,238
204,406,1.7942,53,354
205,2060,10.5082,70,1282
206,319,1.5082,45,93
207,509,2.2242,55,507
208,276,1.1903,52,82
209,258,1.1624,44,52
210,1116,5.4093,58,135
211,502,2.2145,54,457
212,152,0.6131,45,143
213,590,2.5783,70,341
214,477,2.1044,48,476
215,962,4.8368,65,793
216,463,2.1613,53,161
217,724,3.5198,58,53
218,508,2.1947,57,454
219,497,2.1182,43,33
220,1193,5.8202,63,638
221,398,1.7506,50,265
222,488,2.1554,66,146
223,290,1.3086,57,54
224,1103,5.2905,51,80
225,93,0.3753,43,51
226,245,1.0649,50,194
227,613,2.9422,54,539
228,504,2.4521,51,95
229,440,1.9373,53,67
230,395,1.7434,42,103
231,235,0.9742,49,55
232,121,0.4844,44,70
233,82,0.3295,46,79
234,26,0.1095,23,20
235,116,0.4772,47,112
236,253,1.261,63,83
237,48,0.187,36,44
238,488,2.1039,67,248
239,410,1.8537,62,325
240,219,0.8952,47,46
241,477,2.2774,43,152
242,461,2.2111,50,112
243,2732,14.1484,72,342
244,738,3.6665,59,587
245,536,2.4785,46,359
246,1303,6.3542,69,1237
247,366,1.889,52,278
248,427,1.9676,49,354
249,439,2.0271,49,298
250,473,2.2522,48,75
251,947,4.5483,74,206
252,513,2.2399,58,343
253,177,0.8955,44,90
254,414,1.8042,57,251
255,1028,5.0049,71,912
256,532,2.4244,59,175
257,367,1.5699,50,363
258,534,2.3011,60,153
259,915,4.5107,54,83
260,154,0.6376,47,51
261,441,1.9317,60,399
262,193,0.812,51,84
263,785,3.4706,62,64
264,461,2.2844,45,370
265,322,1.6244,56,163
266,208,0.9058,40,201
267,213,1.1047,48,73
268,444,1.9274,55,432
269,261,1.0987,54,87
270,317,1.3746,52,245
271,983,4.5357,61,52
272,238,1.1587,51,192
273,867,3.9897,67,69
274,510,2.214,53,137
275,84,0.3387,47,50
276,308,1.3128,50,103
277,371,1.7837,54,241
278,543,2.4459,49,225
279,1572,8.2685,67,216
280,46,0.2235,38,36
281,589,2.6122,70,447
282,425,2.0218,56,258
283,257,1.1623,56,90
284,362,1.5844,43,161
285,341,1.4825,47,328
286,88,0.3518,52,87
287,436,1.8836,47,400
288,582,2.756,71,123
289,602,2.5923,63,305
290,339,1.4312,49,317
291,393,1.7616,67,85
292,1098,5.1096,68,388
293,485,2.3526,60,140
294,969,4.4601,54,283
295,876,3.9682,49,708
296,103,0.4101,55,54
297,223,1.0892,42,106
298,1810,9.0942,75,459
299,90,0.3612,39,77
300,220,0.9131,47,19
301,187,0.7675,53,79
302,420,1.8254,46,221
303,636,2.7143,44,275
304,770,3.4732,51,303
305,515,2.1811,52,94
306,1983,10.0429,70,1682
307,100,0.4032,43,41
308,157,0.649,55,55
309,219,0.8934,56,156
310,139,0.5725,50,105
311,71,0.2787,38,64
312,2225,11.7439,59,2092
313,97,0.412,48,95
314,307,1.3158,47,236
315,566,2.6811,60,359
316,257,1.0709,46,33
317,512,2.2649,48,237
318,229,1.0377,44,113
319,263,1.1215,43,207
320,1621,8.0772,80,1124
321,553,2.4789,57,95
322,225,0.9548,46,69
323,1354,6.6718,58,100
324,257,1.1007,42,88
325,124,0.4909,48,56
326,137,0.5698,45,64
327,175,0.7074,52,86
328,187,0.8912,37,184
329,209,0.8658,50,64
330,214,0.9479,41,33
331,377,1.9929,39,144
332,377,1.6953,45,376
333,643,2.9688,49,641
334,718,3.1955,54,703
335,379,1.6122,63,240
336,411,1.7734,57,202
337,553,2.6751,66,411
338,131,0.5252,47,55
339,308,1.2881,58,121
340,75,0.3022,41,74
341,76,0.3184,47,75
342,440,2.1126,50,203
343,443,1.8762,54,46
344,342,1.5023,43,341
345,1888,10.2751,59,167
346,658,3.503,74,380
347,41,0.1581,46,40
348,135,0.5344,51,87
349,193,0.9842,48,57
350,1427,7.4889,61,1355
351,106,0.4281,36,53
352,522,2.4119,59,454
353,257,1.1077,52,61
354,384,1.664,57,230
355,511,2.2458,68,138
356,436,1.8448,51,241
357,759,3.3652,73,697
358,680,3.1797,61,301
359,207,0.8539,61,137
360,463,1.9519,56,267
361,114,0.4615,42,46
362,577,2.5769,61,94
363,263,1.1431,48,118
364,56,0.223,63,53
365,1963,10.3601,58,1599
366,698,3.456,59,532
367,446,2.0925,66,296
368,2225,11.441,57,2018
369,374,1.8738,54,221
370,614,3.0044,61,231
371,377,1.7176,51,90
372,451,2.0236,55,357
373,450,1.9729,55,357
374,451,1.8899,55,357
375,463,1.9729,64,368
376,421,1.8788,43,389
377,156,0.6381,42,76
378,340,1.4649,51,196
379,650,2.8492,67,173
380,285,1.2683,50,103
381,307,1.2833,69,52
382,173,0.7247,51,79
383,116,0.4781,51,48
384,174,0.8349,59,101
385,127,0.5107,42,115
386,113,0.4398,50,72
387,113,0.4537,51,50
388,578,2.6455,70,220
389,568,2.4911,75,225
390,575,2.4566,80,219
391,2704,14.0943,81,2198
392,503,2.368,63,501
393,333,1.4583,53,256
394,333,1.4228,53,256
395,587,2.7069,82,140
396,1225,6.0915,70,768
397,434,1.9044,58,146
398,357,1.5314,48,165
399,531,2.3591,52,503
400,722,3.1608,51,598
401,164,0.6756,56,137
402,589,2.6164,66,161
403,362,1.5459,49,75
404,366,1.5651,69,286
405,391,1.6821,57,111
406,382,1.6828,52,216
407,1162,5.6592,57,561
408,1780,9.2462,68,852
409,495,2.4611,59,460
410,846,3.9324,55,516
411,545,2.4147,52,63
412,57,0.2565,42,28
413,337,1.5198,45,109
414,236,1.0235,41,234
415,379,1.622,51,52
416,1177,5.5581,52,1106
417,656,2.9475,59,466
418,113,0.5572,47,88
419,787,3.3754,78,301
420,185,0.7731,40,54
421,190,0.7851,48,115
422,464,1.9771,46,141
423,247,1.0572,43,230
424,455,1.9986,46,452
425,154,0.7423,41,50
426,623,2.6427,59,613
427,1098,5.1039,54,935
428,942,4.3714,64,219
429,142,0.5646,48,84
430,142,0.689,44,72
431,662,3.0329,57,294
432,418,1.7467,73,306
433,495,2.1012,73,272
434,428,1.8037,50,192
435,450,1.9002,62,295
436,428,1.8228,74,171
437,494,2.3226,58,195
438,354,1.4764,60,254
439,253,1.1193,58,122
440,402,1.7603,59,330
441,2145,11.2349,82,2136
442,568,2.5987,65,453
443,285,1.3781,59,130
444,469,2.0138,75,382
445,258,1.0729,56,190
446,487,2.1124,58,147
447,576,2.4999,57,219
448,542,2.5253,57,254
449,91,0.3802,36,49
450,764,3.4484,35,72
451,88,0.3641,40,48
452,419,1.9105,76,298
453,2147,10.8694,69,922
454,834,4.2847,66,683
455,202,0.8281,51,81
456,346,1.6583,61,131
457,688,3.1041,54,269
458,636,3.1088,80,368
459,2176,11.6838,79,769
460,351,1.7739,53,77
461,265,1.1043,45,41
462,91,0.3643,45,54
463,1336,6.6853,60,183
464,489,2.3921,46,180
465,854,4.0202,65,523
466,348,1.6843,51,213
467,491,2.2598,57,144
468,653,2.8202,53,448
469,1502,7.252,65,1424
470,430,2.1508,62,380
471,141,0.5751,43,94
472,377,1.7564,45,376
473,377,1.7483,39,144
474,1789,9.0794,63,930
475,634,3.3459,54,172
476,652,3.163,47,644
477,740,3.6709,66,346
478,711,3.2641,67,163
479,142,0.567,46,50
480,283,1.2299,58,153
481,429,1.9474,48,235
482,884,4.0286,71,494
483,847,3.7921,64,577
484,198,0.8077,84,117
485,315,1.3665,56,202
486,1092,5.4937,64,914
487,44,0.1838,34,21
488,817,4.0485,50,759
489,790,3.7238,50,732
490,773,3.5399,51,595
491,1316,6.7152,55,465
492,1397,7.1254,55,352
493,1071,5.4003,68,1039
494,964,4.5389,80,880
495,354,1.4645,52,265
496,183,0.7646,52,87
497,676,3.0259,49,71
498,558,2.3942,47,53
499,525,2.2381,49,203
500,280,1.2116,52,279
501,303,1.3143,58,213
502,1334,6.5867,65,82
503,115,0.5816,45,59
504,648,2.8417,63,466
505,1413,6.7707,74,445
506,845,4.2526,50,843
507,153,0.6751,43,106
508,179,0.8412,41,163
509,187,0.8866,53,180
510,180,0.7381,44,135
511,1096,5.413,74,545
512,169,0.6979,45,53
513,605,2.8048,67,124
514,2555,13.5172,65,2063
515,2416,12.6125,56,650
516,464,2.2836,78,97
517,543,2.3403,57,178
518,1266,6.0673,59,388
519,393,1.6769,56,131
520,1042,4.9318,50,166
521,701,3.3188,58,312
522,740,3.3747,52,390
523,364,1.5319,54,219
524,2039,10.6139,71,1818
525,338,1.426,60,170
526,1047,4.8272,69,253
527,600,2.7349,72,302
528,185,0.7524,44,181
529,185,0.7585,48,108
530,888,4.2672,72,400
531,511,2.4729,68,59
532,921,4.441,62,482
533,492,2.4078,52,327
534,64,0.2566,43,48
535,501,2.6584,54,71
536,1640,8.1969,58,760
537,509,2.6007,61,435
538,1000,4.6691,65,528
539,1448,7.1038,68,1110
540,157,0.655,44,91
541,334,1.7252,49,312
542,374,1.6222,63,128
543,365,1.6955,46,154
544,238,1.0211,47,98
545,870,4.0016,62,243
546,353,1.6271,38,350
547,428,1.8334,69,91
548,731,3.363,73,302
549,544,2.3612,62,138
550,747,3.5235,62,613
551,355,1.5258,46,336
552,806,3.5414,93,557
553,53,0.2169,40,52
554,557,2.4506,62,77
555,783,3.5125,50,777
556,1463,7.0842,58,122
557,2030,10.3774,53,1373
558,377,1.6681,49,114
559,216,1.0766,52,209
560,355,1.5174,44,90
561,584,2.7481,68,193
562,484,2.146,58,169
563,449,2.0401,65,335
564,273,1.183,47,93
565,976,4.4515,52,92
566,453,2.3655,52,244
567,507,2.169,49,381
568,577,2.4695,52,370
569,1200,5.8392,62,1017
570,1356,6.7423,62,1173
571,132,0.5445,44,90
572,183,0.7711,50,101
573,644,3.3095,62,642
574,703,3.1121,53,43
575,261,1.1418,38,245
576,986,4.509,67,817
577,572,2.557,55,435
578,499,2.1318,56,381
579,265,1.1093,46,83
580,925,4.1944,46,77
581,129,0.5186,35,72
582,453,2.2074,52,374
583,667,3.1908,53,486
584,1326,6.4937,60,192
585,545,2.8395,49,135
586,1405,6.9133,56,705
587,1209,5.8536,67,893
588,951,4.7491,67,893
589,1591,7.9519,69,1321
590,626,3.0898,52,139
591,290,1.3605,61,96
592,515,2.1997,60,459
593,223,1.057,62,80
594,580,2.5823,55,158
595,924,4.3799,60,668
596,511,2.3055,62,107
597,505,2.39,61,477
598,498,2.3248,60,148
599,153,0.629,63,71
600,3414,18.0881,80,1816
601,200,0.8389,45,138
602,1287,6.4499,64,478
603,582,3.1893,57,303
604,844,4.1498,64,821
605,313,1.4404,54,215
606,118,0.4883,47,62
607,447,2.0524,46,132
608,573,2.7003,56,468
609,175,0.7509,32,130
610,97,0.4405,42,46
611,379,1.7697,57,333
612,265,1.1847,64,95
613,402,1.6904,49,124
614,720,3.2524,60,66
615,1276,6.2905,58,1110
616,355,1.4848,62,99
617,398,1.8369,61,394
618,1398,6.7973,61,919
619,318,1.4432,52,83
620,437,2.0676,53,203
621,648,2.9987,51,265
622,328,1.3723,83,242
623,1130,5.4842,51,523
624,830,4.1648,71,440
625,509,2.2736,53,93
626,1251,5.9908,67,551
627,354,1.4862,68,161
628,511,2.2015,45,37
629,314,1.5798,58,115
630,425,1.7754,60,155
631,1303,6.5425,73,434
632,136,0.5585,44,61
633,141,0.5628,49,126
634,356,1.5959,55,172
635,380,1.6693,47,206
636,356,1.5059,49,337
637,386,1.6702,56,226
638,511,2.3225,55,268
639,210,1.0652,39,57
640,531,2.4051,58,225
641,400,1.6863,47,124
642,370,1.7278,59,112
643,701,3.3846,62,59
644,1384,6.896,72,1155
645,480,2.0864,53,252
646,3727,19.734,73,70
647,565,2.6163,74,117
648,635,2.9525,57,465
649,315,1.3385,75,52
650,1595,7.9388,98,1017
651,800,3.6895,58,537
652,475,2.0034,75,51
653,756,3.4068,69,386
654,58,0.2368,39,46
655,143,0.5708,48,87
656,298,1.2573,51,80
657,356,1.4914,70,102
658,955,4.7312,78,338
659,602,2.6913,61,466
660,1326,6.4017,79,1187
661,325,1.4128,51,52
662,322,1.6214,46,208
663,195,0.7793,47,177
664,91,0.3661,47,90
665,1021,4.9516,53,164
666,417,1.788,67,307
667,443,1.9092,59,440
668,250,1.0346,58,78
669,660,2.8117,73,72
670,724,3.2214,68,291
671,383,1.6205,56,89
672,543,2.2905,76,163
673,463,2.0365,60,318
674,692,3.245,61,355
675,511,2.2128,59,351
676,897,3.9629,57,83
677,333,1.4444,79,103
678,991,4.573,53,533
679,139,0.5851,38,108
680,112,0.4482,46,104
681,200,1.0187,50,147
682,550,2.3495,74,272
683,460,1.9731,48,459
684,1186,5.4967,60,1086
685,476,2.3256,53,152
686,160,0.6596,53,117
687,84,0.3422,45,76
688,84,0.3274,49,54
689,298,1.4739,45,220
690,315,1.4746,47,306
691,354,1.5042,45,207
692,697,3.1952,75,346
693,806,3.618,64,515
694,847,3.935,63,98
695,310,1.4311,48,296
696,371,1.8835,64,175
697,426,1.7936,60,418
698,127,0.5008,40,109
699,569,2.4927,78,76
700,393,1.6979,58,91
701,108,0.4234,56,70
702,1505,7.4491,61,750
703,277,1.3654,41,53
704,397,1.911,48,339
705,107,0.4446,55,58
706,1294,6.2979,64,1219
707,228,0.9483,52,192
708,268,1.1697,42,189
709,697,3.5501,61,305
710,607,2.6567,77,418
711,152,0.6213,52,140
712,458,2.1402,52,41
713,607,2.7366,58,410
714,1027,4.6033,67,216
715,181,0.7592,53,111
716,495,3.1239,45,491
717,520,2.4577,49,475
718,1138,5.9067,50,1132
719,548,2.4905,56,547
720,1369,6.7144,76,1142
721,221,0.9887,43,58
722,1639,8.203,60,355
723,1319,6.5097,71,585
724,350,1.5199,50,325
725,1068,4.9388,62,543
726,402,1.6916,62,303
727,1534,7.9356,85,269
728,2516,13.9068,65,967
729,127,0.5259,35,89
730,148,0.6031,45,103
731,465,2.1525,55,75
732,471,2.2651,54,307
733,766,3.8011,59,616
734,1003,4.7328,70,271
735,1270,6.3551,75,938
736,391,1.8941,66,127
737,1489,7.8827,64,1202
738,173,0.7429,78,54
739,339,1.5561,64,73
740,341,1.5477,44,122
741,1597,7.8571,61,35
742,377,1.7622,88,329
743,688,3.0334,57,110
744,456,1.9596,48,353
745,1595,8.2101,68,827
746,878,4.3179,59,805
747,363,1.7505,55,337
748,123,0.4995,53,98
749,189,0.7775,48,73
750,160,0.6482,57,69
751,680,3.1157,64,354
752,595,2.681,70,581
753,1055,5.3781,74,598
754,3006,15.9047,69,713
755,835,4.3397,66,499
756,618,3.238,60,85
757,353,1.5334,53,184
758,1005,4.8753,62,377
759,297,1.2413,49,237
760,1715,8.7199,63,1242
761,533,2.8489,72,443
762,316,1.4482,45,256
763,249,1.3093,41,92
764,249,1.0743,48,242
765,846,4.1477,77,767
766,407,1.9219,65,271
767,755,3.5457,60,328
768,591,2.5896,69,583
769,248,1.1484,39,194
770,142,0.5841,48,78
771,1704,8.6237,79,280
772,470,2.0407,53,152
773,467,2.2156,73,232
774,1679,8.7658,50,538
775,443,1.9825,64,413
776,517,2.2617,63,376
777,491,2.2559,61,159
778,519,2.3054,60,128
779,476,2.0013,75,204
780,347,1.5388,48,273
781,642,2.8243,53,150
782,657,2.8544,53,54
783,687,3.0087,52,503
784,2839,15.1742,62,2598
785,441,1.9262,59,183
786,973,4.4284,72,72
787,1102,5.311,57,656
788,1680,8.758,63,912
789,505,2.55,65,445
790,520,2.417,71,63
791,971,4.4795,61,169
792,268,1.1143,48,39
793,783,3.4179,67,478
794,602,2.7826,65,151
795,499,2.0279,59,411
796,488,2.1175,63,206
797,491,2.0672,49,372
798,935,4.287,57,386
799,509,2.1931,93,415
800,373,1.5715,53,119
801,272,1.2268,48,117
802,323,1.3534,57,77
803,452,1.9207,67,139
804,253,1.0589,41,187
805,369,1.5773,47,47
806,419,2.0514,56,312
807,406,1.7206,51,49
808,214,0.8903,49,71
809,701,3.0842,50,380
810,715,3.1687,64,245
811,2249,12.1653,73,1796
812,373,1.7555,59,326
813,1028,4.7554,83,500
814,513,2.3632,46,511
815,507,2.1809,54,473
816,1027,4.9148,71,825
817,5148,27.3304,62,189
818,879,4.1838,67,220
819,874,3.886,68,825
820,1062,4.9099,62,92
821,254,1.2542,58,67
822,257,1.0657,50,188
823,228,0.9576,47,165
824,152,0.6342,58,129
825,918,4.3052,49,663
826,553,2.6183,48,303
827,880,4.0344,52,846
828,641,2.8131,64,150
829,1355,6.6233,61,1193
830,2132,11.3742,56,1503
831,183,0.76,57,68
832,987,4.6131,58,194
833,1602,7.8699,72,1056
834,1302,6.4626,62,1128
835,995,4.6547,50,890
836,1991,10.4471,57,1961
837,592,2.8279,44,369
838,270,1.141,53,92
839,93,0.3739,45,36
840,65,0.342,52,39
841,204,0.844,52,97
842,500,2.2712,53,64
843,265,1.1023,49,115
844,130,0.5112,48,123
845,213,0.8742,56,209
846,141,0.5863,54,88
847,141,0.578,41,86
848,143,0.6021,45,93
849,173,0.6966,41,110
850,188,0.7639,51,180
851,4640,25.0503,55,2748
852,71,0.2816,36,66
853,271,1.1493,56,96
854,157,0.6583,42,153
855,602,2.8218,55,368
856,309,1.3535,54,81
857,449,1.8152,56,365
858,548,2.3228,71,388
859,610,2.6378,54,419
860,1590,7.9955,64,150
861,1366,7.028,73,142
862,113,0.4863,56,70
863,147,0.5825,62,133
864,58,0.2342,36,31
865,235,0.9784,44,126
866,236,0.9776,49,92
867,409,1.7842,56,152
868,377,1.6452,54,303
869,662,2.9117,48,201
870,175,0.7292,42,98
871,377,1.5562,55,308
872,540,2.3173,64,115
873,670,3.0129,63,431
874,785,3.6183,68,355
875,549,2.5975,65,425
876,354,1.531,53,216
877,541,2.3093,68,442
878,193,0.8123,53,68
879,192,0.8107,43,68
880,304,1.2667,72,270
881,731,3.2859,61,463
882,391,1.6634,59,168
883,540,2.2772,73,105
884,1107,5.684,66,281
885,395,1.7199,49,234
886,394,1.7538,46,82
887,385,1.625,56,82
888,181,0.76,46,124
889,176,0.7089,46,131
890,262,1.0973,47,181
891,250,1.0383,52,46
892,311,1.3201,53,149
893,551,2.3189,62,388
894,717,3.4275,73,46
895,150,0.603,56,51
896,178,0.731,46,89
897,153,0.629,53,133
898,219,0.9002,44,64
899,342,1.5563,53,340
900,313,1.3275,51,129
901,482,2.4089,47,158
902,512,2.164,54,262
903,385,1.8039,56,68
904,278,1.2074,46,276
905,71,0.2897,44,49
906,456,2.1582,65,249
907,761,3.4088,53,41
908,362,1.5705,49,327
909,458,1.8814,53,150
910,263,1.1519,53,204
911,263,1.1621,57,235
912,281,1.18,49,77
913,87,0.362,33,29
914,814,4.27,60,226
915,892,4.354,63,211
916,550,2.5446,63,211
917,1380,6.839,79,1256
918,296,1.4232,68,162
919,191,0.8033,66,184
920,598,2.6591,68,270
921,175,0.7193,42,174
922,1407,6.9244,52,1014
923,1260,6.4008,57,319
924,918,4.4224,49,172
925,217,1.2052,67,145
926,965,4.5646,58,525
927,863,4.1646,75,100
928,149,0.6306,36,101
929,667,3.0784,51,67
930,225,1.0385,50,104
931,400,1.7093,57,99
932,377,1.6071,56,311
933,399,1.8646,54,362
934,377,1.6076,46,138
935,636,2.7398,57,168
936,579,2.4896,67,505
937,185,0.7584,48,58
938,272,1.1173,46,74
939,380,1.6906,51,330
940,746,3.2962,50,429
941,509,2.2686,59,196
942,1067,4.9241,62,1041
943,785,3.687,57,448
944,922,4.284,60,893
945,108,0.4746,40,80
946,155,0.6274,41,66
947,156,0.639,42,105
948,156,0.7338,48,105
949,437,1.8729,84,283
950,193,0.7994,58,138
951,131,0.536,49,101
952,141,0.5736,41,106
953,109,0.5534,42,70
954,1164,5.6882,68,1156
955,171,0.7211,52,120
956,623,2.8141,60,589
957,328,1.3786,57,213
958,331,1.4087,56,155
959,193,0.8599,53,68
960,202,0.8355,49,197
961,118,0.4864,53,49
962,813,3.6205,56,544
963,394,1.6783,56,78
964,194,0.7882,54,119
965,325,1.3581,47,116
966,260,1.0862,56,67
967,440,1.9907,54,158
968,615,2.6839,55,432
969,277,1.157,49,207
970,214,0.8981,50,97
971,545,2.2823,48,318
972,327,1.3725,58,113
973,1092,5.328,61,1031
974,295,1.2878,50,235
975,357,1.5141,46,182
976,169,0.6867,44,60
977,396,1.8199,66,394
978,453,1.9414,52,444
979,422,1.7788,65,271
980,386,1.6517,70,368
981,313,1.4663,50,178
982,1125,5.6941,60,655
983,1399,6.9698,66,315
984,148,0.7845,50,121
985,360,1.6578,49,77
986,149,0.6041,56,106
987,597,2.6444,57,491
988,400,1.9018,64,124
989,519,2.1876,62,443
990,116,0.4691,44,114
991,909,4.4578,85,704
992,888,4.2726,54,367
993,833,3.7514,80,391
994,705,3.3133,63,490
995,607,2.6062,53,431
996,145,0.6068,49,102
997,705,3.0956,64,79
998,1074,5.3876,72,122
999,197,0.8109,75,92
1000,197,0.8014,49,102
1001,161,0.7032,61,155
1002,493,2.6593,53,273
1003,336,1.458,62,304
1004,774,3.8105,66,756
1005,1040,4.8579,79,90
1006,513,2.5931,53,181
1007,191,0.7942,44,179
1008,300,1.3294,45,206
1009,719,3.6161,71,456
1010,2130,10.9527,67,288
1011,624,3.0793,69,619
1012,437,1.9285,49,324
1013,1352,6.6434,84,526
1014,2886,15.3736,63,146
1015,623,2.9209,56,250
1016,559,2.471,43,154
1017,789,3.4941,57,566
1018,541,2.3666,63,315
1019,1265,6.0306,70,1066
1020,523,2.3392,48,151
1021,654,2.8487,62,402
1022,577,2.5207,56,405
1023,233,0.9946,56,82
1024,200,1.0198,52,94
1025,154,0.6324,51,152
1026,367,1.6399,52,142
1027,107,0.446,42,61
1028,253,1.0964,51,161
1029,332,1.3743,42,58
1030,508,2.6179,53,121
1031,377,1.5654,45,376
1032,668,3.1085,48,128
1033,93,0.3762,41,80
1034,270,1.112,51,264
1035,211,0.859,57,145
1036,149,0.61,43,62
1037,151,0.6156,44,54
1038,155,0.6291,44,154
1039,176,0.9116,39,61
1040,144,0.5944,34,104
1041,694,3.5713,61,606
1042,610,2.6203,58,194
1043,753,3.7552,51,466
1044,519,2.1587,66,92
1045,167,0.6881,45,52
1046,250,1.0711,62,150
1047,148,0.5987,37,102
1048,1093,5.4964,54,71
1049,420,1.9605,53,384
1050,584,2.5421,58,432
1051,255,1.0638,52,128
1052,1035,5.0961,59,692
1053,416,1.924,65,312
1054,338,1.5236,44,223
1055,563,2.4128,55,506
1056,358,1.5456,51,266
1057,257,1.0988,39,220
1058,497,2.2168,46,52
1059,227,0.9358,42,67
1060,147,0.5923,39,142
1061,1321,6.3547,60,914
1062,401,1.9603,52,98
1063,710,3.1704,67,93
1064,397,1.7472,67,282
1065,1127,5.2996,57,82
1066,2779,14.8752,68,79
1067,121,0.493,47,91
1068,269,1.1434,46,85
1069,167,0.6744,49,81
1070,196,0.7868,51,195
1071,698,3.1075,71,544
1072,448,1.9526,54,261
1073,385,1.8044,48,298
1074,246,1.0247,48,85
1075,121,0.483,43,105
1076,410,1.9062,65,108
1077,576,2.817,48,328
1078,409,1.8881,50,162
1079,395,1.7255,59,55
1080,384,1.6859,67,52
1081,390,1.8788,53,370
1082,379,1.6764,62,54
1083,392,1.6845,48,167
1084,373,1.6251,54,141
1085,382,1.8652,46,191
1086,382,1.8014,56,128
1087,372,1.6879,45,311
1088,370,1.8537,43,248
1089,415,1.8237,47,184
1090,396,1.7215,48,145
1091,391,1.7225,45,124
1092,183,0.7477,50,124
1093,101,0.4349,36,96
1094,154,0.6201,58,50
1095,80,0.3904,50,63
1096,447,1.9061,45,98
1097,150,0.6409,55,99
1098,140,0.6305,48,113
1099,55,0.2425,35,53
1100,495,2.1412,59,460
1101,161,0.6686,50,97
1102,378,1.6091,49,77
1103,398,1.7235,50,100
1104,398,1.7014,59,95
1105,403,1.8795,54,206
1106,380,1.8826,54,216
1107,399,1.7672,57,211
1108,379,1.683,57,247
1109,380,1.8362,49,249
1110,385,1.6521,51,192
1111,377,1.8337,50,199
1112,404,1.7501,67,64
1113,382,1.6185,46,220
1114,386,1.6752,56,190
1115,413,1.7813,48,206
1116,398,1.7229,49,165
1117,262,1.0854,46,178
1118,188,0.7663,43,186
1119,1014,4.8186,62,947
1120,93,0.3702,36,74
1121,72,0.2823,65,56
1122,43,0.1752,27,42
1123,46,0.1788,43,43
1124,504,2.3359,62,492
1125,522,2.2092,66,467
1126,539,2.4758,54,483
1127,208,0.8571,61,109
1128,156,0.6254,41,48
1129,165,0.8394,37,154
1130,643,2.8283,49,641
1131,418,1.9696,46,214
1132,407,1.9857,51,368
1133,411,1.9621,51,400
1134,394,1.6855,46,224
1135,386,1.6531,61,194
1136,426,1.9421,53,289
1137,571,2.5121,50,468
1138,792,3.6416,56,533
1139,347,1.5047,45,90
1140,672,2.9276,64,67
1141,357,1.5139,45,279
1142,502,2.1249,63,409
1143,829,3.6866,70,613
1144,567,2.6609,48,282
1145,394,1.9132,56,300
1146,533,2.3632,46,511
1147,489,2.1023,49,359
1148,375,1.6306,58,49
1149,457,2.0944,56,195
1150,407,1.7521,52,138
1151,420,2.1648,65,320
1152,452,2.0303,57,394
1153,470,2.0521,56,39
1154,572,2.7153,66,342
1155,449,2.0687,61,123
1156,524,2.223,50,148
1157,605,2.6696,53,489
1158,47,0.2315,26,41
1159,390,1.65,60,147
1160,377,1.5996,45,376
1161,141,0.591,54,86
1162,109,0.4324,34,58
1163,104,0.4439,58,36
1164,125,0.4966,40,25
1165,387,1.7113,55,368
1166,388,1.6868,56,51
1167,54,0.2231,34,52
1168,273,1.1508,51,168
1169,2062,10.5355,70,621
1170,2073,10.9353,75,472
1171,414,2.1151,54,335
1172,487,2.1874,62,407
1173,253,1.0732,40,246
1174,1852,9.8759,58,1778
1175,383,1.948,43,204
1176,1375,6.997,62,772
1177,162,0.6822,52,81
1178,744,3.9988,56,30
1179,1037,5.062,73,743
1180,977,4.8446,62,494
1181,1643,8.3404,50,733
1182,340,1.755,45,339
1183,941,4.6635,60,712
1184,1014,4.8744,60,960
1185,740,3.4599,56,53
1186,408,1.7425,52,375
1187,348,1.4431,48,82
1188,597,2.7175,57,305
1189,752,3.3302,70,745
1190,218,0.9043,51,157
1191,263,1.1118,40,93
1192,322,1.3444,52,132
1193,281,1.2094,58,83
1194,373,1.6546,49,291
1195,2225,11.7402,73,2002
1196,668,3.3728,63,121
1197,2617,13.836,64,1593
1198,1985,10.5205,72,1887
1199,531,2.5541,51,418
1200,3713,19.8776,65,567
1201,1303,6.5171,64,787
1202,218,0.9255,47,135
1203,298,1.3033,75,88
1204,1303,6.3719,53,1098
1205,445,1.9272,53,211
1206,2292,11.9403,58,2144
1207,225,1.3129,50,93
1208,196,0.7997,58,182
1209,206,0.8756,51,143
1210,174,0.8857,43,172
1211,235,0.97,49,71
1212,728,3.3439,79,307
1213,1212,5.7165,69,951
1214,691,3.2692,54,100
1215,607,3.0109,62,135
1216,494,2.1292,45,386
1217,64,0.3062,45,36
1218,75,0.3046,48,39
1219,56,0.2204,48,50
1220,73,0.2946,53,57
1221,683,3.1759,59,77
1222,570,2.5217,52,413
1223,733,3.52,72,235
1224,1254,6.2118,56,976
1225,1175,6.0101,70,1148
1226,1078,5.1275,79,755
1227,366,1.6797,70,320
1228,457,2.2954,64,89
1229,145,0.6055,86,117
1230,450,1.9443,74,294
1231,1157,5.4432,62,957
1232,404,2.0133,49,388
1233,799,3.5602,55,419
1234,865,3.8404,61,372
1235,472,2.1076,68,420
1236,472,2.0432,49,272
1237,501,2.1008,55,144
1238,427,1.9455,49,219
1239,769,3.3741,51,122
1240,1089,5.4783,60,211
1241,152,0.6322,44,27
1242,516,2.2146,72,303
1243,622,2.6897,57,93
1244,992,4.6463,59,696
1245,1201,5.7222,67,722
1246,250,1.14,55,205
1247,701,3.1412,84,132
1248,1694,8.4163,70,1118
1249,310,1.4409,58,97
1250,682,2.9958,55,113
1251,1478,7.2411,66,791
1252,465,2.2636,56,322
1253,1030,4.7458,54,858
1254,430,1.9155,71,153
1255,809,3.5403,56,158
1256,767,3.6752,67,128
1257,788,3.4229,80,479
1258,400,1.7291,54,224
1259,724,3.2929,59,560
1260,303,1.4071,58,213
1261,502,2.1715,57,197
1262,848,3.7297,52,797
1263,113,0.5338,40,98
1264,506,2.231,40,150
1265,200,0.8074,55,129
1266,578,2.8629,60,471
1267,462,1.9814,50,461
1268,409,1.8997,52,74
1269,120,0.5921,40,98
1270,247,1.0747,60,236
1271,185,0.7566,55,118
1272,112,0.4345,53,71
1273,677,3.1885,44,479
1274,538,2.338,54,447
1275,799,3.5925,49,181
1276,598,2.8836,55,597
1277,730,3.475,60,173
1278,1428,6.8555,65,1307
1279,1164,5.6892,52,673
1280,522,2.3636,49,231
1281,98,0.403,47,55
1282,212,0.88,45,208
1283,765,3.5097,55,298
1284,345,1.4772,53,254
1285,582,2.7318,64,324
1286,141,0.6669,54,86
1287,497,2.3976,57,394
1288,268,1.2428,48,160
1289,959,4.7413,67,183
1290,1458,7.45,68,792
1291,1053,5.2285,52,397
1292,1549,8.2425,62,293
1293,451,1.9754,45,83
1294,819,4.2213,57,145
1295,691,3.28,61,257
1296,82,0.3231,36,81
1297,1332,6.5877,73,1131
1298,156,0.6435,46,70
1299,835,4.3201,63,634
1300,2017,10.3345,64,1973
1301,1040,5.0138,63,517
1302,675,3.343,71,359
1303,534,2.4364,53,83
1304,722,3.3529,54,314
1305,1455,7.3965,58,1423
1306,161,0.7397,44,107
1307,1855,9.296,72,344
1308,710,3.3796,61,555
1309,1373,6.7317,76,273
1310,616,2.7724,57,517
1311,829,3.8129,64,384
1312,430,1.8732,52,317
1313,142,0.5757,40,141
1314,136,0.6198,64,97
1315,1000,4.5183,61,72
1316,218,0.9481,57,133
1317,632,2.7266,55,409
1318,1179,5.7462,79,607
1319,1012,5.1327,53,333
1320,1036,4.8733,51,574
1321,67,0.2715,40,57
1322,293,1.5152,46,95
1323,739,3.3767,59,485
1324,889,4.0594,61,677
1325,453,1.9644,49,211
1326,675,2.9679,59,171
1327,906,4.1702,65,698
1328,1257,5.8232,49,96
1329,1039,4.9885,60,958
1330,214,0.9772,47,57
1331,214,1.1566,47,148
1332,310,1.3178,49,242
1333,324,1.3683,47,61
1334,181,0.7327,67,137
1335,263,1.1001,57,242
1336,962,4.4001,52,483
1337,399,1.974,52,149
1338,411,1.7174,74,180
1339,627,2.783,68,103
1340,90,0.357,39,77
1341,916,4.1115,52,302
1342,1023,4.915,60,273
1343,1060,5.2915,65,494
1344,335,1.4644,50,77
1345,579,2.7884,49,193
1346,371,1.8305,49,340
1347,402,1.6778,60,240
1348,602,2.9621,60,348
1349,724,3.1969,65,150
1350,940,4.4542,53,478
1351,762,3.8245,57,534
1352,75,0.3308,30,74
1353,77,0.3293,54,66
1354,227,0.9629,51,174
1355,326,1.6055,55,56
1356,1508,7.4143,75,1406
1357,619,3.2496,59,247
1358,461,2.0205,46,389
1359,905,4.0621,72,275
1360,250,1.0578,53,82
1361,640,2.7597,54,376
1362,577,2.5431,70,222
1363,680,3.1604,47,523
1364,229,0.9848,44,60
1365,209,0.9708,46,55
1366,191,0.7773,47,165
1367,881,3.9553,79,307
1368,229,0.9547,55,224
1369,476,2.0464,55,126
1370,899,4.4739,49,786
1371,851,3.8893,67,706
1372,1263,6.0159,90,454
1373,171,0.7395,53,120
1374,597,2.6141,59,447
1375,355,1.4962,59,52
1376,664,3.1769,58,224
1377,1147,5.7228,52,322
1378,718,3.3119,58,123
1379,179,0.7422,51,178
1380,545,2.4719,69,195
1381,646,2.8258,76,634
1382,645,2.8381,62,539
1383,2517,13.6218,65,267
1384,390,2.0602,50,157
1385,666,3.0633,65,252
1386,3504,18.4525,62,3317
1387,89,0.3602,35,88
1388,1508,8.0504,53,122
1389,439,2.0676,53,238
1390,499,2.18,49,106
1391,775,3.4735,54,287
1392,734,3.2349,52,55
1393,1003,4.6813,65,111
1394,439,1.9255,58,160
1395,446,1.8683,52,162
1396,450,1.9549,41,129
1397,132,0.527,49,63
1398,900,4.3233,56,886
1399,725,3.2461,68,224
1400,397,1.6683,50,72
1401,1222,5.8344,61,1080
1402,105,0.4225,43,52
1403,426,1.8612,62,39
1404,413,1.7447,50,144
1405,687,3.2954,59,89
1406,1028,4.7978,60,808
1407,770,3.5773,79,707
1408,360,1.5309,51,87
1409,702,3.5014,49,686
1410,53,0.2673,39,50
1411,496,2.2574,55,390
1412,107,0.4246,45,100
1413,998,4.6309,55,991
1414,538,2.5226,63,202
1415,973,4.8323,76,156
1416,480,2.0794,57,142
1417,24,0.0915,20,12
1418,210,0.8716,38,178
1419,1109,5.7542,59,84
1420,1044,5.5419,71,929
1421,846,4.1898,49,355
1422,66,0.2625,38,57
1423,1097,5.3221,69,822
1424,686,3.4064,61,394
1425,198,0.824,53,172
1426,604,2.744,57,174
1427,5128,27.4713,63,3620
1428,468,2.4065,62,186
1429,220,0.9274,52,51
1430,1332,6.5583,73,267
1431,513,2.3184,56,112
1432,383,1.7745,70,127
1433,450,2.0772,59,353
1434,220,0.9321,54,182
1435,394,1.9121,51,279
1436,1026,4.9835,65,744
1437,292,1.375,48,117
1438,733,3.5198,55,446
1439,448,2.0915,47,447
1440,417,1.7704,66,48
1441,540,2.5813,56,361
1442,636,2.9334,56,351
1443,727,3.645,66,665
1444,794,3.8098,56,642
1445,139,0.5874,53,63
1446,431,2.0563,55,116
1447,912,4.8388,78,426
1448,1557,8.197,61,237
1449,125,0.4958,43,124
1450,1178,5.7919,52,340
1451,1294,6.3927,66,284
1452,436,2.1747,60,191
1453,475,2.0127,69,434
1454,313,1.3469,54,135
1455,454,1.9379,61,263
1456,155,0.6425,63,132
1457,136,0.5578,37,101
1458,867,3.9789,71,148
1459,521,2.2334,59,101
1460,425,1.8082,49,224
1461,279,1.3508,55,275
1462,400,1.8556,67,77
1463,337,1.3798,50,95
1464,611,2.6312,61,241
1465,615,2.8001,55,432
1466,511,2.2721,48,456
1467,417,1.7798,75,294
1468,492,2.1584,43,269
1469,806,3.5953,58,632
1470,156,0.639,39,152
1471,505,2.4106,63,263
1472,153,0.629,46,121
1473,1567,7.8754,66,1436
1474,1350,6.736,69,90
1475,253,1.0451,41,164
1476,433,1.8694,46,216
1477,502,2.1305,54,57
1478,800,3.8243,66,39
1479,507,2.1967,63,451
1480,505,2.213,52,74
1481,680,3.0794,54,241
1482,547,2.3815,46,423
1483,527,2.2877,50,451
1484,1146,5.4338,63,508
1485,227,0.9564,47,215
1486,304,1.2782,45,194
1487,571,2.6169,62,322
1488,225,0.9373,44,129
1489,401,1.8712,55,379
1490,168,0.6905,45,49
1491,554,2.4698,64,500
1492,1263,5.9838,62,183
1493,1841,9.3472,73,1783
1494,1659,8.7338,75,1065
1495,396,1.709,58,216
1496,1257,6.1592,67,700
1497,537,2.4156,62,118
1498,183,0.7479,61,133
1499,898,4.2088,52,453
1500,486,2.0819,64,333
1501,164,0.741,50,98
1502,461,2.0062,52,442
1503,490,2.0897,66,447
1504,109,0.5117,47,66
1505,235,0.9454,55,109
1506,963,4.3243,89,106
1507,179,0.7444,47,78
1508,151,0.6219,41,57
1509,187,0.7581,41,155
1510,277,1.1482,50,103
1511,591,2.5155,73,565
1512,626,2.8895,62,63
1513,1323,6.2871,65,127
1514,1450,7.2361,54,1405
1515,2768,14.8673,56,2603
1516,565,2.5519,51,412
1517,1642,8.3779,75,276
1518,1239,6.1248,77,535
1519,1034,5.3205,68,678
1520,187,0.8566,54,156
1521,1361,6.648,70,1143
1522,73,0.319,39,62
1523,1189,5.8996,52,98
1524,544,2.602,49,126
1525,711,3.2791,68,524
1526,277,1.1881,55,250
1527,723,3.427,66,496
1528,1046,4.9362,71,657
1529,915,4.5082,52,139
1530,761,3.7508,54,706
1531,422,2.0909,70,157
1532,667,2.9507,77,111
1533,631,2.8022,48,548
1534,634,3.1127,64,220
1535,602,3.1311,54,158
1536,400,1.9425,64,358
1537,3219,18.1227,62,62
1538,191,0.8917,53,68
1539,1430,7.2898,63,991
1540,1526,7.8053,66,1213
1541,646,3.1778,63,450
1542,378,1.6107,51,296
1543,380,1.8584,46,329
1544,182,0.7482,50,133
1545,651,3.0066,60,69
1546,505,2.4095,67,328
1547,324,1.4607,52,161
1548,731,3.2313,49,553
1549,161,0.6492,53,159
1550,541,2.3494,47,321
1551,447,1.9189,69,95
1552,518,2.3123,57,342
1553,194,0.7955,43,191
1554,477,2.1086,76,71
1555,227,0.9698,53,184
1556,388,1.7484,52,245
1557,331,1.5781,70,254
1558,1431,7.0395,68,121
1559,68,0.2743,32,41
1560,272,1.1563,46,61
1561,500,2.171,51,154
1562,337,1.4226,46,118
1563,127,0.5067,45,106
1564,222,0.9222,59,107
1565,405,1.7198,58,50
1566,344,1.4497,47,69
1567,98,0.4547,47,85
1568,419,1.7949,61,182
1569,395,1.753,51,106
1570,190,0.7692,50,71
1571,1298,6.5608,76,800
1572,175,0.7363,41,37
1573,242,1.0363,55,57
1574,176,0.7204,43,62
1575,233,0.9745,54,209
1576,370,1.7331,50,349
1577,167,0.8046,57,57
1578,118,0.5979,50,100
1579,565,2.747,55,195
1580,224,0.9577,57,171
1581,317,1.3541,50,272
1582,631,2.7435,52,623
1583,327,1.4496,55,116
1584,385,1.7057,54,138
1585,785,3.5,59,130
1586,392,1.6714,61,236
1587,255,1.0767,50,53
1588,198,0.866,47,172
1589,336,1.4163,49,214
1590,165,0.6749,44,98
1591,389,1.6627,54,315
1592,424,1.8227,48,41
1593,359,1.5383,52,76
1594,381,1.6667,45,86
1595,390,1.6326,64,157
1596,355,1.4947,53,319
1597,206,0.8734,54,160
1598,306,1.2899,70,251
1599,434,1.8295,60,64
1600,922,4.4447,58,731
1601,730,3.2842,59,437
1602,1368,6.6897,69,113
1603,465,2.5535,41,234
1604,795,3.7671,56,653
1605,686,3.3066,53,131
1606,927,4.2181,69,233
1607,654,2.9711,59,208
1608,650,2.8249,72,247
1609,801,3.8199,59,82
1610,663,2.9347,66,371
1611,245,1.3586,43,89
1612,553,2.4003,63,548
1613,632,2.7777,66,142
1614,274,1.1442,61,68
1615,237,1.1728,49,150
1616,476,2.0356,57,294
1617,304,1.2982,50,52
1618,366,1.565,49,196
1619,656,2.9797,62,294
1620,472,2.0382,51,192
1621,155,0.6121,56,152
1622,386,1.6244,49,309
1623,189,0.7793,48,38
1624,1487,7.3451,72,884
1625,1447,7.069,63,1086
1626,713,3.24,63,514
1627,423,1.8462,52,112
1628,426,1.8281,57,327
1629,794,3.454,63,67
1630,670,3.2338,51,537
1631,802,3.58,56,519
1632,494,2.1796,56,483
1633,742,3.2519,53,397
1634,700,3.1865,52,299
1635,225,0.9253,55,76
1636,412,1.7705,50,91
1637,332,1.5929,56,69
1638,1575,7.7386,71,252
1639,788,3.6547,63,211
1640,131,0.5379,47,101
1641,522,2.3372,66,467
1642,128,0.6099,38,80
1643,632,2.7265,49,157
1644,1665,8.2491,74,1034
1645,206,1.046,39,132
1646,810,3.7566,56,710
1647,1067,5.0217,78,81
1648,600,2.6608,58,595
1649,1852,9.3662,68,530
1650,156,0.7283,47,99
1651,108,0.4441,43,100
1652,563,2.4683,54,321
1653,949,4.311,53,206
1654,183,0.7752,44,98
1655,483,2.2584,58,238
1656,2619,13.7417,73,968
1657,1884,9.7892,70,173
1658,102,0.4523,41,75
1659,109,0.4838,55,39
1660,1025,4.8623,73,280
1661,173,0.7244,53,152
1662,173,0.7906,53,152
1663,173,0.6922,53,152
1664,173,0.7113,53,152
1665,173,0.7011,53,152
1666,173,0.6845,51,152
1667,173,0.6955,53,152
1668,877,4.0551,54,666
1669,189,0.9607,44,107
1670,1002,4.6995,81,856
1671,928,4.3749,67,91
1672,334,1.4817,57,63
1673,1031,5.3326,66,186
1674,1235,6.4036,76,1080
1675,521,2.4042,60,92
1676,794,3.8268,66,123
1677,842,3.8251,49,110
1678,2078,11.0664,54,306
1679,749,3.5468,57,96
1680,868,4.3264,49,350
1681,1069,5.3169,64,194
1682,373,1.6067,47,301
1683,811,3.8554,58,143
1684,1052,4.8829,62,814
1685,1215,6.0557,66,595
1686,1232,5.9838,67,489
1687,3242,17.5177,74,925
1688,1198,6.0261,48,262
1689,111,0.4552,59,87
1690,971,4.6073,67,595
1691,496,2.1659,46,122
1692,2899,15.1978,66,1372
1693,976,4.7444,69,220
1694,999,4.7245,56,700
1695,671,2.9977,48,339
1696,600,2.5834,58,257
1697,611,2.6565,59,192
1698,1514,7.6963,77,1309
1699,4724,25.016,65,1257
1700,102,0.4152,53,70
1701,203,0.8623,61,116
1702,515,2.3274,55,422
1703,149,0.607,53,64
1704,201,0.8215,38,125
1705,1163,5.6818,68,137
1706,326,1.4182,51,274
1707,1236,6.2537,63,260
1708,378,1.6113,62,127
1709,607,2.8415,57,398
1710,1252,6.0103,74,475
1711,389,1.8398,68,260
1712,461,1.9335,62,302
1713,355,1.535,49,334
1714,1376,7.0275,67,1050
1715,884,4.1556,52,719
1716,759,3.9221,74,48
1717,658,3.0814,66,410
1718,991,4.5504,65,749
1719,3791,20.1509,57,3226
1720,556,2.5209,57,381
1721,45,0.2043,30,29
1722,558,2.4136,60,299
1723,645,2.8008,49,119
1724,631,2.7401,65,356
1725,564,2.4239,47,223
1726,158,0.6464,40,156
1727,835,3.7302,48,417
1728,1194,5.8981,64,1193
1729,1011,4.8512,66,810
1730,205,1.1021,58,62
1731,1193,5.7886,70,1186
1732,1263,6.5592,66,802
1733,220,0.93,52,196
1734,413,1.985,61,165
1735,409,2.1788,51,147
1736,582,2.5483,63,356
1737,424,1.8337,62,80
1738,291,1.2199,46,99
1739,653,2.9046,49,43
1740,405,1.7983,59,61
1741,854,3.8586,62,215
1742,396,1.6948,56,98
1743,759,3.4257,55,32
1744,143,0.6291,43,93
1745,148,0.6093,51,83
1746,130,0.6077,46,46
1747,130,0.6512,41,46
1748,387,1.8771,45,59
1749,196,0.7947,50,128
1750,956,4.6967,86,457
1751,2717,14.2255,86,510
1752,612,2.7474,57,57
1753,1098,5.2869,57,1093
1754,343,1.4668,48,301
1755,846,3.902,48,325
1756,642,2.9171,46,275
1757,233,0.9955,50,103
1758,209,0.8459,60,197
1759,1421,7.0994,70,152
1760,398,1.7646,51,255
1761,142,0.5948,45,53
1762,1849,9.6296,70,473
1763,1484,7.7651,61,271
1764,135,0.5597,45,38
1765,308,1.6264,53,55
1766,411,1.7727,50,304
1767,391,1.7027,56,136
1768,173,0.7356,51,136
1769,516,2.2014,53,80
1770,2893,15.34,68,813
1771,613,3.0083,48,368
1772,143,0.7092,53,70
1773,450,2.2105,46,417
1774,549,2.4087,75,410
1775,233,0.9653,51,81
1776,122,0.553,51,41
1777,994,4.6492,57,115
1778,160,0.8273,63,146
1779,939,4.3393,77,231
1780,183,0.7677,48,104
1781,367,1.5895,46,356
1782,372,1.6422,44,170
1783,224,0.9469,54,152
1784,566,2.6781,49,134
1785,567,2.4847,65,94
1786,339,1.5623,53,148
1787,2091,11.1312,62,1505
1788,184,0.772,52,171
1789,1258,6.1262,65,1142
1790,1466,7.6399,73,978
1791,276,1.2854,47,102
1792,1084,5.1519,63,1081
1793,734,3.6088,60,169
1794,1441,7.0207,75,809
1795,289,1.3797,52,203
1796,342,1.4897,50,308
1797,526,2.3247,50,145
1798,313,1.313,58,263
1799,912,4.2442,48,286
1800,912,4.4318,49,286
1801,663,3.1381,68,631
1802,2432,12.7349,63,1424
1803,495,2.3328,43,130
1804,388,1.8575,54,171
1805,906,4.4174,56,409
1806,478,2.1338,57,141
1807,431,1.9265,55,90
1808,142,0.619,31,127
1809,170,0.8073,39,138
1810,168,0.6842,44,59
1811,327,1.5108,56,100
1812,767,3.5781,55,465
1813,107,0.4218,42,95
1814,243,1.0474,67,75
1815,742,3.3587,62,194
1816,209,0.8717,45,64
1817,442,2.1797,51,385
1818,440,2.0254,50,399
1819,272,1.1512,65,145
1820,137,0.5653,48,46
1821,246,1.0245,55,107
1822,83,0.3232,41,28
1823,1790,9.2054,84,120
1824,1175,5.9479,74,197
1825,768,3.8494,65,536
1826,571,2.7753,69,196
1827,394,1.6978,58,391
1828,241,1.0068,49,239
1829,651,2.9812,60,104
1830,695,3.1134,51,317
1831,641,3.0091,52,303
1832,179,0.7419,40,59
1833,518,2.2537,55,354
1834,96,0.4125,38,45
1835,663,3.2899,66,662
1836,2780,14.4817,74,385
1837,648,3.1314,75,242
1838,1166,5.7035,53,795
1839,591,2.6286,65,55
1840,1819,9.3399,80,745
1841,250,1.1377,52,248
1842,741,3.443,46,601
1843,582,2.8876,65,521
1844,480,2.032,49,150
1845,1428,6.9255,63,615
1846,697,3.1908,59,159
1847,416,1.9414,55,247
1848,592,2.8887,52,47
1849,633,2.8713,46,258
1850,1479,7.2531,55,359
1851,559,2.5163,52,205
1852,323,1.3988,43,248
1853,521,2.4576,47,272
1854,436,1.8714,52,60
1855,1085,5.1688,64,835
1856,398,1.7002,65,47
1857,493,2.2538,45,484
1858,168,0.6749,45,165
1859,225,0.9613,52,111
1860,610,2.7657,53,601
1861,831,4.0061,51,242
1862,5561,29.5844,78,2953
1863,315,1.3446,52,69
1864,1123,5.3854,71,626
1865,137,0.5583,56,87
1866,370,1.5262,59,284
1867,500,2.1477,51,108
1868,439,2.0636,53,318
1869,699,3.224,69,639
1870,207,0.9885,46,176
1871,1385,6.6966,72,1232
1872,1123,5.529,71,1009
1873,132,0.5408,38,120
1874,59,0.2656,39,37
1875,284,1.2036,64,113
1876,370,1.6865,53,53
1877,446,2.1102,46,439
1878,377,1.647,50,63
1879,478,2.0746,48,66
1880,534,2.6427,51,102
1881,121,0.4697,52,105
1882,517,2.2385,51,250
1883,153,0.6259,44,127
1884,685,3.1036,53,420
1885,412,1.7667,56,229
1886,435,1.8825,65,349
1887,1041,4.7153,60,731
1888,603,2.7206,53,385
1889,499,2.1143,55,493
1890,300,1.3737,53,60
1891,630,2.6842,57,365
1892,227,0.9279,54,224
1893,445,2.0294,57,389
1894,670,3.1842,54,491
1895,370,1.8097,60,285
1896,380,1.653,43,183
1897,144,0.7242,46,119
1898,131,0.6358,51,72
1899,352,1.4938,43,283
1900,1581,8.2376,74,1030
1901,356,1.803,59,320
1902,981,4.5162,86,914
1903,1241,5.8947,65,234
1904,638,3.0244,56,446
1905,450,2.1383,61,280
1906,166,0.7947,62,63
1907,335,1.7815,48,105
1908,382,1.7103,45,314
1909,181,0.7369,47,85
1910,661,2.9574,55,188
1911,281,1.1871,46,106
1912,732,3.5769,54,157
1913,150,0.6123,50,105
1914,322,1.6523,50,118
1915,244,1.1855,42,85
1916,522,2.3734,71,455
1917,218,0.8851,53,55
1918,153,0.6235,48,124
1919,276,1.162,46,137
1920,329,1.5655,51,235
1921,662,3.0416,52,462
1922,112,0.4448,44,91
1923,1002,4.8747,62,800
1924,972,4.6365,63,75
1925,232,0.9721,43,194
1926,265,1.1086,71,241
1927,557,2.3839,60,244
1928,726,3.287,70,269
1929,586,2.8834,70,364
1930,1285,6.2363,55,217
1931,661,3.3666,69,131
1932,445,2.0291,56,345
1933,457,1.9962,56,451
1934,353,1.4795,57,291
1935,289,1.2759,48,140
1936,261,1.0934,44,94
1937,624,2.693,67,268
1938,283,1.2004,42,37
1939,504,2.2475,53,40
1940,333,1.3988,50,196
1941,372,1.5749,49,235
1942,539,2.46,59,533
1943,245,1.0143,45,85
1944,242,1.0848,55,61
1945,568,2.6627,56,424
1946,220,0.92,56,162
1947,251,1.099,46,186
1948,378,1.6244,80,156
1949,732,3.3921,67,577
1950,419,1.9766,73,408
1951,701,3.2053,80,157
1952,326,1.3739,57,43
1953,282,1.1849,54,84
1954,684,3.1736,50,290
1955,791,3.5551,56,751
1956,645,2.9987,55,342
1957,346,1.6203,56,270
1958,488,2.1472,64,227
1959,600,2.6317,68,359
1960,510,2.389,57,219
1961,627,3.1118,66,625
1962,237,0.9961,57,87
1963,595,2.5898,53,327
1964,277,1.1841,56,138
1965,422,1.8428,50,145
1966,195,0.8207,46,131
1967,465,2.066,45,353
1968,369,1.7158,56,210
1969,567,2.8817,58,227
1970,439,2.0849,49,61
1971,777,3.4899,54,345
1972,655,3.0744,51,189
1973,1073,4.9397,58,130
1974,960,4.6668,44,625
1975,1162,5.8574,70,720
1976,614,2.8689,63,230
1977,374,1.7089,43,71
1978,810,3.7369,72,552
1979,586,2.613,48,419
1980,484,2.1013,52,416
1981,552,2.734,64,529
1982,1123,5.2251,59,493
1983,517,2.5432,54,205
1984,542,2.5265,75,231
1985,761,3.4476,68,355
1986,806,3.6835,65,725
1987,278,1.1407,51,115
1988,1470,7.1588,70,1126
1989,906,4.2078,51,99
1990,605,2.9443,61,123
1991,1532,7.5134,69,1368
1992,2058,10.6838,56,1167
1993,642,3.1046,46,275
1994,642,3.116,46,275
1995,968,4.6385,60,112
1996,283,1.1936,50,150
1997,521,2.2014,56,94
1998,322,1.4474,58,311
1999,1504,7.5574,87,881
2000,1228,6.1194,72,851
2001,1099,5.2604,52,1088
2002,1312,6.415,67,326
2003,606,2.7139,60,540
2004,2131,10.9392,71,1236
2005,160,0.7842,43,91
2006,134,0.5295,35,81
2007,703,3.111,58,95
2008,388,1.7508,59,54
2009,221,1.0868,52,39
2010,962,4.3881,71,896
2011,1338,6.4998,69,994
2012,537,2.3796,50,390
2013,576,2.4818,56,348
2014,356,1.5008,51,340
2015,209,0.8567,61,151
2016,217,0.8931,57,185
2017,493,2.1605,69,235
2018,384,1.6516,45,189
2019,1527,7.6472,74,342
2020,430,1.9751,59,377
2021,1532,7.9282,69,1013
2022,18142,96.7107,70,4292
2023,429,1.8741,55,408
2024,440,1.88,48,432
2025,388,1.7514,53,171
2026,1081,5.0289,79,285
2027,82,0.339,44,59
2028,542,2.6116,67,169
2029,872,3.9323,61,501
2030,5234,27.8469,75,2608
2031,1492,7.6229,62,705
2032,464,2.1932,67,348
2033,706,3.4879,59,54
2034,3199,17.3133,70,351
2035,393,2.0587,47,263
2036,250,1.2164,50,216
2037,559,2.7866,58,329
2038,159,0.8783,50,80
2039,487,2.413,49,387
2040,466,2.3031,53,52
2041,685,3.4414,67,482
2042,73,0.3237,35,62
2043,1251,6.4685,65,901
2044,996,4.9626,62,840
2045,490,2.113,59,44
2046,491,2.2011,54,113
2047,495,2.1192,52,89
2048,185,0.7741,43,178
2049,1448,7.2594,60,842
2050,794,4.0568,64,62
2051,123,0.5007,58,97
2052,534,2.2941,51,375
2053,677,3.1734,55,602
2054,152,0.6171,51,84
2055,1163,5.5843,57,534
2056,173,0.7073,54,152
2057,1082,5.2581,65,665
2058,901,4.0953,90,858
2059,1712,8.6116,68,1202
2060,293,1.4381,50,131
2061,377,1.6385,59,375
2062,488,2.217,76,479
2063,1064,4.9976,50,441
2064,196,0.8088,63,164
2065,117,0.5765,44,113
2066,1833,9.9615,65,1540
2067,303,1.3609,46,109
2068,673,2.9672,52,70
2069,786,3.8019,66,541
2070,1021,4.9781,57,695
2071,388,1.7344,47,237
2072,1025,4.6823,67,311
2073,2080,10.8439,68,164
2074,366,1.8623,50,354
2075,128,0.508,38,109
2076,571,2.4968,53,159
2077,301,1.248,51,126
2078,720,3.2029,55,703
2079,285,1.1917,68,103
2080,345,1.4371,51,344
2081,615,2.7006,69,210
2082,40,0.1673,38,35
2083,168,0.6927,62,166
2084,166,0.6768,48,141
2085,882,4.1215,77,285
2086,352,1.4955,80,108
2087,971,4.5264,72,907
2088,378,1.5862,72,240
2089,410,1.7035,79,89
2090,611,2.8819,60,583
2091,1426,7.02,74,1346
2092,274,1.3481,49,137
2093,339,1.5111,51,91
2094,701,3.3523,65,48
2095,496,2.3697,58,314
2096,408,1.739,53,304
2097,211,0.989,43,114
2098,504,2.1597,61,52
2099,450,1.9889,57,297
2100,484,2.1218,53,177
2101,240,0.9735,45,200
2102,260,1.1039,71,90
2103,620,3.2474,50,178
2104,179,0.7275,43,120
2105,1430,7.1345,64,590
2106,391,1.6704,53,330
2107,441,1.9095,45,369
2108,723,3.1517,86,88
2109,757,3.481,75,450
2110,411,1.7513,44,75
2111,257,1.3456,48,245
2112,301,1.3881,52,255
2113,636,3.0038,50,93
2114,390,1.7019,49,374
2115,309,1.3576,50,154
2116,134,0.619,51,80
2117,220,0.9098,51,213
2118,1208,6.0273,68,72
2119,344,1.4517,42,70
2120,469,2.0114,51,190
2121,77,0.3767,35,66
2122,357,1.5024,53,347
2123,362,1.5224,56,56
2124,482,2.1915,52,333
2125,1049,5.0695,74,123
2126,155,0.6658,43,50
2127,448,2.1766,59,78
2128,385,1.6859,52,378
2129,287,1.2129,49,259
2130,195,0.8397,44,47
2131,1021,4.9902,70,946
2132,410,1.8911,42,68
2133,679,2.9796,63,657
2134,913,4.258,75,280
2135,395,1.7473,49,327
2136,360,1.5726,53,42
2137,557,2.4134,55,86
2138,667,2.9068,69,66
2139,467,2.0137,56,77
2140,682,3.1115,47,417
2141,216,0.9428,42,207
2142,259,1.1009,79,206
2143,223,0.9352,50,158
2144,139,0.5892,41,46
2145,439,1.9247,55,437
2146,371,1.5795,56,335
2147,939,4.3998,60,473
2148,216,1.0003,55,161
2149,249,1.0539,51,170
2150,160,0.6564,42,71
2151,485,2.384,58,44
2152,392,1.8331,58,110
2153,2168,11.4948,56,1133
2154,746,3.5448,63,215
2155,976,4.6467,67,61
2156,653,2.8894,51,406
2157,248,1.0317,49,99
2158,506,2.2331,50,446
2159,585,2.5479,51,152
2160,368,1.5919,52,118
2161,107,0.4392,37,67
2162,537,2.3087,75,535
2163,434,2.0515,50,160
2164,144,0.592,40,55
2165,129,0.5018,44,47
2166,277,1.282,50,45
2167,141,0.6053,46,110
2168,1079,5.202,60,74
2169,818,3.9831,50,210
2170,1366,7.1803,55,1242
2171,219,0.9184,66,186
2172,846,3.8507,68,333
2173,1261,6.1184,76,864
2174,1347,6.6183,58,1301
2175,3352,17.9789,61,2088
2176,979,5.0819,51,976
2177,2052,10.5685,57,1362
2178,464,2.259,74,281
2179,1501,7.4811,57,116
2180,1484,7.7723,65,288
2181,506,2.2471,61,449
2182,506,2.6198,65,449
2183,428,1.869,51,338
2184,202,0.84,52,85
2185,833,3.9187,62,494
2186,135,0.6143,41,71
2187,1240,6.0175,56,641
2188,431,1.9516,49,79
2189,266,1.074,58,210
2190,279,1.1667,47,265
2191,517,2.3616,52,52
2192,532,2.2177,47,451
2193,510,2.3206,55,468
2194,494,2.1214,63,435
2195,678,3.0123,55,359
2196,185,0.7849,48,120
2197,859,4.0619,62,84
2198,685,3.4048,65,630
2199,166,0.6702,50,66
2200,521,2.2619,49,56
2201,514,2.3528,51,56
2202,516,2.2174,45,80
2203,631,2.8658,45,77
2204,379,1.592,51,186
2205,222,0.9239,52,193
2206,380,1.5909,64,168
2207,237,1.0398,43,159
2208,397,1.7101,58,32
2209,357,1.4602,46,159
2210,125,0.5309,45,98
2211,254,1.1204,43,108
2212,542,2.3621,59,82
2213,590,2.6282,58,514
2214,879,4.0972,65,602
2215,964,4.744,67,958
2216,3580,18.7561,63,3128
2217,227,0.9593,47,116
2218,246,1.0485,56,73
2219,385,1.6271,52,297
2220,271,1.1543,67,224
2221,69,0.272,37,52
2222,525,2.2757,45,229
2223,520,2.4217,63,467
2224,502,2.4192,56,451
2225,1891,9.7269,61,1234
2226,397,1.9396,50,163
2227,611,2.9533,55,139
2228,554,2.342,57,117
2229,379,1.8701,54,96
2230,519,2.4123,53,462
2231,376,1.6856,44,240
2232,1442,7.3776,53,268
2233,725,3.4316,51,257
2234,591,2.5765,62,570
2235,256,1.0673,46,122
2236,226,0.9259,63,77
2237,451,1.8814,56,372
2238,358,1.5005,53,294
2239,403,1.8876,42,310
2240,130,0.5093,42,124
2241,570,2.3932,55,385
2242,1456,7.3617,59,340
2243,1670,8.4133,64,617
2244,761,3.513,60,568
2245,219,0.9988,52,75
2246,500,2.1673,57,445
2247,502,2.1476,67,451
2248,503,2.4508,69,452
2249,502,2.1859,64,445
2250,505,2.3251,54,70
2251,519,2.5447,65,457
2252,632,2.782,57,535
2253,850,4.3587,59,754
2254,444,1.9683,49,404
2255,478,2.1667,50,214
2256,1070,5.3879,57,549
2257,337,1.6733,53,214
2258,247,1.0449,49,141
2259,511,2.4308,55,294
2260,1568,8.3798,79,1332
2261,837,4.0341,63,402
2262,507,2.4293,52,123
2263,530,2.3212,64,143
2264,621,2.6881,77,314
2265,450,2.0143,58,59
2266,546,2.6427,61,433
2267,290,1.2652,53,43
2268,518,2.2489,50,257
2269,512,2.2282,50,260
2270,196,0.8157,48,34
2271,1062,5.2283,75,382
2272,629,2.9241,69,83
2273,262,1.1375,46,181
2274,120,0.5125,47,107
2275,118,0.4771,50,116
2276,40,0.1556,36,38
2277,126,0.5063,35,79
2278,739,3.2873,53,335
2279,536,2.2801,49,498
2280,325,1.4604,55,285
2281,1039,4.8179,78,769
2282,1699,8.5048,69,1534
2283,512,2.3032,50,357
2284,140,0.5629,50,73
2285,420,1.9825,53,194
2286,135,0.5465,38,114
2287,150,0.6868,50,41
2288,137,0.5584,45,119
2289,219,0.8986,63,162
2290,417,1.8696,52,310
2291,489,2.1557,56,430
2292,74,0.2931,33,43
2293,579,2.487,49,174
2294,881,3.9316,58,241
2295,1035,5.1929,57,144
2296,407,1.8928,48,103
2297,400,1.8456,46,257
2298,518,2.6217,55,52
2299,944,4.4549,74,891
2300,515,2.2487,53,450
2301,294,1.237,47,159
2302,733,3.6164,57,555
2303,562,2.5655,47,70
2304,344,1.4574,56,163
2305,1867,9.4566,73,1315
2306,385,1.6765,44,167
2307,303,1.3009,47,116
2308,201,0.8453,48,136
2309,816,3.6139,73,424
2310,365,1.6879,41,283
2311,527,2.4078,46,480
2312,365,1.7217,55,293
2313,196,0.8128,43,93
2314,308,1.2859,55,271
2315,642,2.8126,59,266
2316,252,1.0631,44,85
2317,536,2.572,49,481
2318,188,0.7849,50,62
2319,1106,5.28,69,616
2320,705,3.3562,60,311
2321,696,3.3089,55,495
2322,228,0.9538,54,215
2323,195,0.8091,42,122
2324,458,1.9527,52,457
2325,733,3.4448,68,517
2326,473,2.112,49,264
2327,743,3.2843,47,311
2328,356,1.7039,61,147
2329,1707,8.736,68,937
2330,202,0.8626,47,156
2331,448,2.2369,49,34
2332,315,1.5586,51,297
2333,598,2.5813,49,236
2334,220,0.9575,48,101
2335,297,1.2446,50,178
2336,150,0.6147,44,78
2337,512,2.1919,56,385
2338,143,0.6702,47,77
2339,116,0.5734,55,83
2340,99,0.3987,46,92
2341,134,0.5464,55,51
2342,180,0.7588,39,90
2343,365,1.5585,46,111
2344,277,1.164,67,164
2345,655,2.8862,54,536
2346,797,3.7651,55,612
2347,772,3.377,60,628
2348,307,1.3259,43,224
2349,575,2.4681,73,511
2350,396,1.8512,48,173
2351,622,2.8265,62,354
2352,316,1.3187,50,269
2353,385,1.6587,57,83
2354,1674,8.194,74,1627
2355,380,2.1166,46,359
2356,360,1.5274,48,208
2357,398,1.7066,51,228
2358,436,1.8301,70,179
2359,3304,17.4741,85,717
2360,164,0.6936,58,126
2361,1266,6.1025,57,865
2362,404,1.865,52,157
2363,392,1.8761,54,78
2364,508,2.2412,59,73
2365,580,2.6674,68,570
2366,610,2.6471,47,90
2367,378,1.6241,58,48
2368,990,4.4801,76,644
2369,464,2.2732,77,64
2370,1959,9.956,65,721
2371,329,1.752,61,276
2372,655,3.3439,65,475
2373,370,1.7059,47,295
2374,76,0.3153,39,57
2375,41,0.2219,54,40
2376,284,1.2209,51,205
2377,1182,5.6601,54,832
2378,653,3.407,51,614
2379,190,0.7813,62,155
2380,321,1.3856,43,161
2381,250,1.0904,49,53
2382,430,1.822,50,143
2383,178,0.7367,57,93
2384,774,3.523,69,240
2385,679,2.965,62,605
2386,420,1.7991,53,68
2387,993,4.4896,62,258
2388,368,1.5586,62,316
2389,1154,5.7775,57,572
2390,701,3.1679,66,342
2391,323,1.3932,67,269
2392,408,1.718,57,393
2393,696,3.1247,54,188
2394,528,2.4565,57,70
2395,152,0.7536,60,50
2396,1955,10.6584,56,519
2397,1465,7.4185,61,363
2398,68,0.3392,33,48
2399,3913,20.8557,73,3723
2400,542,2.7729,50,445
2401,756,3.9775,71,483
2402,738,3.5894,84,521
2403,1431,7.1761,52,1036
2404,261,1.337,46,67
2405,549,2.4906,62,469
2406,590,2.6397,51,480
2407,4002,21.3092,76,459
2408,180,0.8094,38,55
2409,365,1.5446,60,207
2410,355,1.7505,62,104
2411,166,0.7012,53,103
2412,517,2.2451,62,341
2413,423,1.7653,50,227
2414,268,1.1385,46,53
2415,752,3.3051,62,468
2416,244,1.0616,49,94
2417,154,0.6852,57,97
2418,256,1.0707,47,181
2419,579,2.7118,49,254
2420,1961,10.1992,59,461
2421,212,0.9075,62,172
2422,432,1.8443,55,425
2423,183,0.7612,46,176
2424,401,1.6929,52,348
2425,561,2.4192,58,144
2426,208,0.8742,43,81
2427,217,0.9076,52,66
2428,2237,11.7129,56,1302
2429,644,3.0466,64,146
2430,425,1.8834,64,75
2431,351,1.4999,50,276
2432,630,2.7848,56,629
2433,609,2.7939,61,390
2434,384,1.7494,56,183
2435,388,1.6964,61,188
2436,324,1.3933,54,135
2437,692,3.0827,61,187
2438,2250,11.5856,67,487
2439,156,0.6641,51,46
2440,516,2.5067,51,48
2441,1201,5.7327,61,50
2442,1542,7.519,66,492
2443,362,1.6048,52,256
2444,741,3.2669,50,617
2445,342,1.7067,43,151
2446,445,2.0819,51,255
2447,509,2.2812,59,116
2448,169,0.7108,40,108
2449,274,1.1338,48,86
2450,294,1.2881,46,95
2451,300,1.2585,55,70
2452,409,1.742,60,387
2453,1365,6.8391,74,538
2454,681,3.1132,67,83
2455,229,1.2332,55,205
2456,398,1.7415,65,138
2457,420,1.8184,60,68
2458,174,0.7251,54,89
2459,157,0.6519,36,121
2460,1490,7.1644,72,651
2461,880,4.3243,46,700
2462,552,2.551,47,538
2463,339,1.4709,48,264
2464,321,1.365,45,111
2465,287,1.2203,40,110
2466,461,2.246,53,344
2467,767,3.5056,54,255
2468,81,0.3234,43,50
2469,626,2.7215,60,43
2470,951,4.3825,54,861
2471,139,0.6295,43,115
2472,869,4.0322,61,621
2473,280,1.2156,49,234
2474,409,1.7249,55,60
2475,274,1.1519,56,224
2476,44,0.1859,39,21
2477,563,2.7882,60,238
2478,949,4.4149,50,887
2479,864,3.9603,88,790
2480,741,3.5876,78,586
2481,325,1.3739,63,175
2482,251,1.2288,48,226
2483,547,2.642,48,41
2484,1670,8.4655,67,414
2485,3599,18.8985,67,1700
2486,1639,8.5099,65,1387
2487,536,2.8234,75,157
2488,434,1.9213,54,311
2489,537,2.2557,55,397
2490,537,2.5114,61,482
2491,108,0.448,48,103
2492,509,2.2911,45,270
2493,201,0.8262,44,45
2494,146,0.5893,44,99
2495,2456,12.6821,67,1137
2496,615,2.8538,66,404
2497,233,1.0423,58,54
2498,685,3.0709,48,368
2499,148,0.5936,40,133
2500,354,1.4777,49,52
2501,605,2.6632,75,87
2502,877,4.5267,49,202
2503,140,0.5717,47,65
2504,321,1.3293,50,320
2505,561,2.6467,49,286
2506,277,1.1332,47,176
2507,643,2.7615,53,202
2508,649,2.9231,61,423
2509,677,2.9923,55,521
2510,810,3.7121,65,741
2511,254,1.1222,36,175
2512,466,2.1957,58,71
2513,593,2.526,65,433
2514,235,0.9858,45,226
2515,853,4.6092,61,429
2516,642,2.7936,75,171
2517,2211,11.7563,63,471
2518,303,1.3394,41,207
2519,629,3.0635,54,566
2520,198,0.8371,50,93
2521,103,0.4123,45,102
2522,363,1.5566,53,241
2523,2241,11.5093,61,2203
2524,670,3.0838,62,288
2525,668,2.9007,57,70
2526,1068,5.3362,63,964
2527,61,0.3349,45,59
2528,1115,5.805,59,833
2529,690,3.2285,52,146
2530,605,2.7441,51,45
2531,151,0.6272,46,145
2532,2043,10.5738,62,1462
2533,752,3.8014,57,67
2534,142,0.5832,52,141
2535,1435,7.3542,57,760
2536,218,0.9318,46,124
2537,886,4.0573,56,835
2538,103,0.4189,38,49
2539,242,1.1799,49,144
2540,264,1.0925,42,241
2541,711,3.1713,52,470
2542,706,3.2556,61,236
2543,1292,6.2864,51,1231
2544,249,1.0525,41,68
2545,174,0.8879,48,173
2546,1146,6.0109,53,455
2547,633,2.8118,49,596
2548,428,1.871,51,280
2549,710,3.3136,53,706
2550,665,3.1255,52,194
2551,231,0.9408,43,154
2552,277,1.1969,62,63
2553,901,4.034,70,838
2554,1289,6.4259,62,1239
2555,819,3.8106,71,563
2556,1119,5.2875,58,524
2557,493,2.2796,64,49
2558,197,0.8234,45,136
2559,423,1.8798,55,58
2560,148,0.5982,49,96
2561,692,3.1707,60,524
2562,583,2.6025,51,579
2563,344,1.5642,54,94
2564,402,1.7225,59,216
2565,509,2.2116,50,404
2566,830,3.6878,72,252
2567,298,1.2651,58,70
2568,215,0.902,61,67
2569,621,2.9489,70,585
2570,981,4.8742,61,848
2571,995,4.9094,51,464
2572,221,0.9462,52,161
2573,252,1.0936,46,48
2574,310,1.4204,53,254
2575,138,0.6544,50,65
2576,453,1.9491,52,419
2577,430,1.9007,48,249
2578,511,2.3489,58,52
2579,495,2.067,67,60
2580,192,0.8117,47,181
2581,642,2.9843,46,275
2582,397,1.7244,54,109
2583,373,1.6279,49,175
2584,182,0.738,55,141
2585,517,2.2803,60,460
2586,225,0.9761,44,222
2587,216,0.8959,39,183
2588,217,0.9518,43,183
2589,216,0.9013,48,183
2590,200,0.8769,39,167
2591,216,0.9408,47,183
2592,223,0.9231,46,64
2593,1170,5.8779,62,821
2594,493,2.5147,62,51
2595,494,2.1983,50,403
2596,488,2.1056,62,59
2597,887,4.1349,53,876
2598,552,2.4698,56,137
2599,460,1.9567,63,88
2600,290,1.321,64,91
2601,1976,10.3363,56,893
2602,251,1.2042,46,84
2603,497,2.3004,51,302
2604,521,2.4588,53,64
2605,1194,5.9679,64,1053
2606,1488,7.4902,60,78
2607,196,1.2502,52,171
2608,1253,6.11,50,182
2609,364,1.7166,60,361
2610,584,2.6623,64,55
2611,192,0.9807,45,96
2612,159,0.735,46,140
2613,2244,11.8017,60,1831
2614,582,2.6248,53,565
2615,1019,4.7731,55,976
2616,195,0.91,47,118
2617,87,0.3424,37,84
2618,438,2.0933,53,70
2619,300,1.4258,50,126
2620,173,0.8654,41,81
2621,873,4.0233,71,775
2622,1944,9.7098,63,1631
2623,734,3.3168,47,303
2624,357,1.6129,46,104
2625,785,3.4611,62,528
2626,523,2.2482,50,493
2627,584,2.494,58,374
2628,699,3.1713,63,323
2629,675,2.8949,62,504
2630,457,1.8833,49,47
2631,318,1.3936,52,82
2632,211,1.0784,52,199
2633,684,2.955,53,574
2634,873,3.9746,52,563
2635,586,2.6199,58,190
2636,453,2.0946,64,452
2637,204,0.8258,41,142
2638,531,2.2874,54,393
2639,258,1.1986,49,153
2640,57,0.2201,50,52
2641,815,3.8726,52,524
2642,679,3.3508,51,273
2643,858,3.9709,71,526
2644,779,3.4398,54,220
2645,878,4.0092,64,646
2646,875,4.1596,66,282
2647,259,1.2297,47,80
2648,328,1.5928,41,261
2649,522,2.2092,59,518
2650,228,0.9484,53,59
2651,247,1.0222,50,171
2652,393,1.8906,38,218
2653,351,1.591,46,199
2654,834,4.0108,57,728
2655,321,1.3675,48,121
2656,338,1.4473,49,192
2657,1346,6.6605,79,1071
2658,86,0.3484,40,76
2659,381,1.6138,75,87
2660,593,2.9738,83,156
2661,943,4.3343,48,137
2662,313,1.4595,50,107
2663,155,0.6368,45,40
2664,276,1.1884,56,74
2665,307,1.296,51,299
2666,827,4.0319,50,548
2667,799,3.9129,63,118
2668,503,2.6014,53,45
2669,413,1.8584,46,180
2670,390,1.9911,45,161
2671,391,1.72,48,286
2672,524,2.2678,47,382
2673,787,3.6107,53,483
2674,90,0.3685,46,51
2675,398,1.7965,42,107
2676,393,1.7513,60,233
2677,400,1.6917,50,39
2678,338,1.4595,56,107
2679,141,0.5842,42,121
2680,614,2.6842,52,589
2681,738,3.5551,56,595
2682,187,0.7847,44,85
2683,330,1.4161,59,123
2684,480,2.0953,62,179
2685,120,0.4698,49,42
2686,705,3.0517,75,52
2687,537,2.371,55,534
2688,724,3.3505,47,520
2689,783,4.0759,53,447
2690,561,2.4911,79,214
2691,96,0.4646,38,28
2692,609,2.9944,62,593
2693,469,2.0402,52,262
2694,823,3.9843,64,500
2695,252,1.0466,46,77
2696,947,4.1565,70,431
2697,777,3.835,65,114
2698,767,3.7909,66,83
2699,626,2.9459,53,60
2700,982,4.7389,60,131
2701,508,2.2335,56,66
2702,887,4.359,49,673
2703,588,2.7597,49,416
2704,148,0.7448,45,89
2705,149,0.6057,46,90
2706,167,0.6963,52,113
2707,675,2.96,63,619
2708,674,3.2833,49,483
2709,1321,6.6399,61,395
2710,302,1.4034,44,228
2711,603,2.7805,48,168
2712,473,2.0177,49,135
2713,284,1.2723,53,190
2714,368,1.6429,55,84
2715,282,1.2721,48,108
2716,2198,11.5423,76,545
2717,126,0.5273,45,60
2718,1844,9.5451,64,987
2719,256,1.4028,44,194
2720,190,0.8208,47,137
2721,242,1.2539,45,140
2722,1063,4.8863,74,288
2723,406,1.868,45,364
2724,597,2.6269,49,430
2725,507,2.2188,53,172
2726,106,0.4306,53,98
2727,955,4.4547,57,782
2728,218,1.0272,52,217
2729,922,4.3858,51,413
2730,586,2.8994,47,214
2731,179,0.741,57,62
2732,565,2.6135,60,232
2733,493,2.2865,49,202
2734,1452,7.9196,74,1376
2735,242,1.0684,45,178
2736,1331,6.8038,79,318
2737,426,2.1287,48,111
2738,1800,10.6554,58,791
2739,319,1.4011,38,232
2740,125,0.5537,40,82
2741,752,3.534,51,62
2742,118,0.4717,36,74
2743,1691,8.609,59,630
2744,392,1.7363,43,170
2745,614,2.6538,50,485
2746,312,1.3537,51,100
2747,1129,5.3182,73,715
2748,298,1.293,42,65
2749,139,0.6605,39,95
2750,471,1.9593,59,247
2751,252,1.0851,44,77
2752,184,0.7639,53,169
2753,142,0.5866,40,95
2754,554,2.5237,65,106
2755,362,1.5406,57,95
2756,156,0.6413,47,86
2757,286,1.2184,71,175
2758,466,2.1938,61,251
2759,688,3.0008,61,513
2760,697,3.0792,59,226
2761,207,0.9377,59,83
2762,1221,5.9213,75,701
2763,824,3.8812,70,144
2764,656,3.2713,54,232
2765,2471,13.0493,55,1793
2766,1124,5.5346,54,1121
2767,212,0.9618,43,83
2768,894,4.275,61,201
2769,579,2.8118,70,555
2770,396,1.8815,66,335
2771,152,0.7183,48,122
2772,1094,5.4055,66,314
2773,476,2.1778,51,262
2774,395,1.6864,54,137
2775,1342,6.6968,71,948
2776,463,2.029,66,79
2777,232,0.9638,51,95
2778,254,1.1367,47,214
2779,598,2.5499,59,270
2780,571,2.6613,51,396
2781,289,1.304,48,211
2782,117,0.4756,50,91
2783,440,1.8785,45,152
2784,1413,6.9614,73,1331
2785,1412,7.1286,52,435
2786,462,2.0827,51,327
2787,637,2.9769,49,617
2788,817,3.7262,61,130
2789,1355,6.4553,73,877
2790,970,5.1791,53,509
2791,844,4.0004,68,47
2792,352,1.4971,57,176
2793,330,1.3841,50,248
2794,421,1.9699,71,123
2795,945,4.44,57,594
2796,135,0.5467,55,75
2797,651,3.0765,48,460
2798,320,1.4363,46,132
2799,200,0.8193,43,198
2800,583,2.5504,63,439
2801,219,0.9109,47,164
2802,476,2.2373,56,342
2803,269,1.1277,48,81
2804,1249,6.6898,53,1032
2805,371,1.5624,53,172
2806,263,1.1167,42,84
2807,2728,14.4531,61,688
2808,221,0.9484,51,166
2809,119,0.4661,52,55
2810,257,1.0827,49,153
2811,695,3.1521,60,104
2812,198,0.807,56,49
2813,2172,11.1549,62,1256
2814,1477,7.4609,55,1307
2815,514,2.2497,52,220
2816,845,4.0742,52,84
2817,614,2.9878,62,180
2818,440,2.1576,46,406
2819,517,2.2338,57,93
2820,431,1.8024,48,281
2821,527,2.399,47,41
2822,628,2.7247,60,479
2823,410,1.7343,58,231
2824,607,2.7519,57,83
2825,941,4.1851,76,87
2826,445,1.8654,61,443
2827,316,1.3106,65,186
2828,378,1.7845,42,158
2829,223,0.9249,52,111
2830,152,0.6157,52,99
2831,631,2.9263,54,525
2832,454,2.0387,53,442
2833,175,0.729,48,62
2834,682,2.9568,61,649
2835,117,0.4722,49,114
2836,559,2.3119,54,399
2837,1013,4.7176,56,1011
2838,754,3.299,65,311
2839,113,0.456,40,66
2840,200,0.8213,48,151
2841,967,4.3989,49,813
2842,318,1.5149,49,105
2843,123,0.4905,40,60
2844,650,2.9694,62,208
2845,327,1.4301,50,105
2846,327,1.3718,60,237
2847,111,0.4701,56,48
2848,371,1.5925,45,102
2849,1094,5.7518,60,1079
2850,293,1.2841,52,227
2851,1685,8.7481,59,325
2852,5323,28.3585,68,3053
2853,177,0.7261,69,154
2854,91,0.4551,39,54
2855,537,2.306,59,90
2856,410,1.7397,46,47
2857,119,0.4738,51,118
2858,95,0.3728,41,47
2859,612,2.7395,68,97
2860,1132,5.6482,70,437
2861,512,2.3199,55,441
2862,471,2.0399,47,133
2863,451,1.9679,46,69
2864,205,1.0107,49,198
2865,670,3.0691,56,127
2866,746,3.6968,54,476
2867,307,1.4189,73,75
2868,80,0.3702,47,47
2869,300,1.5169,47,79
2870,606,2.6672,54,194
2871,887,4.0254,61,819
2872,316,1.314,62,304
2873,909,4.34,63,810
2874,457,2.3335,53,71
2875,993,4.6262,66,47
2876,757,3.5926,54,91
2877,489,2.0421,66,60
2878,236,0.9818,54,208
2879,351,1.5324,55,96
2880,1118,5.152,74,787
2881,1431,7.2039,62,593
2882,112,0.4482,47,97
2883,301,1.2838,48,57
2884,1660,8.2952,60,337
2885,490,2.1725,58,367
2886,660,3.057,54,166
2887,2189,11.3953,54,2025
2888,217,0.9158,53,92
2889,658,3.1666,53,76
2890,224,0.9441,47,193
2891,1839,9.3672,80,1618
2892,336,1.4502,52,151
2893,692,3.0798,65,355
2894,670,2.9336,82,473
2895,250,1.0437,51,48
2896,577,2.9455,48,362
2897,274,1.1584,40,164
2898,478,2.0301,47,208
2899,438,1.9746,81,247
2900,132,0.5313,42,120
2901,510,2.165,52,454
2902,512,2.4116,50,76
2903,510,2.3905,52,65
2904,503,2.4196,59,227
2905,502,2.4112,47,446
2906,93,0.3708,39,41
2907,722,3.1834,58,487
2908,389,1.7153,48,151
2909,199,0.8248,42,55
2910,192,0.911,48,59
2911,253,1.0698,49,120
2912,396,1.8866,59,46
2913,303,1.2769,53,96
2914,601,2.8265,49,87
2915,756,3.4877,59,104
2916,248,1.0393,60,175
2917,449,2.0609,59,345
2918,764,3.4399,58,763
2919,634,2.8701,68,387
2920,322,1.5332,43,211
2921,1391,6.8799,70,819
2922,340,1.4631,54,148
2923,1141,5.6645,61,573
2924,235,1.1378,56,218
2925,298,1.3685,48,190
2926,554,2.49,57,158
2927,281,1.3765,49,43
2928,199,0.8305,44,48
2929,615,2.9458,57,425
2930,257,1.0761,39,198
2931,225,0.9371,48,61
2932,180,0.77,49,58
2933,228,0.9603,59,218
2934,269,1.3439,46,54
2935,569,2.9673,49,381
2936,454,2.025,52,226
2937,487,2.386,55,330
2938,183,0.7812,42,165
2939,199,0.8357,37,134
2940,423,1.7989,55,109
2941,86,0.4289,47,53
2942,206,0.8426,44,71
2943,294,1.4085,47,235
2944,672,2.9563,69,491
2945,986,4.9092,53,733
2946,450,2.1438,61,76
2947,1219,5.9836,80,143
2948,398,1.7172,47,85
2949,130,0.5638,47,64
2950,455,2.1342,59,332
2951,486,2.109,50,432
2952,1060,5.0838,56,903
2953,460,2.2794,45,69
2954,517,2.2335,52,225
2955,728,3.1801,62,167
2956,886,4.1331,69,788
2957,639,3.1373,59,539
2958,1487,7.2419,53,1018
2959,155,0.8401,44,50
2960,1476,7.4064,65,1349
2961,1158,5.7721,72,409
2962,815,3.7786,58,99
2963,389,1.7591,56,234
2964,671,2.9656,56,484
2965,125,0.6215,38,83
2966,1719,8.541,65,898
2967,276,1.3884,49,226
2968,538,2.5734,64,79
2969,953,4.4874,65,83
2970,261,1.1416,44,244
2971,499,2.7271,56,171
2972,355,1.4968,56,58
2973,106,0.4268,44,87
2974,1536,7.6988,74,1267
2975,510,2.7925,63,501
2976,870,4.3908,75,125
2977,534,2.431,69,485
2978,439,1.8779,60,405
2979,490,2.1287,53,143
2980,843,3.8925,63,451
2981,501,2.1884,51,155
2982,249,1.0292,53,97
2983,540,2.3321,79,117
2984,506,2.1511,60,421
2985,348,1.5526,54,172
2986,355,1.5458,54,111
2987,1192,6.1969,68,411
2988,489,2.202,51,332
2989,154,0.6355,54,146
2990,649,2.8234,57,410
2991,455,1.9659,62,266
2992,298,1.3249,47,261
2993,256,1.0871,47,128
2994,297,1.2771,47,64
2995,346,1.4552,63,314
2996,855,3.8874,61,412
2997,250,1.0613,53,42
2998,588,2.6115,61,242
2999,428,1.7411,59,296
3000,917,4.3995,53,558
3001,231,1.0233,68,163
3002,605,2.8544,62,179
3003,952,4.4502,65,878
3004,366,1.6584,61,87
3005,612,2.7943,58,107
3006,246,1.0655,47,220
3007,149,0.6317,56,99
3008,65,0.2575,48,33
3009,740,3.4234,60,252
3010,868,3.9599,50,376
3011,577,2.6754,54,571
3012,295,1.3039,46,113
3013,521,2.2187,56,332
3014,488,2.1347,49,198
3015,507,2.3992,49,452
3016,382,1.6293,55,262
3017,211,0.8912,41,155
3018,860,4.1765,54,464
3019,153,0.6703,55,147
3020,135,0.5708,38,26
3021,239,1.0288,48,117
3022,307,1.4356,44,225
3023,1538,7.6851,58,550
3024,1674,8.3878,77,1282
3025,1042,5.0689,52,226
3026,581,2.9742,52,306
3027,524,2.5168,63,178
3028,150,0.6897,50,47
3029,399,1.7209,61,374
3030,895,4.1217,49,725
3031,406,1.995,48,221
3032,82,0.3269,35,77
3033,579,2.5629,60,230
3034,745,3.2711,61,75
3035,556,2.4012,47,456
3036,204,0.9045,49,194
3037,553,2.4176,50,503
3038,347,1.4441,50,42
3039,944,4.5451,56,568
3040,364,1.626,59,193
3041,380,1.6089,48,329
3042,496,2.126,54,415
3043,654,3.2069,62,577
3044,529,2.2699,58,68
3045,374,1.6199,53,67
3046,396,1.9992,49,228
3047,1697,8.353,80,64
3048,418,1.8344,55,121
3049,482,2.1434,49,444
3050,241,1.0131,44,77
3051,4913,26.1693,69,1703
3052,64,0.2518,36,61
3053,147,0.6926,42,38
3054,721,3.2136,79,82
3055,782,3.5846,48,460
3056,521,2.6038,49,104
3057,1255,5.9926,52,1221
3058,244,1.1001,50,181
3059,697,3.0972,54,294
3060,530,2.5492,59,78
3061,727,3.3843,59,524
3062,1013,4.9585,50,604
3063,424,2.0361,70,259
3064,109,0.5667,42,77
3065,348,1.5237,54,93
3066,659,3.1082,50,100
3067,217,1.0823,52,158
3068,139,0.5657,42,57
3069,544,2.6759,56,473
3070,519,2.2604,47,296
3071,226,0.969,62,209
3072,196,0.9443,49,164
3073,1039,4.8858,75,721
3074,1045,4.8732,60,203
3075,526,2.4087,55,507
3076,341,1.5068,47,339
3077,672,3.3117,54,373
3078,122,0.5036,43,39
3079,643,2.989,43,324
3080,1230,5.9436,56,824
3081,463,2.3246,57,453
3082,368,1.8822,58,80
3083,260,1.0989,47,183
3084,677,3.2481,61,73
3085,995,4.5831,61,519
3086,2075,10.6233,76,1816
3087,189,0.8663,53,70
3088,332,1.4058,51,264
3089,259,1.1074,54,255
3090,725,3.4335,42,402
3091,1146,5.6216,60,128
3092,1053,5.8392,69,274
3093,202,0.8345,64,115
3094,601,2.6577,55,579
3095,481,2.0935,46,222
3096,485,2.1195,57,152
3097,464,2.1175,50,409
3098,187,0.7787,47,63
3099,420,2.0195,52,377
3100,1406,6.9728,63,733
3101,377,1.6399,62,298
3102,78,0.3183,34,49
3103,535,2.3227,68,282
3104,1052,5.0252,58,571
3105,492,2.2399,57,402
3106,994,4.8531,54,861
3107,182,0.7597,51,173
3108,369,1.6023,38,322
3109,347,1.5436,57,195
3110,528,2.3024,56,285
3111,246,1.077,51,103
3112,653,3.1571,74,566
3113,439,1.8111,48,68
3114,694,3.0389,52,630
3115,598,2.671,59,94
3116,735,3.1944,60,543
3117,244,1.0397,46,122
3118,707,3.0792,62,82
3119,705,3.1742,60,459
3120,612,2.6633,58,156
3121,605,2.972,46,408
3122,251,1.0346,75,144
3123,251,1.1042,61,89
3124,462,2.2597,83,359
3125,271,1.1416,40,50
3126,419,1.7689,48,242
3127,472,2.4998,54,64
3128,408,1.9164,44,147
3129,422,2.0634,58,230
3130,3480,18.4864,66,2874
3131,1002,4.8276,64,88
3132,155,0.6358,44,104
3133,138,0.5522,44,116
3134,121,0.4797,43,114
3135,135,0.541,61,102
3136,455,2.0371,53,431
3137,926,4.2913,69,555
3138,187,0.8259,49,107
3139,318,1.3303,45,278
3140,405,1.7596,56,190
3141,392,1.7214,44,200
3142,170,0.6919,42,94
3143,157,0.6363,45,31
3144,160,0.6556,48,67
3145,963,4.6403,68,481
3146,144,0.5815,44,79
3147,1175,5.792,64,1100
3148,525,2.3432,48,279
3149,317,1.4011,52,227
3150,480,2.0428,53,331
3151,722,3.1729,54,688
3152,281,1.1779,74,69
3153,300,1.2582,62,108
3154,495,2.162,51,126
3155,119,0.563,41,68
3156,887,4.0192,66,139
3157,396,1.7635,45,258
3158,168,0.6795,44,68
3159,331,1.4387,48,239
3160,159,0.6496,46,93
3161,390,1.7054,51,253
3162,93,0.3729,32,53
3163,218,0.896,37,143
3164,1094,5.0839,71,715
3165,493,2.18,57,63
3166,856,3.8302,67,809
3167,112,0.4666,40,62
3168,477,2.0383,56,296
3169,540,2.4825,54,245
3170,351,1.6204,48,147
3171,748,3.2458,65,272
3172,493,2.1612,49,352
3173,213,0.8968,56,159
3174,179,0.7359,47,105
3175,215,0.9081,59,186
3176,820,3.7658,52,326
3177,255,1.1206,50,72
3178,125,0.5007,57,121
3179,3920,20.8316,58,184
3180,394,1.7779,51,316
3181,266,1.1121,51,190
3182,452,1.9175,46,124
3183,716,3.2655,51,272
3184,87,0.3915,38,60
3185,392,1.6194,47,178
3186,609,2.7486,50,56
3187,186,0.9337,48,181
3188,532,2.2911,67,445
3189,400,1.7323,46,102
3190,495,2.4274,56,270
3191,953,5.1324,55,730
3192,611,2.6907,44,513
3193,1184,5.938,66,612
3194,541,2.7421,47,82
3195,1077,5.1215,72,50
3196,334,1.7047,49,178
3197,379,1.6776,76,174
3198,766,3.5052,53,104
3199,628,2.7241,60,617
3200,504,2.2037,56,500
3201,1191,5.5807,68,131
3202,1515,7.4739,56,684
3203,218,1.038,46,127
3204,1215,6.1447,64,96
3205,289,1.2211,41,284
3206,608,2.6145,52,77
3207,335,1.5488,53,49
3208,277,1.3834,50,41
3209,591,2.7824,50,73
3210,344,1.544,45,114
3211,624,2.749,70,51
3212,2143,11.1399,55,232
3213,638,3.2085,61,438
3214,1227,5.8371,92,83
3215,672,3.0831,66,468
3216,699,3.3023,54,325
3217,1192,6.018,61,248
3218,140,0.5831,32,125
3219,91,0.4526,59,41
3220,192,0.916,49,177
3221,348,1.4919,53,239
3222,193,0.8371,45,186
3223,468,2.1145,47,449
3224,842,4.0773,52,582
3225,227,0.9769,71,207
3226,317,1.3906,49,83
3227,183,0.8537,48,99
3228,144,0.5643,47,55
3229,333,1.4132,55,305
3230,79,0.3188,47,68
3231,556,2.6572,53,73
3232,397,1.844,59,47
3233,269,1.1489,41,240
3234,370,1.6526,47,49
3235,405,1.7596,44,311
3236,212,0.8824,48,80
3237,890,4.0001,52,184
3238,269,1.2228,40,234
3239,123,0.6159,35,47
3240,820,3.7134,74,122
3241,421,1.8619,71,420
3242,681,3.0398,82,332
3243,1008,4.8289,59,520
3244,227,0.9643,43,60
3245,595,2.8053,63,74
3246,630,2.7867,57,226
3247,338,1.4641,55,187
3248,226,1.132,54,95
3249,847,3.9633,61,177
3250,511,2.4832,46,455
3251,170,0.6971,48,72
3252,497,2.1651,60,289
3253,540,2.5043,68,70
3254,462,2.0969,50,144
3255,197,0.8068,49,183
3256,525,2.3375,55,118
3257,177,0.7504,67,174
3258,591,2.7504,66,435
3259,289,1.3368,48,60
3260,182,0.7603,51,85
3261,526,2.4588,49,524
3262,329,1.4247,47,239
3263,929,4.5084,66,524
3264,387,1.6846,41,237
3265,328,1.4475,44,251
3266,412,1.7284,52,238
3267,301,1.3106,48,116
3268,246,1.2264,64,78
3269,695,3.0588,73,329
3270,498,2.31,58,268
3271,682,3.046,60,351
3272,1748,8.9518,52,61
3273,126,0.5544,61,83
3274,408,1.7986,61,117
3275,2227,11.8702,71,741
3276,432,1.8995,50,324
3277,718,3.148,72,689
3278,505,2.2408,61,450
3279,2532,13.5271,90,2297
3280,1060,5.4675,77,649
3281,126,0.5617,38,117
3282,1308,6.3182,62,548
3283,4700,24.9934,70,4251
3284,163,0.8076,43,140
3285,891,4.1465,63,95
3286,220,0.9362,58,144
3287,204,0.8719,45,92
3288,263,1.1269,55,94
3289,1351,6.9236,54,995
3290,249,1.1138,54,172
3291,1747,8.8638,63,647
3292,1597,8.1415,77,873
3293,581,2.6282,65,516
3294,410,1.9979,51,42
3295,1283,6.4074,64,998
3296,2112,11.0963,75,1987
3297,69,0.2867,37,52
3298,2007,10.5107,73,125
3299,388,1.7647,51,262
3300,388,1.7185,52,55
3301,161,0.8154,49,130
3302,378,1.6161,44,70
3303,73,0.2921,49,50
3304,184,0.7349,55,119
3305,212,0.9343,52,203
3306,326,1.5355,58,54
3307,420,1.8339,58,162
3308,1151,5.4993,73,610
3309,561,2.4741,52,193
3310,2104,11.0272,79,1386
3311,574,2.635,54,57
3312,484,2.3232,59,58
3313,491,2.0857,59,427
3314,575,2.6058,56,129
3315,873,4.372,76,585
3316,332,1.616,55,104
3317,344,1.458,51,75
3318,395,1.6869,52,84
3319,308,1.4046,47,306
3320,526,2.577,53,302
3321,360,1.7141,64,70
3322,188,0.7709,45,180
3323,329,1.4121,60,276
3324,608,2.7538,59,275
3325,163,0.6636,44,45
3326,210,0.9071,49,191
3327,1106,5.4203,57,537
3328,1562,7.7552,62,1137
3329,321,1.6143,51,80
3330,835,4.0242,80,408
3331,1825,9.3929,57,753
3332,190,0.7832,45,144
3333,413,2.1998,49,318
3334,376,1.8723,50,105
3335,247,1.0245,67,107
3336,174,0.7222,49,98
3337,234,0.9926,45,230
3338,177,0.747,51,58
3339,455,2.1877,71,454
3340,677,3.2812,66,78
3341,77,0.3681,44,68
3342,640,2.8712,67,194
3343,1884,9.6015,66,1191
3344,585,2.7638,65,86
3345,1960,10.6938,65,1466
3346,512,2.2482,73,83
3347,2518,13.274,54,1708
3348,682,3.6232,73,55
3349,1103,5.5276,49,923
3350,599,2.8065,48,455
3351,274,1.1761,46,211
3352,465,2.027,65,187
3353,419,1.8376,67,200
3354,378,1.5657,51,285
3355,62,0.3074,36,61
3356,666,3.1941,48,126
3357,346,1.4693,54,134
3358,226,1.0467,47,134
3359,334,1.4683,50,137
3360,688,3.526,78,257
3361,333,1.6851,56,323
3362,318,1.3315,47,68
3363,94,0.3859,53,89
3364,496,2.1051,57,416
3365,2085,10.8055,63,963
3366,181,0.8759,60,39
3367,353,1.6172,50,314
3368,658,2.8785,53,575
3369,168,0.7057,55,164
3370,729,3.387,75,60
3371,261,1.1211,56,121
3372,225,0.9392,49,67
3373,228,1.0369,43,183
3374,1202,5.9113,58,772
3375,788,3.6823,59,380
3376,1385,6.991,53,1383
3377,284,1.2242,50,165
3378,250,1.123,67,193
3379,500,2.1521,60,455
3380,2314,11.8895,73,455
3381,96,0.4284,35,61
3382,356,1.5065,51,275
3383,302,1.2969,56,56
3384,507,2.2513,58,439
3385,516,2.1809,63,111
3386,241,1.0077,54,127
3387,180,0.8477,52,140
3388,700,3.1531,62,257
3389,3005,15.8862,73,1590
3390,173,0.8961,51,90
3391,537,2.7043,57,475
3392,484,2.1125,53,79
3393,1130,5.4342,61,297
3394,218,0.9503,46,202
3395,1181,5.8767,70,1006
3396,1374,6.6999,71,833
3397,335,1.5839,59,172
3398,506,2.4762,62,440
3399,417,2.072,42,256
3400,620,2.9864,55,411
3401,239,0.9948,46,85
3402,102,0.4066,39,101
3403,204,1.1608,46,169
3404,200,0.84,47,96
3405,405,1.7362,53,393
3406,575,2.8001,51,567
3407,808,3.7349,50,543
3408,407,1.9589,52,148
3409,374,1.6284,50,54
3410,1713,9.066,61,1239
3411,190,0.9315,62,123
3412,152,0.6305,55,73
3413,217,0.902,45,147
3414,161,0.6507,49,132
3415,185,0.7641,53,174
3416,244,1.0134,50,236
3417,506,2.3131,62,73
3418,239,1.0102,43,54
3419,148,0.5864,43,142
3420,325,1.4492,55,107
3421,360,1.5476,45,70
3422,692,3.2996,52,69
3423,1327,6.7265,76,566
3424,292,1.2561,44,45
3425,1048,5.2321,75,333
3426,1074,5.596,62,325
3427,709,3.4345,67,93
3428,418,1.8936,63,308
3429,339,1.6755,48,199
3430,486,2.0957,53,280
3431,121,0.5006,45,119
3432,513,2.4394,55,323
3433,562,2.484,53,113
3434,632,2.8202,55,569
3435,752,3.5869,68,279
3436,722,3.3646,78,223
3437,111,0.4677,42,58
3438,145,0.6473,39,123
3439,443,1.9159,48,332
3440,2301,11.9036,64,2137
3441,501,2.5371,60,295
3442,266,1.4824,46,131
3443,413,1.8467,59,68
3444,550,2.4222,75,491
3445,421,1.863,46,393
3446,388,1.6475,59,201
3447,522,2.2476,57,81
3448,1528,7.6358,58,922
3449,879,4.2209,52,612
3450,511,2.3277,56,48
3451,855,4.0647,61,328
3452,151,0.6171,46,149
3453,685,3.1728,52,539
3454,1755,9.3091,55,282
3455,452,2.1148,75,437
3456,517,2.3319,54,61
3457,3536,18.6387,59,2043
3458,479,2.4394,69,169
3459,671,3.0341,56,581
3460,432,2.0568,54,132
3461,485,2.1937,54,474
3462,1032,4.9853,60,518
3463,184,0.7525,59,180
3464,198,0.8016,58,150
3465,1545,7.7802,59,1284
3466,794,3.7597,48,77
3467,549,3.2508,56,518
3468,254,1.2987,46,91
3469,139,0.5736,47,77
3470,308,1.2954,50,193
3471,252,1.1555,54,181
3472,593,2.9224,49,300
3473,491,2.3861,62,199
3474,1068,6.075,70,945
3475,978,4.7687,73,503
3476,1979,10.5218,66,1338
3477,437,2.1525,51,245
3478,1228,6.6682,48,974
3479,996,5.555,69,218
3480,319,1.5915,77,137
3481,351,1.4971,49,187
3482,1554,7.9424,79,1110
3483,586,2.7048,50,39
3484,514,2.2744,57,357
3485,410,1.7808,61,62
3486,927,4.2554,49,266
3487,164,0.6716,40,128
3488,1774,9.2737,65,260
3489,2670,14.235,59,159
3490,957,4.9143,64,847
3491,837,3.9768,62,483
3492,493,2.2979,53,324
3493,310,1.5454,55,262
3494,168,0.7017,42,125
3495,158,0.6498,44,64
3496,914,4.5826,51,868
3497,2845,15.262,66,497
3498,465,2.2895,54,312
3499,496,2.1054,52,495
3500,523,2.2754,64,464
3501,519,2.3543,54,494
3502,303,1.5707,52,292
3503,108,0.4643,46,60
3504,584,2.6937,45,182
3505,732,3.425,61,242
3506,972,4.5314,74,668
3507,588,2.5583,54,220
3508,320,1.3921,50,139
3509,785,4.2549,51,641
3510,798,4.1934,65,288
3511,1638,8.5085,58,992
3512,2054,10.8443,59,477
3513,127,0.5292,48,58
3514,617,2.781,52,326
3515,332,1.4492,42,130
3516,748,3.5344,63,74
3517,1216,5.9187,57,768
3518,456,2.0187,53,70
3519,656,3.3141,70,56
3520,113,0.4466,45,44
3521,498,2.1805,48,250
3522,407,1.8465,47,105
3523,1001,4.7681,62,826
3524,407,1.8094,55,81
3525,400,1.7455,58,368
3526,412,1.8551,45,318
3527,399,1.8988,48,91
3528,1396,7.2088,62,215
3529,1855,9.6115,69,1737
3530,627,3.1543,57,620
3531,398,1.9085,63,122
3532,90,0.3533,47,84
3533,691,3.1543,51,551
3534,345,1.4806,51,271
3535,684,3.1847,56,624
3536,453,2.0173,60,251
3537,197,0.8045,53,102
3538,1712,8.8141,74,1096
3539,1440,7.5318,58,967
3540,322,1.7034,47,200
3541,258,1.1743,63,230
3542,204,0.8503,39,103
3543,513,2.2141,50,416
3544,149,0.7762,46,78
3545,1319,6.3718,55,1249
3546,156,0.9063,66,61
3547,776,3.7506,77,255
3548,465,2.0956,51,349
3549,678,3.049,64,674
3550,819,4.0071,55,149
3551,409,1.8926,58,408
3552,413,2.016,49,292
3553,398,1.6838,48,229
3554,93,0.3821,38,53
3555,223,0.9416,44,158
3556,1871,9.7005,80,83
3557,347,1.7355,48,227
3558,1545,7.6501,72,839
3559,179,0.9012,39,83
3560,542,2.4661,55,69
3561,597,3.0593,66,208
3562,287,1.2084,51,184
3563,566,2.5226,46,535
3564,874,4.4361,71,486
3565,190,0.947,45,80
3566,622,3.1374,67,457
3567,793,4.0088,59,520
3568,723,3.4538,58,251
3569,610,3.0046,68,471
3570,393,2.0825,51,332
3571,115,0.4976,35,71
3572,231,1.023,55,72
3573,443,2.1322,50,386
3574,314,1.3683,51,205
3575,3751,20.1927,67,3194
3576,66,0.2707,38,55
3577,935,4.9406,66,397
3578,827,4.146,74,179
3579,467,2.3217,57,343
3580,664,3.1573,63,165
3581,917,4.7162,65,760
3582,386,1.6918,50,324
3583,388,1.6454,53,306
3584,288,1.2072,46,45
3585,458,1.9135,51,63
3586,78,0.3135,58,57
3587,191,0.7772,50,136
3588,1248,6.5168,52,514
3589,238,1.1242,62,214
3590,1009,4.6603,54,671
3591,479,2.4271,55,136
3592,315,1.3508,47,157
3593,1672,8.4184,64,708
3594,1023,5.2568,52,883
3595,1196,6.1357,85,1189
3596,526,2.35,51,131
3597,414,1.8303,49,95
3598,499,2.2216,45,142
3599,744,3.9374,57,509
3600,718,3.5546,73,575
3601,543,2.6934,53,310
3602,572,2.6224,59,477
3603,2220,11.8611,62,1489
3604,487,2.0945,47,414
3605,837,3.7722,48,743
3606,270,1.2541,38,230
3607,80,0.3221,46,41
3608,150,0.8112,51,100
3609,538,2.89,47,80
3610,512,2.3212,53,266
3611,457,2.0407,63,111
3612,187,0.8008,55,119
3613,163,0.6669,49,150
3614,978,4.6101,77,727
3615,737,3.2795,61,128
3616,395,1.9975,47,251
3617,465,2.2217,49,102
3618,545,2.323,53,325
3619,425,1.9341,48,111
3620,1832,9.4145,77,1789
3621,222,0.9531,69,33
3622,353,1.5523,57,104
3623,850,4.007,64,101
3624,194,0.8421,56,49
3625,183,0.9268,46,133
3626,559,2.6189,52,532
3627,986,4.6456,57,914
3628,1285,6.2854,65,1206
3629,981,4.853,56,783
3630,445,2.0627,54,103
3631,1127,5.2195,64,745
3632,642,3.2559,54,30
3633,942,4.9084,69,147
3634,3467,18.5358,75,1445
3635,253,1.1,56,208
3636,253,1.2446,44,147
3637,596,2.8108,64,127
3638,65,0.2549,41,61
3639,189,0.7894,39,66
3640,747,3.5497,58,46
3641,789,3.8613,48,521
3642,912,4.2146,49,286
3643,351,1.6114,42,163
3644,160,0.7447,53,141
3645,583,2.7061,52,326
3646,718,3.4808,61,103
3647,984,4.4684,76,114
3648,1210,6.2478,89,355
3649,429,2.1305,58,149
3650,270,1.1206,49,113
3651,722,3.1522,52,423
3652,670,3.0297,66,656
3653,108,0.4365,54,96
3654,1742,8.7409,70,919
3655,671,3.3423,64,616
3656,1519,7.8479,78,697
3657,177,0.7661,41,105
3658,479,2.1765,53,432
3659,612,2.8399,64,114
3660,491,2.1736,56,46
3661,607,2.6535,53,548
3662,429,1.9493,53,93
3663,5496,28.9237,90,730
3664,656,3.5629,63,512
3665,390,1.9276,62,334
3666,108,0.5269,44,106
3667,1821,9.2925,75,688
3668,766,3.5831,53,478
3669,1301,6.2912,75,1063
3670,109,0.4857,54,83
3671,1134,5.5914,56,750
3672,393,1.9023,51,241
3673,267,1.1404,47,112
3674,71,0.3379,37,46
3675,143,0.582,46,59
3676,300,1.2821,45,254
3677,2287,12.3978,70,798
3678,288,1.4037,60,213
3679,787,3.5396,49,460
3680,845,4.0362,52,651
3681,711,3.2334,46,94
3682,969,4.6512,58,342
3683,56,0.2228,28,54
3684,451,1.9138,53,246
3685,272,1.1288,56,183
3686,206,0.8372,43,59
3687,853,3.9578,53,57
3688,918,4.1816,53,463
3689,266,1.1426,53,161
3690,721,3.7717,52,227
3691,820,4.1542,58,689
3692,1141,5.8068,55,87
3693,824,3.8482,63,699
3694,973,4.6166,59,581
3695,880,4.4559,49,699
3696,321,1.3791,47,99
3697,777,3.4232,49,584
3698,1417,7.1619,73,937
3699,118,0.471,41,107
3700,328,1.3971,61,251
3701,174,0.7103,46,151
3702,122,0.5818,39,86
3703,118,0.5348,53,66
3704,245,0.9984,55,89
3705,293,1.317,62,74
3706,65,0.2553,43,54
3707,614,2.7093,76,574
3708,218,0.9111,43,118
3709,251,1.0305,47,188
3710,147,0.5962,46,44
3711,976,4.5713,53,183
3712,537,2.334,66,401
3713,199,0.9993,62,126
3714,2263,12.3265,62,400
3715,950,5.1369,62,257
3716,425,2.0649,63,171
3717,118,0.4686,43,111
3718,448,2.0263,60,409
3719,638,2.9802,52,118
3720,420,1.8184,46,273
3721,840,3.8799,62,70
3722,779,3.8626,53,409
3723,369,1.6047,50,356
3724,595,2.6265,50,174
3725,539,2.3934,57,231
3726,668,3.1527,59,486
3727,432,1.8754,64,294
3728,557,2.5238,48,499
3729,327,1.3254,55,281
3730,750,3.2193,62,389
3731,718,3.2479,51,230
3732,89,0.346,35,34
3733,258,1.0872,52,221
3734,618,2.7953,50,190
3735,1076,5.0499,59,1025
3736,1026,4.8663,56,769
3737,634,3.0708,51,224
3738,410,1.8096,52,170
3739,275,1.169,46,121
3740,501,2.2054,65,319
3741,500,2.3128,56,287
3742,674,3.1007,72,656
3743,1448,7.1249,72,1216
3744,474,2.1606,56,201
3745,992,4.8583,68,326
3746,1150,5.4524,60,128
3747,475,2.1523,51,219
3748,252,1.0293,74,139
3749,336,1.4177,47,328
3750,899,4.194,50,736
3751,564,2.4683,60,231
3752,277,1.1473,41,53
3753,950,4.2752,69,69
3754,3990,21.1184,106,513
3755,487,2.4292,74,236
3756,2083,10.7747,57,937
3757,666,3.0689,49,43
3758,853,4.3431,68,696
3759,557,2.8325,73,179
3760,2010,10.3768,72,1272
3761,1089,5.249,71,297
3762,538,2.3695,65,529
3763,602,2.6044,67,52
3764,47,0.2086,30,40
3765,418,1.8051,46,84
3766,1017,4.6288,71,224
3767,281,1.1935,50,228
3768,98,0.3955,56,83
3769,194,0.8144,39,191
3770,1295,6.9085,66,142
3771,538,2.481,83,401
3772,850,3.9524,59,754
3773,512,2.5991,57,278
3774,603,2.6234,54,128
3775,138,0.5754,50,118
3776,717,3.1767,75,701
3777,841,3.7263,65,427
3778,197,0.8133,53,102
3779,140,0.612,46,90
3780,543,2.5046,52,532
3781,85,0.352,49,26
3782,68,0.2706,40,46
3783,539,2.4399,62,489
3784,1214,5.6807,65,962
3785,557,2.8055,87,212
3786,2931,15.2336,76,102
3787,65,0.2567,34,44
3788,452,1.9508,45,369
3789,2930,15.5859,76,102
3790,3190,16.8347,73,1304
3791,1818,9.3605,61,281
3792,147,0.5927,46,135
3793,1100,5.2267,61,155
3794,212,0.8858,59,139
3795,534,2.2452,57,279
3796,2241,11.4949,63,501
3797,67,0.2693,38,54
3798,991,5.069,56,114
3799,541,2.5356,57,536
3800,297,1.3226,48,117
3801,2029,10.3862,72,1290
3802,1035,5.602,71,297
3803,720,3.6295,73,291
3804,538,2.4722,64,515
3805,214,0.9015,54,55
3806,750,3.4563,71,543
3807,1355,6.5422,79,898
3808,751,3.7133,66,555
3809,764,3.4168,51,359
3810,326,1.6031,42,147
3811,1083,5.0312,48,1032
3812,469,2.1694,53,418
3813,386,1.8524,73,239
3814,405,1.8492,52,197
3815,512,2.1989,49,63
3816,1046,4.9173,71,297
3817,136,0.6995,49,82
3818,993,4.5723,71,297
3819,585,2.6937,64,562
3820,889,4.2435,76,404
3821,1789,9.4197,66,1733
3822,644,3.1283,62,642
3823,416,1.7926,61,394
3824,130,0.5182,36,72
3825,570,2.3868,75,554
3826,279,1.1919,45,135
3827,978,4.4819,68,813
3828,250,1.202,49,113
3829,154,0.6544,68,82
3830,529,2.2036,57,522
3831,1064,4.9301,59,538
3832,1293,6.3815,86,211
3833,1980,10.6057,56,1089
3834,898,4.2239,71,532
3835,46,0.2201,36,34
3836,2737,14.3028,76,102
3837,3580,19.0877,63,3128
3838,914,4.5373,82,894
3839,202,0.8493,53,91
3840,63,0.2456,35,24
3841,189,0.7715,39,187
3842,73,0.4061,41,69
3843,1367,6.6551,64,138
3844,447,1.9729,52,141
3845,952,4.6254,71,86
3846,7906,42.1815,85,7227
3847,71,0.3051,36,58
3848,141,0.5817,48,117
3849,571,2.7762,75,555
3850,77,0.3705,42,69
3851,513,2.203,54,380
3852,618,2.6566,61,523
3853,135,0.5609,38,114
3854,1965,10.1772,56,1089
3855,1323,6.6421,65,1071
3856,1146,5.6654,58,1055
3857,3140,16.9354,76,102
3858,771,3.8093,69,475
3859,90,0.3567,46,70
3860,109,0.428,44,108
3861,555,2.538,54,528
3862,2738,14.1828,76,102
3863,604,3.0336,61,385
3864,243,1.0069,46,214
3865,869,4.067,71,771
3866,219,0.9206,47,40
3867,1560,7.8328,66,878
3868,1845,9.5398,61,281
3869,1265,6.6823,67,387
3870,732,3.6821,73,699
3871,98,0.3883,38,62
3872,139,0.6631,50,109
3873,818,3.7904,55,725
3874,405,1.738,73,240
3875,95,0.3944,47,51
3876,230,0.9812,45,222
3877,90,0.4045,42,53
3878,264,1.0971,42,241
3879,729,3.3039,73,300
3880,923,4.4839,62,754
3881,832,3.7734,69,493
3882,62,0.268,45,59
3883,123,0.5638,54,99
3884,814,3.6411,60,226
3885,957,4.391,56,114
3886,649,3.1735,76,273
3887,152,0.5977,52,140
3888,782,3.5442,54,131
3889,363,1.564,49,79
3890,490,2.1142,50,432
3891,2173,11.0001,67,331
3892,573,2.9914,52,262
3893,551,2.7943,50,455
3894,103,0.4061,41,84
3895,1149,5.4177,58,44
3896,926,4.3679,63,312
3897,1542,7.7164,76,273
3898,1345,6.5956,68,693
3899,861,4.603,72,142
3900,966,4.9386,54,280
3901,459,1.9921,54,52
3902,125,0.5397,50,56
3903,214,0.8778,76,99
3904,1836,9.5579,79,280
3905,686,3.3467,52,262
3906,564,2.6666,73,503
3907,1919,10.1689,57,1192
3908,1548,7.8681,68,1538
3909,1035,5.3305,72,739
3910,135,0.5927,52,88
3911,153,0.6401,45,111
3912,785,3.5147,55,414
3913,130,0.5222,48,123
3914,920,4.371,63,393
3915,1944,9.9292,63,1631
3916,3735,19.9163,68,859
3917,150,0.6345,44,69
3918,251,1.0436,49,109
3919,1570,7.8189,78,923
3920,2075,10.9078,59,1463
3921,809,3.8517,69,470
3922,1497,7.6764,68,1487
3923,188,0.7929,53,104
3924,74,0.3002,35,40
3925,1622,8.0592,87,843
3926,1966,10.466,87,1153
3927,692,3.3456,60,524
3928,1316,6.813,69,979
3929,181,0.7455,43,154
3930,60,0.2527,31,59
3931,846,4.5809,79,802
3932,282,1.2096,52,145
3933,943,4.5952,62,554
3934,1552,7.6456,79,933
3935,569,2.5407,59,217
3936,85,0.3423,37,72
3937,522,2.31,54,98
3938,2142,10.9901,77,199
3939,1159,5.8342,63,785
3940,800,3.7213,69,470
3941,336,1.4467,49,53
3942,1169,5.5895,71,871
3943,474,3.0396,54,52
3944,467,2.0146,49,357
3945,961,4.6737,54,871
3946,1121,5.6404,83,187
3947,117,0.501,54,61
3948,318,1.3244,63,143
3949,2793,15.0015,87,1153
3950,123,0.5109,49,80
3951,1937,10.0866,57,1169
3952,1656,8.5543,87,843
3953,480,2.3638,59,192
3954,870,4.0166,58,164
3955,57,0.2783,42,44
3956,1035,4.8475,59,496
3957,99,0.4069,47,60
3958,1286,6.2393,64,281
3959,1052,5.1492,54,889
3960,1418,6.8806,69,1112
3961,4744,25.0161,65,1280
3962,1276,6.6162,65,959
3963,1384,7.186,72,1155
3964,974,5.1142,54,884
3965,1950,10.4831,63,1637
3966,115,0.4645,50,39
3967,107,0.417,37,74
3968,374,1.6043,73,371
3969,854,4.0344,58,737
3970,315,1.387,60,137
3971,2019,10.5346,70,408
3972,136,0.5837,42,78
3973,715,3.5406,68,209
3974,2461,12.7974,79,1916
3975,728,3.3303,50,54
3976,534,2.5836,72,305
3977,512,2.2483,54,262
3978,1152,6.0362,69,979
3979,2555,13.3804,68,555
3980,554,2.505,57,158
3981,509,2.3827,42,396
3982,1226,5.9405,65,974
3983,983,5.1358,78,923
3984,732,3.5844,70,533
3985,1897,9.6712,77,1598
3986,138,0.5752,53,40
3987,944,4.4674,60,639
3988,479,2.1193,54,52
3989,463,2.1986,49,357
3990,70,0.2842,38,47
3991,58,0.2344,31,51
3992,943,4.4761,83,158
3993,783,4.121,53,447
3994,606,2.7707,62,169
3995,1410,7.2516,74,1363
3996,582,2.7392,50,486
3997,129,0.5082,50,127
3998,2520,13.2305,74,726
3999,547,2.5571,46,423
4000,710,3.2166,73,281
4001,1632,8.5336,87,843
4002,54,0.2584,33,46
4003,2799,14.8569,87,1153
4004,2516,13.1644,68,555
4005,878,4.2288,64,646
4006,126,0.554,61,49
4007,990,4.6212,76,644
4008,209,0.9001,45,64
4009,521,2.2201,55,315
4010,568,2.4113,73,45
4011,597,2.5946,60,563
4012,3030,15.9219,65,1257
4013,2455,13.0009,67,1136
4014,912,4.7446,63,385
4015,800,3.6245,54,168
4016,1504,7.2829,87,881
4017,155,0.7519,41,66
4018,1009,4.7285,60,724
4019,187,0.7777,50,166
4020,387,1.6402,46,136
4021,366,1.5425,52,100
4022,1675,8.1922,79,280
4023,97,0.3853,53,76
4024,2036,10.4649,64,1992
4025,865,4.4954,71,567
4026,205,0.9005,58,62
4027,2036,10.7567,64,1992
4028,1502,7.4899,76,273
4029,2020,11.034,64,1976
4030,890,4.4499,70,365
4031,361,1.6254,73,358
4032,2037,10.485,64,1993
4033,122,0.4922,49,65
4034,268,1.0866,51,139
4035,104,0.424,47,97
4036,1181,5.8468,68,529
4037,450,1.99,57,313
4038,1301,6.434,65,1050
4039,1644,8.4355,63,229
4040,781,3.6246,54,131
4041,5131,27.5012,63,3624
4042,486,2.3031,54,52
4043,143,0.6047,44,113
4044,571,2.685,62,561
4045,2307,11.7891,79,1916
4046,1261,6.2287,79,804
4047,972,4.468,83,187
4048,309,1.2912,53,254
4049,95,0.3753,50,93
4050,188,0.8332,38,129
4051,1782,10.8158,56,1398
4052,708,3.2429,55,507
4053,674,3.3308,52,262
4054,138,0.5606,44,96
4055,623,2.6911,60,589
4056,544,2.357,46,67
4057,2459,13.0001,85,728
4058,942,4.4486,64,219
4059,2762,14.5977,68,79
4060,1872,9.704,57,1169
4061,1857,9.6141,73,1305
4062,1554,7.983,69,1248
4063,899,4.5156,85,293
4064,154,0.6458,57,152
4065,96,0.3854,54,77
4066,3579,19.2339,63,3128
4067,280,1.3277,46,252
4068,122,0.5039,65,82
4069,1121,5.2372,69,784
4070,525,2.26,52,315
4071,324,1.4609,56,78
4072,115,0.479,37,101
4073,600,2.7216,58,257
4074,2396,12.5252,82,1553
4075,162,0.6784,46,141
4076,2021,10.561,64,1977
4077,1134,5.5453,72,905
4078,215,0.8786,59,184
4079,736,3.3128,59,366
4080,2020,10.3436,64,1976
4081,982,5.0092,78,923
4082,165,0.6852,46,148
4083,2017,10.4376,64,1973
4084,501,2.201,51,53
4085,2083,10.7064,59,1463
4086,2797,14.5256,73,1445
4087,4733,24.8923,65,1280
4088,756,3.7158,53,251
4089,445,2.1177,60,416
4090,413,1.7402,66,277
4091,5116,27.3458,63,3602
4092,1499,7.5044,68,734
4093,4101,22.059,63,4061
4094,5135,27.2975,63,3620
4095,1915,10.3108,63,1603
0,775,4.046,58,208
1,89,0.4414,37,84
2,2719,14.1931,67,2022
3,1867,9.9232,57,1776
4,966,4.799,61,923
5,781,3.4774,67,151
6,344,1.4738,47,56
7,835,3.6506,58,88
8,2037,10.3556,74,1691
9,401,1.8609,57,258
10,2177,11.2149,245,577
11,447,1.9363,62,239
12,669,2.9301,55,572
13,280,1.1908,46,252
14,1877,9.4249,61,1696
15,524,2.5811,48,214
16,286,1.1603,49,213
17,341,1.4195,50,340
18,397,1.7097,57,245
19,636,2.8457,49,172
20,1300,6.4261,69,1249
21,3322,17.6097,63,1433
22,466,2.142,51,446
23,1156,5.7192,74,817
24,635,2.8459,60,192
25,1698,8.618,63,283
26,1242,6.123,63,1003
27,1482,7.4599,64,1439
28,520,2.863,59,426
29,1191,5.8545,68,158
30,41,0.1624,22,38
31,1135,5.4864,64,284
32,1351,7.0578,71,693
33,157,0.663,50,91
34,460,1.9544,49,83
35,487,2.0798,46,71
36,546,2.2942,52,336
37,2347,12.237,71,1833
38,352,1.7035,54,71
39,1978,10.2215,59,357
40,164,0.7459,39,136
41,653,3.0876,57,234
42,951,4.4894,58,394
43,884,4.0909,63,865
44,218,0.9222,46,113
45,1243,5.9252,79,277
46,1577,8.0442,70,1108
47,1229,6.0056,60,485
48,148,0.6058,41,84
49,607,2.6409,48,250
50,2195,11.1016,63,397
51,379,1.8061,46,215
52,175,0.7241,50,138
53,996,4.984,69,452
54,1449,7.5885,69,91
55,747,3.8342,59,231
56,360,1.5363,49,126
57,544,2.5144,55,43
58,626,2.9043,55,82
59,1671,8.5146,66,1163
60,1008,5.0837,59,78
61,1631,8.5358,74,926
62,1337,6.8659,60,1075
63,1723,8.8556,56,1612
64,216,0.9335,58,130
65,500,2.3681,57,320
66,911,4.0611,68,904
67,356,1.5053,44,174
68,145,0.628,50,126
69,77,0.3069,41,69
70,41,0.1938,40,40
71,41,0.1525,35,39
72,610,2.9229,61,295
73,541,2.2961,52,517
74,913,4.3981,55,235
75,2600,13.7687,75,1476
76,267,1.2522,60,189
77,253,1.0517,52,213
78,1470,7.3516,69,286
79,651,3.2768,44,402
80,526,2.2464,57,301
81,694,3.0923,67,409
82,12,0.068,17,11
83,33,0.1211,33,30
84,529,2.3529,53,384
85,659,2.9427,64,314
86,2024,10.889,62,92
87,88,0.37,37,85
88,4219,22.3135,69,3564
89,460,2.0361,52,119
90,144,0.5978,42,110
91,617,2.8189,75,326
92,145,0.5896,49,62
93,1896,9.4746,57,1169
94,643,3.0544,52,113
95,256,1.0661,61,218
96,1584,7.9602,74,494
97,638,3.0016,77,296
98,1654,8.433,80,133
99,723,3.5447,69,353
100,1070,4.9541,54,489
101,159,0.6421,44,54
102,1032,4.7282,61,668
103,391,1.7887,79,386
104,887,4.1994,58,426
105,155,0.6285,47,70
106,1694,8.3865,65,812
107,835,3.9524,61,305
108,556,2.5246,53,130
109,130,0.5234,55,75
110,1040,4.9092,56,641
111,352,1.5158,53,73
112,823,3.7833,69,493
113,179,0.7315,49,88
114,1577,7.8237,97,376
115,62,0.2517,39,60
116,30,0.1227,22,29
117,29,0.1161,30,22
118,12,0.0532,14,11
119,12,0.0544,14,11
120,620,2.9044,68,127
121,164,0.6602,63,141
122,132,0.5628,59,119
123,186,0.7644,55,121
124,186,0.7653,55,121
125,152,0.6173,40,141
126,152,0.6244,40,141
127,254,1.0526,53,67
128,254,1.1116,53,67
129,254,1.0421,53,67
130,266,1.1093,53,189
131,266,1.0939,53,189
132,64,0.2518,30,62
133,64,0.2431,30,62
134,105,0.4065,41,51
135,105,0.4023,41,51
136,106,0.4223,50,71
137,106,0.4174,50,71
138,137,0.5476,47,64
139,137,0.5436,47,64
140,258,1.1085,52,133
141,258,1.0626,52,133
142,378,1.721,62,127
143,368,1.765,53,263
144,1877,9.6074,69,497
145,557,2.606,45,312
146,288,1.1704,56,104
147,1602,7.9865,76,290
148,948,4.5737,54,646
149,549,2.4248,65,212
150,741,3.2018,56,664
151,110,0.5016,43,87
152,12346,66.0754,69,9422
153,178,0.7771,44,129
154,741,3.4664,57,91
155,2552,13.4724,61,657
156,3124,16.4662,60,3090
157,1913,9.8066,70,921
158,2861,15.1114,85,172
159,474,2.0927,59,324
160,1716,8.429,59,536
161,2180,11.3345,65,1982
162,353,1.6094,61,106
163,2463,12.8443,68,1575
164,458,2.2016,60,427
165,249,1.2498,39,81
166,406,1.7258,53,267
167,366,1.5796,57,85
168,298,1.2901,43,130
169,370,1.6216,62,132
170,575,2.4826,51,509
171,324,1.3608,48,66
172,828,3.7732,62,116
173,542,2.3872,57,390
174,327,1.5488,44,165
175,154,0.6402,45,145
176,477,2.1988,60,61
177,574,2.4596,44,571
178,3098,16.5286,65,470
179,643,3.2137,62,570
180,298,1.2857,59,296
181,893,4.1418,58,888
182,454,1.988,55,82
183,52,0.2055,34,48
184,417,1.7754,54,317
185,925,4.3571,58,247
186,64,0.2546,31,62
187,1202,5.8638,67,95
188,399,1.7543,65,349
189,417,2.0029,55,357
190,579,2.554,61,345
191,205,1.0351,56,86
192,1048,4.9325,64,459
193,214,0.8961,40,125
194,209,0.8556,46,63
195,399,1.895,48,90
196,858,4.1143,73,423
197,885,4.295,64,397
198,332,1.5857,52,179
199,510,2.163,62,277
200,256,1.0696,43,41
201,271,1.2581,51,250
202,494,2.1902,54,158
203,719,3.1255,54,238
204,406,1.7902,53,354
205,2060,11.0801,70,1282
206,319,1.5247,45,93
207,509,2.2001,55,507
208,276,1.3481,52,82
209,258,1.2324,44,52
210,1116,5.5209,58,135
211,502,2.3929,54,457
212,152,0.6969,45,143
213,590,2.5418,70,341
214,477,2.0068,48,476
215,962,4.2906,65,793
216,463,2.1744,53,161
217,724,3.4901,58,53
218,508,2.2255,57,454
219,497,2.2334,43,33
220,1193,5.9279,63,638
221,398,1.9412,50,265
222,488,2.0766,66,146
223,290,1.2267,57,54
224,1103,5.1094,51,80
225,93,0.3659,43,51
226,245,1.0556,50,194
227,613,2.9107,54,539
228,504,2.2478,51,95
229,440,1.8523,53,67
230,395,1.7057,42,103
231,235,0.9813,49,55
232,121,0.5223,44,70
233,82,0.3265,46,79
234,26,0.1083,23,20
235,116,0.4636,47,112
236,253,1.045,63,83
237,48,0.1861,36,44
238,488,2.061,67,248
239,410,1.7206,62,325
240,219,0.9054,47,46
241,477,2.2283,43,152
242,461,1.9541,50,112
243,2732,14.1131,72,342
244,738,3.6585,59,587
245,536,2.3342,46,359
246,1303,6.1394,69,1237
247,366,1.6796,52,278
248,427,1.8405,49,354
249,439,2.2456,49,298
250,473,2.3753,48,75
251,947,4.4953,74,206
252,513,2.2858,58,343
253,177,0.7325,44,90
254,414,1.7337,57,251
255,1028,5.1308,71,912
256,532,2.9594,59,175
257,367,1.6108,50,363
258,534,2.2862,60,153
259,915,4.1354,54,83
260,154,0.8067,47,51
261,441,2.0567,60,399
262,193,0.833,51,84
263,785,3.8909,62,64
264,461,2.0536,45,370
265,322,1.4426,56,163
266,208,0.9292,40,201
267,213,0.9177,48,73
268,444,2.1129,55,432
269,261,1.2471,54,87
270,317,1.4756,52,245
271,983,6.2363,61,52
272,238,1.1207,51,192
273,867,4.5016,67,69
274,510,2.3708,53,137
275,84,0.3427,47,50
276,308,1.3408,50,103
277,371,1.6606,54,241
278,543,2.5892,49,225
279,1572,8.4966,67,216
280,46,0.189,38,36
281,589,2.8473,70,447
282,425,2.1318,56,258
283,257,1.1867,56,90
284,362,1.5621,43,161
285,341,1.6956,47,328
286,88,0.3574,52,87
287,436,2.1952,47,400
288,582,3.0104,71,123
289,602,3.1972,63,305
290,339,1.508,49,317
291,393,1.81,67,85
292,1098,5.2749,68,388
293,485,2.3027,60,140
294,969,4.6544,54,283
295,876,4.036,49,708
296,103,0.4265,55,54
297,223,0.9318,42,106
298,1810,9.0138,75,459
299,90,0.3761,39,77
300,220,0.9092,47,19
301,187,0.77,53,79
302,420,1.8082,46,221
303,636,3.066,44,275
304,770,4.0054,51,303
305,515,2.3572,52,94
306,1983,10.2308,70,1682
307,100,0.4102,43,41
308,157,0.647,55,55
309,219,0.8892,56,156
310,139,0.5587,50,105
311,71,0.2663,38,64
312,2225,11.5362,59,2092
313,97,0.4261,48,95
314,307,1.2973,47,236
315,566,2.6726,60,359
316,257,1.0866,46,33
317,512,2.2651,48,237
318,229,0.9855,44,113
319,263,1.1364,43,207
320,1621,8.5781,80,1124
321,553,2.6402,57,95
322,225,0.9687,46,69
323,1354,6.6467,58,100
324,257,1.161,42,88
325,124,0.5041,48,56
326,137,0.5456,45,64
327,175,0.7081,52,86
328,187,0.7935,37,184
329,209,0.856,50,64
330,214,0.894,41,33
331,377,1.6292,39,144
332,377,1.6609,45,376
333,643,2.7718,49,641
334,718,3.2147,54,703
335,379,1.615,63,240
336,411,1.8783,57,202
337,553,2.4271,66,411
338,131,0.5211,47,55
339,308,1.3841,58,121
340,75,0.3066,41,74
341,76,0.3094,47,75
342,440,1.9102,50,203
343,443,1.8762,54,46
344,342,1.5455,43,341
345,1888,9.9378,59,167
346,658,3.1026,74,380
347,41,0.1575,46,40
348,135,0.532,51,87
349,193,0.8027,48,57
350,1427,6.9948,61,1355
351,106,0.429,36,53
352,522,2.3647,59,454
353,257,1.109,52,61
354,384,1.7965,57,230
355,511,2.4262,68,138
356,436,1.9035,51,241
357,759,3.4322,73,697
358,680,3.0758,61,301
359,207,0.9011,61,137
360,463,2.2189,56,267
361,114,0.4559,42,46
362,577,2.769,61,94
363,263,1.0927,48,118
364,56,0.2202,63,53
365,1963,10.1989,58,1599
366,698,3.1976,59,532
367,446,2.1341,66,296
368,2225,11.4776,57,2018
369,374,1.742,54,221
370,614,2.6308,61,231
371,377,1.8528,51,90
372,451,1.8933,55,357
373,450,2.2075,55,357
374,451,1.9089,55,357
375,463,2.0629,64,368
376,421,2.0215,43,389
377,156,0.8766,42,76
378,340,1.4673,51,196
379,650,2.9541,67,173
380,285,1.2878,50,103
381,307,1.2914,69,52
382,173,0.709,51,79
383,116,0.4617,51,48
384,174,0.7365,59,101
385,127,0.5147,42,115
386,113,0.4463,50,72
387,113,0.4413,51,50
388,578,2.8209,70,220
389,568,2.6942,75,225
390,575,2.63,80,219
391,2704,14.457,81,2198
392,503,2.4035,63,501
393,333,1.4242,53,256
394,333,1.3944,53,256
395,587,2.9621,82,140
396,1225,6.054,70,768
397,434,1.9201,58,146
398,357,1.5258,48,165
399,531,2.2678,52,503
400,722,3.1395,51,598
401,164,0.7256,56,137
402,589,2.8846,66,161
403,362,1.63,49,75
404,366,1.6013,69,286
405,391,1.6437,57,111
406,382,1.7658,52,216
407,1162,5.569,57,561
408,1780,9.2237,68,852
409,495,2.4517,59,460
410,846,3.989,55,516
411,545,2.4301,52,63
412,57,0.2301,42,28
413,337,1.474,45,109
414,236,0.9843,41,234
415,379,1.6052,51,52
416,1177,5.7077,52,1106
417,656,2.8962,59,466
418,113,0.4731,47,88
419,787,3.6183,78,301
420,185,0.7679,40,54
421,190,0.835,48,115
422,464,2.212,46,141
423,247,1.0704,43,230
424,455,1.9063,46,452
425,154,0.619,41,50
426,623,3.008,59,613
427,1098,5.2824,54,935
428,942,4.3682,64,219
429,142,0.6015,48,84
430,142,0.5757,44,72
431,662,3.1201,57,294
432,418,1.8119,73,306
433,495,2.2627,73,272
434,428,1.8034,50,192
435,450,1.9326,62,295
436,428,1.843,74,171
437,494,2.3015,58,195
438,354,1.5661,60,254
439,253,1.054,58,122
440,402,1.7241,59,330
441,2145,11.1562,82,2136
442,568,2.5194,65,453
443,285,1.2085,59,130
444,469,2.0514,75,382
445,258,1.0568,56,190
446,487,2.0566,58,147
447,576,2.8639,57,219
448,542,2.3187,57,254
449,91,0.43,36,49
450,764,3.3986,35,72
451,88,0.3485,40,48
452,419,1.9317,76,298
453,2147,11.152,69,922
454,834,4.3592,66,683
455,202,0.8476,51,81
456,346,1.4603,61,131
457,688,3.4354,54,269
458,636,2.8122,80,368
459,2176,11.1959,79,769
460,351,1.5381,53,77
461,265,1.1139,45,41
462,91,0.45,45,54
463,1336,6.5848,60,183
464,489,2.297,46,180
465,854,4.1088,65,523
466,348,1.709,51,213
467,491,2.1117,57,144
468,653,3.0338,53,448
469,1502,7.4054,65,1424
470,430,1.8964,62,380
471,141,0.5658,43,94
472,377,1.6239,45,376
473,377,1.7993,39,144
474,1789,9.1772,63,930
475,634,3.1038,54,172
476,652,3.2022,47,644
477,740,3.4631,66,346
478,711,3.1145,67,163
479,142,0.5741,46,50
480,283,1.1576,58,153
481,429,1.8177,48,235
482,884,4.1423,71,494
483,847,3.8843,64,577
484,198,0.8279,84,117
485,315,1.364,56,202
486,1092,5.0711,64,914
487,44,0.1799,34,21
488,817,4.0472,50,759
489,790,3.8248,50,732
490,773,3.6147,51,595
491,1316,6.332,55,465
492,1397,7.2274,55,352
493,1071,5.2523,68,1039
494,964,4.7857,80,880
495,354,1.6436,52,265
496,183,0.7476,52,87
497,676,3.1804,49,71
498,558,2.7813,47,53
499,525,2.3435,49,203
500,280,1.2788,52,279
501,303,1.4805,58,213
502,1334,6.6294,65,82
503,115,0.5337,45,59
504,648,3.0447,63,466
505,1413,6.8574,74,445
506,845,3.9961,50,843
507,153,0.6234,43,106
508,179,0.7291,41,163
509,187,0.8889,53,180
510,180,0.7255,44,135
511,1096,5.4376,74,545
512,169,0.6912,45,53
513,605,2.7322,67,124
514,2555,13.3634,65,2063
515,2416,12.6952,56,650
516,464,2.429,78,97
517,543,2.5288,57,178
518,1266,6.2971,59,388
519,393,1.6639,56,131
520,1042,4.9754,50,166
521,701,3.1482,58,312
522,740,3.339,52,390
523,364,1.5313,54,219
524,2039,10.3737,71,1818
525,338,1.4313,60,170
526,1047,4.9647,69,253
527,600,2.8181,72,302
528,185,0.7505,44,181
529,185,0.7464,48,108
530,888,4.4675,72,400
531,511,2.3917,68,59
532,921,4.2088,62,482
533,492,2.1883,52,327
534,64,0.3107,43,48
535,501,2.4476,54,71
536,1640,8.2814,58,760
537,509,2.3416,61,435
538,1000,4.8332,65,528
539,1448,7.551,68,1110
540,157,0.6436,44,91
541,334,1.5175,49,312
542,374,1.6888,63,128
543,365,1.7222,46,154
544,238,1.0137,47,98
545,870,4.1934,62,243
546,353,1.4972,38,350
547,428,1.7918,69,91
548,731,3.3606,73,302
549,544,2.3905,62,138
550,747,3.3259,62,613
551,355,1.4894,46,336
552,806,3.6669,93,557
553,53,0.2124,40,52
554,557,2.5347,62,77
555,783,3.6375,50,777
556,1463,7.657,58,122
557,2030,10.3832,53,1373
558,377,1.6494,49,114
559,216,0.8958,52,209
560,355,1.5596,44,90
561,584,2.875,68,193
562,484,2.2135,58,169
563,449,2.0156,65,335
564,273,1.154,47,93
565,976,4.6071,52,92
566,453,1.9149,52,244
567,507,2.1658,49,381
568,577,2.9456,52,370
569,1200,5.795,62,1017
570,1356,6.6168,62,1173
571,132,0.5356,44,90
572,183,0.7376,50,101
573,644,2.7996,62,642
574,703,3.0333,53,43
575,261,1.14,38,245
576,986,4.8178,67,817
577,572,2.5575,55,435
578,499,2.3216,56,381
579,265,1.1242,46,83
580,925,4.2173,46,77
581,129,0.5188,35,72
582,453,2.2255,52,374
583,667,2.9606,53,486
584,1326,6.3917,60,192
585,545,2.4832,49,135
586,1405,6.9872,56,705
587,1209,6.0344,67,893
588,951,4.3717,67,893
589,1591,7.8964,69,1321
590,626,2.7691,52,139
591,290,1.1841,61,96
592,515,2.2469,60,459
593,223,0.9148,62,80
594,580,2.5044,55,158
595,924,4.4525,60,668
596,511,2.3528,62,107
597,505,2.1345,61,477
598,498,2.1042,60,148
599,153,0.6254,63,71
600,3414,18.3078,80,1816
601,200,0.856,45,138
602,1287,6.1904,64,478
603,582,2.5983,57,303
604,844,3.7381,64,821
605,313,1.317,54,215
606,118,0.49,47,62
607,447,1.9367,46,132
608,573,2.5368,56,468
609,175,0.7477,32,130
610,97,0.3969,42,46
611,379,1.675,57,333
612,265,1.0859,64,95
613,402,1.7129,49,124
614,720,3.4202,60,66
615,1276,6.3082,58,1110
616,355,1.5103,62,99
617,398,1.7082,61,394
618,1398,6.8966,61,919
619,318,1.387,52,83
620,437,1.9587,53,203
621,648,3.1191,51,265
622,328,1.3037,83,242
623,1130,5.5222,51,523
624,830,4.075,71,440
625,509,2.2067,53,93
626,1251,6.07,67,551
627,354,1.495,68,161
628,511,2.2895,45,37
629,314,1.3437,58,115
630,425,1.777,60,155
631,1303,6.4006,73,434
632,136,0.5479,44,61
633,141,0.5812,49,126
634,356,1.6786,55,172
635,380,2.1201,47,206
636,356,1.817,49,337
637,386,1.6258,56,226
638,511,2.1583,55,268
639,210,0.8764,39,57
640,531,2.4822,58,225
641,400,1.7513,47,124
642,370,1.5412,59,112
643,701,3.1679,62,59
644,1384,7.5353,72,1155
645,480,2.3534,53,252
646,3727,20.4605,73,70
647,565,2.6156,74,117
648,635,2.8274,57,465
649,315,1.3785,75,52
650,1595,8.0496,98,1017
651,800,3.8476,58,537
652,475,2.1012,75,51
653,756,3.679,69,386
654,58,0.2441,39,46
655,143,0.6286,48,87
656,298,1.4612,51,80
657,356,1.4693,70,102
658,955,4.5364,78,338
659,602,2.9216,61,466
660,1326,6.4829,79,1187
661,325,1.503,51,52
662,322,1.4631,46,208
663,195,0.7824,47,177
664,91,0.3675,47,90
665,1021,5.2043,53,164
666,417,1.8936,67,307
667,443,1.9969,59,440
668,250,1.0472,58,78
669,660,3.0765,73,72
670,724,3.4687,68,291
671,383,1.7348,56,89
672,543,2.3954,76,163
673,463,1.9689,60,318
674,692,3.2343,61,355
675,511,2.2361,59,351
676,897,4.1802,57,83
677,333,1.4045,79,103
678,991,4.8149,53,533
679,139,0.564,38,108
680,112,0.4443,46,104
681,200,0.8217,50,147
682,550,2.4423,74,272
683,460,2.1304,48,459
684,1186,5.8277,60,1086
685,476,2.1159,53,152
686,160,0.6537,53,117
687,84,0.3436,45,76
688,84,0.3864,49,54
689,298,1.2637,45,220
690,315,1.381,47,306
691,354,1.4864,45,207
692,697,3.2779,75,346
693,806,3.7341,64,515
694,847,3.8126,63,98
695,310,1.2829,48,296
696,371,2.3433,64,175
697,426,1.9473,60,418
698,127,0.5239,40,109
699,569,2.5032,78,76
700,393,1.6727,58,91
701,108,0.4264,56,70
702,1505,7.4091,61,750
703,277,1.2048,41,53
704,397,1.6642,48,339
705,107,0.4486,55,58
706,1294,6.4104,64,1219
707,228,1.1803,52,192
708,268,1.2036,42,189
709,697,3.1068,61,305
710,607,2.683,77,418
711,152,0.6149,52,140
712,458,1.9347,52,41
713,607,2.6316,58,410
714,1027,4.8519,67,216
715,181,0.9188,53,111
716,495,2.0403,45,491
717,520,2.2125,49,475
718,1138,5.6512,50,1132
719,548,2.5475,56,547
720,1369,6.746,76,1142
721,221,0.9262,43,58
722,1639,8.7047,60,355
723,1319,6.7572,71,585
724,350,1.8119,50,325
725,1068,5.6045,62,543
726,402,1.8892,62,303
727,1534,7.6885,85,269
728,2516,13.1791,65,967
729,127,0.5205,35,89
730,148,0.6014,45,103
731,465,2.1476,55,75
732,471,2.1061,54,307
733,766,3.4867,59,616
734,1003,5.0335,70,271
735,1270,6.1081,75,938
736,391,1.9911,66,127
737,1489,7.5342,64,1202
738,173,0.7291,78,54
739,339,1.4536,64,73
740,341,1.4371,44,122
741,1597,8.597,61,35
742,377,1.6407,88,329
743,688,3.1496,57,110
744,456,1.9825,48,353
745,1595,8.0372,68,827
746,878,4.0894,59,805
747,363,1.5781,55,337
748,123,0.5985,53,98
749,189,0.7649,48,73
750,160,0.6468,57,69
751,680,3.0717,64,354
752,595,2.7949,70,581
753,1055,5.0466,74,598
754,3006,15.9122,69,713
755,835,4.3552,66,499
756,618,2.8701,60,85
757,353,1.5175,53,184
758,1005,4.7134,62,377
759,297,1.2376,49,237
760,1715,8.7667,63,1242
761,533,2.3456,72,443
762,316,1.334,45,256
763,249,1.0609,41,92
764,249,1.0434,48,242
765,846,3.8053,77,767
766,407,1.7263,65,271
767,755,3.3337,60,328
768,591,2.5606,69,583
769,248,1.0346,39,194
770,142,0.5699,48,78
771,1704,8.5865,79,280
772,470,2.2771,53,152
773,467,1.9955,73,232
774,1679,8.6401,50,538
775,443,1.9282,64,413
776,517,2.1968,63,376
777,491,2.1706,61,159
778,519,2.4052,60,128
779,476,1.9985,75,204
780,347,1.4954,48,273
781,642,2.7692,53,150
782,657,2.8349,53,54
783,687,2.9917,52,503
784,2839,15.4121,62,2598
785,441,1.9274,59,183
786,973,4.4279,72,72
787,1102,5.5107,57,656
788,1680,8.6676,63,912
789,505,2.4002,65,445
790,520,2.7238,71,63
791,971,4.5405,61,169
792,268,1.1167,48,39
793,783,3.4296,67,478
794,602,2.9684,65,151
795,499,2.1365,59,411
796,488,2.122,63,206
797,491,2.087,49,372
798,935,4.7309,57,386
799,509,2.4674,93,415
800,373,1.5519,53,119
801,272,1.1451,48,117
802,323,1.4093,57,77
803,452,1.9018,67,139
804,253,1.1177,41,187
805,369,1.577,47,47
806,419,1.7372,56,312
807,406,1.7095,51,49
808,214,0.8832,49,71
809,701,3.1381,50,380
810,715,3.3565,64,245
811,2249,11.722,73,1796
812,373,1.8078,59,326
813,1028,4.8181,83,500
814,513,2.339,46,511
815,507,2.1903,54,473
816,1027,5.1482,71,825
817,5148,27.581,62,189
818,879,4.1609,67,220
819,874,4.1567,68,825
820,1062,4.9049,62,92
821,254,1.3661,58,67
822,257,1.3151,50,188
823,228,0.9698,47,165
824,152,0.614,58,129
825,918,4.5899,49,663
826,553,2.4096,48,303
827,880,4.0228,52,846
828,641,2.8058,64,150
829,1355,6.9842,61,1193
830,2132,11.2704,56,1503
831,183,0.7521,57,68
832,987,4.7319,58,194
833,1602,8.0102,72,1056
834,1302,6.4984,62,1128
835,995,4.7468,50,890
836,1991,10.2344,57,1961
837,592,2.6525,44,369
838,270,1.3587,53,92
839,93,0.3772,45,36
840,65,0.2536,52,39
841,204,0.8337,52,97
842,500,2.2468,53,64
843,265,1.2525,49,115
844,130,0.5173,48,123
845,213,1.0329,56,209
846,141,0.5936,54,88
847,141,0.7183,41,86
848,143,0.5838,45,93
849,173,0.715,41,110
850,188,0.8742,51,180
851,4640,24.5684,55,2748
852,71,0.2829,36,66
853,271,1.5117,56,96
854,157,0.7795,42,153
855,602,2.6826,55,368
856,309,1.3028,54,81
857,449,2.0888,56,365
858,548,2.4062,71,388
859,610,2.6359,54,419
860,1590,7.7741,64,150
861,1366,6.7374,73,142
862,113,0.563,56,70
863,147,0.5921,62,133
864,58,0.2402,36,31
865,235,0.9849,44,126
866,236,1.005,49,92
867,409,2.0818,56,152
868,377,1.6893,54,303
869,662,3.1296,48,201
870,175,0.7153,42,98
871,377,1.5781,55,308
872,540,2.3799,64,115
873,670,2.9217,63,431
874,785,3.8957,68,355
875,549,2.5334,65,425
876,354,1.4928,53,216
877,541,2.3313,68,442
878,193,0.8044,53,68
879,192,0.9282,43,68
880,304,1.2934,72,270
881,731,3.3936,61,463
882,391,1.6707,59,168
883,540,2.7395,73,105
884,1107,5.1864,66,281
885,395,1.7038,49,234
886,394,1.9677,46,82
887,385,1.646,56,82
888,181,0.734,46,124
889,176,0.7297,46,131
890,262,1.0894,47,181
891,250,1.0516,52,46
892,311,1.3333,53,149
893,551,2.3704,62,388
894,717,3.2175,73,46
895,150,0.6109,56,51
896,178,0.9167,46,89
897,153,0.7655,53,133
898,219,1.0425,44,64
899,342,1.4733,53,340
900,313,1.3174,51,129
901,482,2.0723,47,158
902,512,2.179,54,262
903,385,1.6369,56,68
904,278,1.2494,46,276
905,71,0.3546,44,49
906,456,1.954,65,249
907,761,3.3314,53,41
908,362,1.7559,49,327
909,458,1.9684,53,150
910,263,1.2123,53,204
911,263,1.2069,57,235
912,281,1.1916,49,77
913,87,0.4018,33,29
914,814,3.8991,60,226
915,892,4.2634,63,211
916,550,2.657,63,211
917,1380,6.8433,79,1256
918,296,1.2703,68,162
919,191,0.7849,66,184
920,598,2.6884,68,270
921,175,0.7267,42,174
922,1407,7.1029,52,1014
923,1260,6.454,57,319
924,918,5.0216,49,172
925,217,0.9227,67,145
926,965,4.6414,58,525
927,863,3.9655,75,100
928,149,0.646,36,101
929,667,3.0486,51,67
930,225,0.9328,50,104
931,400,1.6918,57,99
932,377,1.7132,56,311
933,399,1.7132,54,362
934,377,1.6257,46,138
935,636,2.9055,57,168
936,579,2.4998,67,505
937,185,0.779,48,58
938,272,1.1397,46,74
939,380,1.7874,51,330
940,746,3.3784,50,429
941,509,2.2012,59,196
942,1067,5.0118,62,1041
943,785,3.952,57,448
944,922,4.4502,60,893
945,108,0.435,40,80
946,155,0.6377,41,66
947,156,0.6633,42,105
948,156,0.6559,48,105
949,437,1.859,84,283
950,193,0.801,58,138
951,131,0.5347,49,101
952,141,0.7208,41,106
953,109,0.43,42,70
954,1164,5.8422,68,1156
955,171,0.7558,52,120
956,623,2.9196,60,589
957,328,1.4276,57,213
958,331,1.4561,56,155
959,193,0.8038,53,68
960,202,0.8498,49,197
961,118,0.4708,53,49
962,813,4.0847,56,544
963,394,1.9375,56,78
964,194,0.8107,54,119
965,325,1.3701,47,116
966,260,1.097,56,67
967,440,2.138,54,158
968,615,2.6915,55,432
969,277,1.1546,49,207
970,214,0.9086,50,97
971,545,2.69,48,318
972,327,1.3495,58,113
973,1092,5.2855,61,1031
974,295,1.3012,50,235
975,357,1.5508,46,182
976,169,0.777,44,60
977,396,1.7408,66,394
978,453,1.9728,52,444
979,422,1.8404,65,271
980,386,1.8104,70,368
981,313,1.3539,50,178
982,1125,5.438,60,655
983,1399,6.9164,66,315
984,148,0.6518,50,121
985,360,1.5595,49,77
986,149,0.6152,56,106
987,597,2.6174,57,491
988,400,1.808,64,124
989,519,2.4976,62,443
990,116,0.471,44,114
991,909,4.4372,85,704
992,888,4.2877,54,367
993,833,4.1822,80,391
994,705,3.2537,63,490
995,607,2.6519,53,431
996,145,0.6191,49,102
997,705,3.1162,64,79
998,1074,5.1118,72,122
999,197,0.8479,75,92
1000,197,0.8442,49,102
1001,161,0.6538,61,155
1002,493,2.1532,53,273
1003,336,1.9646,62,304
1004,774,4.3197,66,756
1005,1040,5.2895,79,90
1006,513,2.6125,53,181
1007,191,0.8442,44,179
1008,300,1.3147,45,206
1009,719,3.1796,71,456
1010,2130,11.034,67,288
1011,624,2.8227,69,619
1012,437,1.9218,49,324
1013,1352,6.4447,84,526
1014,2886,15.4855,63,146
1015,623,2.8907,56,250
1016,559,2.723,43,154
1017,789,3.5307,57,566
1018,541,2.6349,63,315
1019,1265,6.4878,70,1066
1020,523,2.302,48,151
1021,654,3.0464,62,402
1022,577,2.5114,56,405
1023,233,0.9574,56,82
1024,200,0.8688,52,94
1025,154,0.6478,51,152
1026,367,1.6105,52,142
1027,107,0.4315,42,61
1028,253,1.0858,51,161
1029,332,1.4461,42,58
1030,508,2.2258,53,121
1031,377,1.6423,45,376
1032,668,3.3162,48,128
1033,93,0.4039,41,80
1034,270,1.1327,51,264
1035,211,0.8713,57,145
1036,149,0.5984,43,62
1037,151,0.6081,44,54
1038,155,0.6481,44,154
1039,176,0.7236,39,61
1040,144,0.5873,34,104
1041,694,3.1189,61,606
1042,610,2.9464,58,194
1043,753,3.4936,51,466
1044,519,2.5232,66,92
1045,167,0.6825,45,52
1046,250,1.0474,62,150
1047,148,0.5922,37,102
1048,1093,5.4185,54,71
1049,420,2.0786,53,384
1050,584,2.6907,58,432
1051,255,1.0753,52,128
1052,1035,5.1478,59,692
1053,416,2.1233,65,312
1054,338,1.4009,44,223
1055,563,2.5667,55,506
1056,358,1.5087,51,266
1057,257,1.0936,39,220
1058,497,2.2571,46,52
1059,227,0.9563,42,67
1060,147,0.596,39,142
1061,1321,6.8381,60,914
1062,401,1.8272,52,98
1063,710,3.5457,67,93
1064,397,1.8759,67,282
1065,1127,6.0085,57,82
1066,2779,15.5512,68,79
1067,121,0.474,47,91
1068,269,1.1464,46,85
1069,167,0.675,49,81
1070,196,0.7941,51,195
1071,698,3.2842,71,544
1072,448,2.0409,54,261
1073,385,1.6484,48,298
1074,246,1.0302,48,85
1075,121,0.4795,43,105
1076,410,1.7393,65,108
1077,576,2.5063,48,328
1078,409,2.0927,50,162
1079,395,1.7341,59,55
1080,384,1.6774,67,52
1081,390,1.8024,53,370
1082,379,1.6322,62,54
1083,392,1.6386,48,167
1084,373,1.65,54,141
1085,382,1.8282,46,191
1086,382,1.7861,56,128
1087,372,1.7952,45,311
1088,370,1.7175,43,248
1089,415,1.8908,47,184
1090,396,1.7856,48,145
1091,391,1.737,45,124
1092,183,0.7655,50,124
1093,101,0.4186,36,96
1094,154,0.6436,58,50
1095,80,0.3165,50,63
1096,447,2.0004,45,98
1097,150,0.6009,55,99
1098,140,0.6149,48,113
1099,55,0.2168,35,53
1100,495,2.2179,59,460
1101,161,0.6568,50,97
1102,378,1.6169,49,77
1103,398,1.7138,50,100
1104,398,1.7157,59,95
1105,403,1.751,54,206
1106,380,1.7109,54,216
1107,399,1.7744,57,211
1108,379,1.6328,57,247
1109,380,1.9052,49,249
1110,385,1.6641,51,192
1111,377,1.6461,50,199
1112,404,1.8976,67,64
1113,382,1.6336,46,220
1114,386,1.677,56,190
1115,413,1.8417,48,206
1116,398,1.9756,49,165
1117,262,1.0875,46,178
1118,188,0.7926,43,186
1119,1014,4.8095,62,947
1120,93,0.3775,36,74
1121,72,0.3721,65,56
1122,43,0.2203,27,42
1123,46,0.1843,43,43
1124,504,2.554,62,492
1125,522,2.809,66,467
1126,539,2.5873,54,483
1127,208,0.8959,61,109
1128,156,0.6884,41,48
1129,165,0.6738,37,154
1130,643,2.8108,49,641
1131,418,1.8578,46,214
1132,407,2.0228,51,368
1133,411,1.7864,51,400
1134,394,1.8445,46,224
1135,386,1.6551,61,194
1136,426,1.8258,53,289
1137,571,2.5417,50,468
1138,792,3.5472,56,533
1139,347,1.7047,45,90
1140,672,3.0401,64,67
1141,357,1.5196,45,279
1142,502,2.2272,63,409
1143,829,3.6717,70,613
1144,567,2.7814,48,282
1145,394,1.7003,56,300
1146,533,2.3374,46,511
1147,489,2.2688,49,359
1148,375,1.6641,58,49
1149,457,2.0116,56,195
1150,407,2.0192,52,138
1151,420,2.0321,65,320
1152,452,2.0132,57,394
1153,470,2.1857,56,39
1154,572,2.4767,66,342
1155,449,2.1329,61,123
1156,524,2.2812,50,148
1157,605,2.8879,53,489
1158,47,0.1942,26,41
1159,390,1.814,60,147
1160,377,1.8073,45,376
1161,141,0.5874,54,86
1162,109,0.429,34,58
1163,104,0.4129,58,36
1164,125,0.498,40,25
1165,387,1.6586,55,368
1166,388,1.7062,56,51
1167,54,0.2135,34,52
1168,273,1.1847,51,168
1169,2062,10.7286,70,621
1170,2073,10.8137,75,472
1171,414,2.5012,54,335
1172,487,2.2221,62,407
1173,253,1.053,40,246
1174,1852,9.5622,58,1778
1175,383,1.6975,43,204
1176,1375,6.8267,62,772
1177,162,0.663,52,81
1178,744,3.6081,56,30
1179,1037,4.8119,73,743
1180,977,4.811,62,494
1181,1643,8.5574,50,733
1182,340,1.5039,45,339
1183,941,4.3598,60,712
1184,1014,5.0734,60,960
1185,740,3.3093,56,53
1186,408,1.7487,52,375
1187,348,1.4904,48,82
1188,597,2.6318,57,305
1189,752,3.3412,70,745
1190,218,0.8948,51,157
1191,263,1.4091,40,93
1192,322,1.5704,52,132
1193,281,1.1745,58,83
1194,373,1.6778,49,291
1195,2225,11.4822,73,2002
1196,668,3.3603,63,121
1197,2617,13.7743,64,1593
1198,1985,10.3816,72,1887
1199,531,2.2919,51,418
1200,3713,19.7195,65,567
1201,1303,6.4619,64,787
1202,218,1.003,47,135
1203,298,1.2787,75,88
1204,1303,6.3794,53,1098
1205,445,2.0987,53,211
1206,2292,11.9627,58,2144
1207,225,0.9594,50,93
1208,196,0.7968,58,182
1209,206,0.8345,51,143
1210,174,0.7524,43,172
1211,235,1.0919,49,71
1212,728,3.3412,79,307
1213,1212,5.853,69,951
1214,691,3.1502,54,100
1215,607,2.8378,62,135
1216,494,2.1423,45,386
1217,64,0.3145,45,36
1218,75,0.3086,48,39
1219,56,0.2254,48,50
1220,73,0.2916,53,57
1221,683,3.0839,59,77
1222,570,2.4456,52,413
1223,733,3.2531,72,235
1224,1254,6.6032,56,976
1225,1175,5.7862,70,1148
1226,1078,5.1704,79,755
1227,366,1.5869,70,320
1228,457,1.9294,64,89
1229,145,0.6469,86,117
1230,450,2.1035,74,294
1231,1157,5.7426,62,957
1232,404,1.8336,49,388
1233,799,3.5802,55,419
1234,865,4.0076,61,372
1235,472,2.1647,68,420
1236,472,2.0755,49,272
1237,501,2.1424,55,144
1238,427,1.9895,49,219
1239,769,3.5681,51,122
1240,1089,5.124,60,211
1241,152,0.6225,44,27
1242,516,2.1933,72,303
1243,622,2.8689,57,93
1244,992,4.6477,59,696
1245,1201,5.7216,67,722
1246,250,1.064,55,205
1247,701,3.1046,84,132
1248,1694,8.6295,70,1118
1249,310,1.3469,58,97
1250,682,3.2567,55,113
1251,1478,7.8842,66,791
1252,465,2.0276,56,322
1253,1030,4.9804,54,858
1254,430,1.8689,71,153
1255,809,4.0434,56,158
1256,767,3.6053,67,128
1257,788,3.765,80,479
1258,400,1.7839,54,224
1259,724,3.5738,59,560
1260,303,1.3386,58,213
1261,502,2.1587,57,197
1262,848,3.8928,52,797
1263,113,0.4508,40,98
1264,506,2.105,40,150
1265,200,0.823,55,129
1266,578,2.5981,60,471
1267,462,2.1212,50,461
1268,409,1.7,52,74
1269,120,0.4969,40,98
1270,247,1.008,60,236
1271,185,0.7691,55,118
1272,112,0.4533,53,71
1273,677,2.9984,44,479
1274,538,2.3315,54,447
1275,799,3.5044,49,181
1276,598,2.8701,55,597
1277,730,3.1426,60,173
1278,1428,7.0786,65,1307
1279,1164,6.2962,52,673
1280,522,2.3132,49,231
1281,98,0.4015,47,55
1282,212,0.8836,45,208
1283,765,3.6422,55,298
1284,345,1.6381,53,254
1285,582,2.5654,64,324
1286,141,0.5834,54,86
1287,497,2.1381,57,394
1288,268,1.2078,48,160
1289,959,4.664,67,183
1290,1458,7.4103,68,792
1291,1053,5.4573,52,397
1292,1549,8.0079,62,293
1293,451,2.1827,45,83
1294,819,3.8279,57,145
1295,691,3.0159,61,257
1296,82,0.325,36,81
1297,1332,6.5589,73,1131
1298,156,0.6471,46,70
1299,835,3.8578,63,634
1300,2017,10.1454,64,1973
1301,1040,4.9434,63,517
1302,675,3.1068,71,359
1303,534,2.3107,53,83
1304,722,3.3759,54,314
1305,1455,7.4865,58,1423
1306,161,0.6623,44,107
1307,1855,9.4756,72,344
1308,710,3.2042,61,555
1309,1373,6.8401,76,273
1310,616,2.7003,57,517
1311,829,3.8904,64,384
1312,430,2.0494,52,317
1313,142,0.5963,40,141
1314,136,0.5555,64,97
1315,1000,4.7865,61,72
1316,218,0.8963,57,133
1317,632,2.8284,55,409
1318,1179,5.666,79,607
1319,1012,5.0643,53,333
1320,1036,5.087,51,574
1321,67,0.2742,40,57
1322,293,1.2272,46,95
1323,739,3.3126,59,485
1324,889,4.1288,61,677
1325,453,1.9139,49,211
1326,675,3.4362,59,171
1327,906,4.4137,65,698
1328,1257,6.026,49,96
1329,1039,5.2039,60,958
1330,214,0.977,47,57
1331,214,0.8883,47,148
1332,310,1.3922,49,242
1333,324,1.3302,47,61
1334,181,0.7234,67,137
1335,263,1.1231,57,242
1336,962,4.3948,52,483
1337,399,2.0211,52,149
1338,411,1.7787,74,180
1339,627,2.8167,68,103
1340,90,0.4711,39,77
1341,916,4.2182,52,302
1342,1023,5.0444,60,273
1343,1060,5.2917,65,494
1344,335,1.4325,50,77
1345,579,2.5691,49,193
1346,371,1.6662,49,340
1347,402,1.8681,60,240
1348,602,2.7084,60,348
1349,724,3.5283,65,150
1350,940,4.7921,53,478
1351,762,3.5388,57,534
1352,75,0.3031,30,74
1353,77,0.3013,54,66
1354,227,0.9533,51,174
1355,326,1.4167,55,56
1356,1508,7.6292,75,1406
1357,619,2.7973,59,247
1358,461,2.1795,46,389
1359,905,4.3747,72,275
1360,250,1.0899,53,82
1361,640,2.9465,54,376
1362,577,2.5082,70,222
1363,680,3.0648,47,523
1364,229,0.9597,44,60
1365,209,0.8777,46,55
1366,191,0.9735,47,165
1367,881,4.2322,79,307
1368,229,0.945,55,224
1369,476,2.0269,55,126
1370,899,4.0313,49,786
1371,851,3.8364,67,706
1372,1263,6.1439,90,454
1373,171,0.7956,53,120
1374,597,2.5372,59,447
1375,355,1.4431,59,52
1376,664,2.9563,58,224
1377,1147,5.4107,52,322
1378,718,3.1887,58,123
1379,179,0.7613,51,178
1380,545,2.6754,69,195
1381,646,3.1437,76,634
1382,645,3.1008,62,539
1383,2517,13.2708,65,267
1384,390,1.678,50,157
1385,666,3.0154,65,252
1386,3504,18.504,62,3317
1387,89,0.3457,35,88
1388,1508,7.4597,53,122
1389,439,1.9283,53,238
1390,499,2.1308,49,106
1391,775,3.5596,54,287
1392,734,3.1961,52,55
1393,1003,4.6931,65,111
1394,439,1.8929,58,160
1395,446,1.9641,52,162
1396,450,1.97,41,129
1397,132,0.5264,49,63
1398,900,4.5626,56,886
1399,725,3.1997,68,224
1400,397,1.7177,50,72
1401,1222,5.8223,61,1080
1402,105,0.5219,43,52
1403,426,1.8664,62,39
1404,413,1.7455,50,144
1405,687,3.0547,59,89
1406,1028,4.7066,60,808
1407,770,3.8424,79,707
1408,360,1.5303,51,87
1409,702,3.2,49,686
1410,53,0.2157,39,50
1411,496,2.1001,55,390
1412,107,0.5283,45,100
1413,998,4.8994,55,991
1414,538,2.6012,63,202
1415,973,4.5582,76,156
1416,480,2.2766,57,142
1417,24,0.0909,20,12
1418,210,0.9006,38,178
1419,1109,5.1732,59,84
1420,1044,5.3354,71,929
1421,846,3.9366,49,355
1422,66,0.269,38,57
1423,1097,5.0932,69,822
1424,686,3.1877,61,394
1425,198,0.8147,53,172
1426,604,2.631,57,174
1427,5128,27.243,63,3620
1428,468,2.3514,62,186
1429,220,0.901,52,51
1430,1332,6.444,73,267
1431,513,2.4314,56,112
1432,383,1.6263,70,127
1433,450,1.9218,59,353
1434,220,0.9116,54,182
1435,394,1.6918,51,279
1436,1026,4.7093,65,744
1437,292,1.2593,48,117
1438,733,3.2374,55,446
1439,448,1.924,47,447
1440,417,1.7701,66,48
1441,540,2.3608,56,361
1442,636,3.2086,56,351
1443,727,3.134,66,665
1444,794,3.64,56,642
1445,139,0.5614,53,63
1446,431,1.833,55,116
1447,912,4.2023,78,426
1448,1557,7.8355,61,237
1449,125,0.4973,43,124
1450,1178,5.6309,52,340
1451,1294,6.3321,66,284
1452,436,1.8842,60,191
1453,475,2.0336,69,434
1454,313,1.3348,54,135
1455,454,1.9423,61,263
1456,155,0.6196,63,132
1457,136,0.5554,37,101
1458,867,3.975,71,148
1459,521,2.412,59,101
1460,425,2.2791,49,224
1461,279,1.3321,55,275
1462,400,1.7157,67,77
1463,337,1.5505,50,95
1464,611,2.8489,61,241
1465,615,2.6532,55,432
1466,511,2.4231,48,456
1467,417,1.7725,75,294
1468,492,2.1511,43,269
1469,806,3.8715,58,632
1470,156,0.6421,39,152
1471,505,2.2078,63,263
1472,153,0.6119,46,121
1473,1567,8.1348,66,1436
1474,1350,6.7548,69,90
1475,253,1.127,41,164
1476,433,2.1806,46,216
1477,502,2.2222,54,57
1478,800,3.6038,66,39
1479,507,2.4735,63,451
1480,505,2.2987,52,74
1481,680,2.9749,54,241
1482,547,2.4149,46,423
1483,527,2.2449,50,451
1484,1146,5.5934,63,508
1485,227,1.0379,47,215
1486,304,1.3502,45,194
1487,571,2.5034,62,322
1488,225,0.9396,44,129
1489,401,1.7266,55,379
1490,168,0.6821,45,49
1491,554,2.3505,64,500
1492,1263,6.4198,62,183
1493,1841,9.404,73,1783
1494,1659,8.2709,75,1065
1495,396,1.8729,58,216
1496,1257,6.3192,67,700
1497,537,2.6431,62,118
1498,183,0.7587,61,133
1499,898,4.0331,52,453
1500,486,2.1737,64,333
1501,164,0.6878,50,98
1502,461,2.2442,52,442
1503,490,2.2708,66,447
1504,109,0.4592,47,66
1505,235,1.2056,55,109
1506,963,4.5919,89,106
1507,179,0.8116,47,78
1508,151,0.641,41,57
1509,187,0.7839,41,155
1510,277,1.1924,50,103
1511,591,2.6488,73,565
1512,626,2.8698,62,63
1513,1323,6.436,65,127
1514,1450,7.3787,54,1405
1515,2768,14.6668,56,2603
1516,565,2.532,51,412
1517,1642,8.2198,75,276
1518,1239,6.5818,77,535
1519,1034,5.0407,68,678
1520,187,0.8015,54,156
1521,1361,6.6747,70,1143
1522,73,0.3172,39,62
1523,1189,6.0652,52,98
1524,544,2.393,49,126
1525,711,3.2784,68,524
1526,277,1.1891,55,250
1527,723,3.3857,66,496
1528,1046,4.8909,71,657
1529,915,4.3928,52,139
1530,761,3.5516,54,706
1531,422,1.9344,70,157
1532,667,2.9925,77,111
1533,631,2.8894,48,548
1534,634,3.0339,64,220
1535,602,3.0204,54,158
1536,400,2.091,64,358
1537,3219,16.9349,62,62
1538,191,0.8215,53,68
1539,1430,7.0835,63,991
1540,1526,7.6772,66,1213
1541,646,3.0489,63,450
1542,378,1.8303,51,296
1543,380,1.854,46,329
1544,182,0.7395,50,133
1545,651,2.8743,60,69
1546,505,2.3016,67,328
1547,324,1.3991,52,161
1548,731,3.4102,49,553
1549,161,0.7026,53,159
1550,541,2.333,47,321
1551,447,2.0884,69,95
1552,518,2.4011,57,342
1553,194,0.8336,43,191
1554,477,2.1029,76,71
1555,227,1.022,53,184
1556,388,1.6812,52,245
1557,331,1.3774,70,254
1558,1431,7.4718,68,121
1559,68,0.3013,32,41
1560,272,1.3196,46,61
1561,500,2.2148,51,154
1562,337,1.4541,46,118
1563,127,0.5068,45,106
1564,222,0.924,59,107
1565,405,1.7339,58,50
1566,344,1.4628,47,69
1567,98,0.4084,47,85
1568,419,1.8392,61,182
1569,395,1.6523,51,106
1570,190,0.8168,50,71
1571,1298,6.1996,76,800
1572,175,0.7981,41,37
1573,242,1.0635,55,57
1574,176,0.7206,43,62
1575,233,0.9566,54,209
1576,370,1.687,50,349
1577,167,0.7169,57,57
1578,118,0.4982,50,100
1579,565,2.4058,55,195
1580,224,0.984,57,171
1581,317,1.3571,50,272
1582,631,2.8101,52,623
1583,327,1.6962,55,116
1584,385,1.8256,54,138
1585,785,3.7181,59,130
1586,392,1.8758,61,236
1587,255,1.0861,50,53
1588,198,0.8469,47,172
1589,336,1.518,49,214
1590,165,0.7117,44,98
1591,389,1.6598,54,315
1592,424,1.8253,48,41
1593,359,1.5781,52,76
1594,381,1.5867,45,86
1595,390,1.6298,64,157
1596,355,1.5617,53,319
1597,206,0.8536,54,160
1598,306,1.2854,70,251
1599,434,2.005,60,64
1600,922,4.248,58,731
1601,730,3.5384,59,437
1602,1368,7.0162,69,113
1603,465,2.373,41,234
1604,795,3.7338,56,653
1605,686,3.0592,53,131
1606,927,4.4054,69,233
1607,654,2.9353,59,208
1608,650,3.0063,72,247
1609,801,3.7577,59,82
1610,663,3.0594,66,371
1611,245,1.0849,43,89
1612,553,2.6287,63,548
1613,632,3.1409,66,142
1614,274,1.1485,61,68
1615,237,1.1111,49,150
1616,476,2.0607,57,294
1617,304,1.3472,50,52
1618,366,1.5844,49,196
1619,656,2.9661,62,294
1620,472,2.0853,51,192
1621,155,0.713,56,152
1622,386,1.6746,49,309
1623,189,0.7839,48,38
1624,1487,7.8392,72,884
1625,1447,7.6361,63,1086
1626,713,3.3964,63,514
1627,423,1.8565,52,112
1628,426,2.1446,57,327
1629,794,3.8246,63,67
1630,670,3.3141,51,537
1631,802,3.8285,56,519
1632,494,2.2881,56,483
1633,742,3.3393,53,397
1634,700,3.2459,52,299
1635,225,0.9274,55,76
1636,412,1.9825,50,91
1637,332,1.4859,56,69
1638,1575,7.9052,71,252
1639,788,4.0406,63,211
1640,131,0.5886,47,101
1641,522,2.4647,66,467
1642,128,0.545,38,80
1643,632,3.0861,49,157
1644,1665,8.841,74,1034
1645,206,1.0773,39,132
1646,810,4.3468,56,710
1647,1067,5.5144,78,81
1648,600,3.1002,58,595
1649,1852,9.7267,68,530
1650,156,0.845,47,99
1651,108,0.4676,43,100
1652,563,2.7086,54,321
1653,949,5.0779,53,206
1654,183,0.7777,44,98
1655,483,2.3745,58,238
1656,2619,13.8045,73,968
1657,1884,10.0178,70,173
1658,102,0.463,41,75
1659,109,0.4626,55,39
1660,1025,5.0947,73,280
1661,173,0.7592,53,152
1662,173,0.7116,53,152
1663,173,0.6981,53,152
1664,173,0.6986,53,152
1665,173,0.6945,53,152
1666,173,0.6959,51,152
1667,173,0.6999,53,152
1668,877,4.2065,54,666
1669,189,0.7958,44,107
1670,1002,5.0375,81,856
1671,928,4.7638,67,91
1672,334,1.6544,57,63
1673,1031,4.8587,66,186
1674,1235,6.3967,76,1080
1675,521,2.3591,60,92
1676,794,3.5379,66,123
1677,842,4.0514,49,110
1678,2078,10.9252,54,306
1679,749,3.8113,57,96
1680,868,4.1667,49,350
1681,1069,5.0749,64,194
1682,373,1.6253,47,301
1683,811,3.8785,58,143
1684,1052,5.3153,62,814
1685,1215,5.9276,66,595
1686,1232,6.2374,67,489
1687,3242,16.8565,74,925
1688,1198,6.1531,48,262
1689,111,0.5116,59,87
1690,971,4.5932,67,595
1691,496,2.2687,46,122
1692,2899,15.162,66,1372
1693,976,4.713,69,220
1694,999,4.8253,56,700
1695,671,3.2327,48,339
1696,600,2.6142,58,257
1697,611,2.6526,59,192
1698,1514,7.7291,77,1309
1699,4724,25.3421,65,1257
1700,102,0.469,53,70
1701,203,0.853,61,116
1702,515,2.4587,55,422
1703,149,0.591,53,64
1704,201,0.8124,38,125
1705,1163,5.3754,68,137
1706,326,1.5383,51,274
1707,1236,6.2525,63,260
1708,378,1.9684,62,127
1709,607,2.8966,57,398
1710,1252,6.1017,74,475
1711,389,1.8759,68,260
1712,461,2.0747,62,302
1713,355,1.7339,49,334
1714,1376,6.7849,67,1050
1715,884,4.3432,52,719
1716,759,3.9086,74,48
1717,658,3.4585,66,410
1718,991,5.1152,65,749
1719,3791,20.4305,57,3226
1720,556,3.6711,57,381
1721,45,0.1819,30,29
1722,558,2.519,60,299
1723,645,2.8145,49,119
1724,631,2.8147,65,356
1725,564,2.3942,47,223
1726,158,0.6921,40,156
1727,835,3.9487,48,417
1728,1194,6.2385,64,1193
1729,1011,5.3067,66,810
1730,205,0.8865,58,62
1731,1193,5.8243,70,1186
1732,1263,6.2435,66,802
1733,220,0.9407,52,196
1734,413,1.8817,61,165
1735,409,1.9196,51,147
1736,582,2.8291,63,356
1737,424,1.8546,62,80
1738,291,1.2545,46,99
1739,653,2.8779,49,43
1740,405,1.8115,59,61
1741,854,4.124,62,215
1742,396,1.7842,56,98
1743,759,3.456,55,32
1744,143,0.6088,43,93
1745,148,0.6152,51,83
1746,130,0.6305,46,46
1747,130,0.5251,41,46
1748,387,1.9165,45,59
1749,196,0.8061,50,128
1750,956,4.5055,86,457
1751,2717,14.1679,86,510
1752,612,3.2956,57,57
1753,1098,5.2928,57,1093
1754,343,1.5658,48,301
1755,846,3.8922,48,325
1756,642,3.2013,46,275
1757,233,1.02,50,103
1758,209,0.8714,60,197
1759,1421,6.9461,70,152
1760,398,1.8936,51,255
1761,142,0.662,45,53
1762,1849,9.4383,70,473
1763,1484,7.3731,61,271
1764,135,0.6155,45,38
1765,308,1.3287,53,55
1766,411,1.8432,50,304
1767,391,1.6608,56,136
1768,173,0.7764,51,136
1769,516,2.401,53,80
1770,2893,15.323,68,813
1771,613,2.9111,48,368
1772,143,0.6204,53,70
1773,450,1.9699,46,417
1774,549,2.5134,75,410
1775,233,1.0468,51,81
1776,122,0.4819,51,41
1777,994,4.6823,57,115
1778,160,0.6775,63,146
1779,939,4.2942,77,231
1780,183,0.7585,48,104
1781,367,2.188,46,356
1782,372,1.6158,44,170
1783,224,0.9868,54,152
1784,566,2.4733,49,134
1785,567,2.4804,65,94
1786,339,1.5297,53,148
1787,2091,10.8917,62,1505
1788,184,1.1126,52,171
1789,1258,6.1732,65,1142
1790,1466,7.1921,73,978
1791,276,1.2198,47,102
1792,1084,5.162,63,1081
1793,734,3.568,60,169
1794,1441,7.4025,75,809
1795,289,1.2323,52,203
1796,342,1.5777,50,308
1797,526,2.2742,50,145
1798,313,1.2853,58,263
1799,912,4.28,48,286
1800,912,4.5727,49,286
1801,663,2.9064,68,631
1802,2432,12.5933,63,1424
1803,495,2.1837,43,130
1804,388,1.6601,54,171
1805,906,4.069,56,409
1806,478,2.079,57,141
1807,431,1.7691,55,90
1808,142,0.5864,31,127
1809,170,0.8147,39,138
1810,168,0.7238,44,59
1811,327,1.5053,56,100
1812,767,3.3835,55,465
1813,107,0.4287,42,95
1814,243,1.1855,67,75
1815,742,3.2751,62,194
1816,209,0.8826,45,64
1817,442,1.8722,51,385
1818,440,1.9771,50,399
1819,272,1.3066,65,145
1820,137,0.5543,48,46
1821,246,1.2261,55,107
1822,83,0.3286,41,28
1823,1790,8.9217,84,120
1824,1175,6.1614,74,197
1825,768,3.6915,65,536
1826,571,2.5241,69,196
1827,394,1.7407,58,391
1828,241,1.0059,49,239
1829,651,3.0974,60,104
1830,695,3.5967,51,317
1831,641,3.093,52,303
1832,179,0.8597,40,59
1833,518,2.5243,55,354
1834,96,0.3944,38,45
1835,663,2.9753,66,662
1836,2780,14.5649,74,385
1837,648,2.9409,75,242
1838,1166,5.9752,53,795
1839,591,3.3159,65,55
1840,1819,9.297,80,745
1841,250,1.2216,52,248
1842,741,3.7912,46,601
1843,582,2.5415,65,521
1844,480,2.1045,49,150
1845,1428,6.9092,63,615
1846,697,3.5397,59,159
1847,416,1.7859,55,247
1848,592,2.7443,52,47
1849,633,2.9938,46,258
1850,1479,7.2138,55,359
1851,559,2.6108,52,205
1852,323,1.3772,43,248
1853,521,2.3416,47,272
1854,436,2.2978,52,60
1855,1085,5.2463,64,835
1856,398,1.7877,65,47
1857,493,2.2535,45,484
1858,168,0.7066,45,165
1859,225,0.9903,52,111
1860,610,2.7076,53,601
1861,831,3.9113,51,242
1862,5561,29.4923,78,2953
1863,315,1.6349,52,69
1864,1123,5.4047,71,626
1865,137,0.562,56,87
1866,370,1.6215,59,284
1867,500,2.1619,51,108
1868,439,1.8898,53,318
1869,699,2.9948,69,639
1870,207,0.8496,46,176
1871,1385,6.7352,72,1232
1872,1123,5.3841,71,1009
1873,132,0.5756,38,120
1874,59,0.2627,39,37
1875,284,1.2766,64,113
1876,370,1.616,53,53
1877,446,2.0497,46,439
1878,377,1.578,50,63
1879,478,2.0451,48,66
1880,534,2.6987,51,102
1881,121,0.4863,52,105
1882,517,2.2234,51,250
1883,153,0.6819,44,127
1884,685,3.2836,53,420
1885,412,1.8082,56,229
1886,435,2.1414,65,349
1887,1041,4.891,60,731
1888,603,2.886,53,385
1889,499,2.1729,55,493
1890,300,1.2757,53,60
1891,630,2.7558,57,365
1892,227,0.9401,54,224
1893,445,1.9027,57,389
1894,670,2.9638,54,491
1895,370,1.6032,60,285
1896,380,1.5724,43,183
1897,144,0.6059,46,119
1898,131,0.6284,51,72
1899,352,1.4839,43,283
1900,1581,7.9354,74,1030
1901,356,1.5725,59,320
1902,981,4.5545,86,914
1903,1241,6.187,65,234
1904,638,3.0183,56,446
1905,450,2.4326,61,280
1906,166,0.7456,62,63
1907,335,1.4257,48,105
1908,382,1.6634,45,314
1909,181,0.8456,47,85
1910,661,2.8988,55,188
1911,281,1.2189,46,106
1912,732,3.1805,54,157
1913,150,0.6131,50,105
1914,322,1.468,50,118
1915,244,1.0311,42,85
1916,522,2.279,71,455
1917,218,0.9777,53,55
1918,153,0.6349,48,124
1919,276,1.2501,46,137
1920,329,1.3862,51,235
1921,662,3.107,52,462
1922,112,0.4498,44,91
1923,1002,4.9374,62,800
1924,972,4.5718,63,75
1925,232,1.0704,43,194
1926,265,1.1727,71,241
1927,557,2.4505,60,244
1928,726,3.2203,70,269
1929,586,2.4927,70,364
1930,1285,6.5581,55,217
1931,661,3.2438,69,131
1932,445,2.0135,56,345
1933,457,2.1267,56,451
1934,353,1.4745,57,291
1935,289,1.3682,48,140
1936,261,1.1991,44,94
1937,624,2.8612,67,268
1938,283,1.2698,42,37
1939,504,2.2821,53,40
1940,333,1.4205,50,196
1941,372,1.5826,49,235
1942,539,2.3318,59,533
1943,245,1.1549,45,85
1944,242,1.0212,55,61
1945,568,2.4978,56,424
1946,220,0.9276,56,162
1947,251,1.3099,46,186
1948,378,1.613,80,156
1949,732,3.4081,67,577
1950,419,2.0608,73,408
1951,701,3.1719,80,157
1952,326,1.4157,57,43
1953,282,1.1993,54,84
1954,684,3.2546,50,290
1955,791,3.5661,56,751
1956,645,3.2825,55,342
1957,346,1.7456,56,270
1958,488,2.0668,64,227
1959,600,2.7469,68,359
1960,510,2.1828,57,219
1961,627,2.8554,66,625
1962,237,0.9871,57,87
1963,595,2.6485,53,327
1964,277,1.2105,56,138
1965,422,1.9026,50,145
1966,195,0.8543,46,131
1967,465,2.0248,45,353
1968,369,1.5413,56,210
1969,567,2.6077,58,227
1970,439,2.2032,49,61
1971,777,3.5491,54,345
1972,655,3.1383,51,189
1973,1073,5.0513,58,130
1974,960,4.6207,44,625
1975,1162,5.6469,70,720
1976,614,2.7348,63,230
1977,374,1.7258,43,71
1978,810,3.7121,72,552
1979,586,2.8072,48,419
1980,484,2.0912,52,416
1981,552,2.728,64,529
1982,1123,5.261,59,493
1983,517,2.5958,54,205
1984,542,2.4212,75,231
1985,761,3.7027,68,355
1986,806,4.0279,65,725
1987,278,1.5009,51,115
1988,1470,7.2305,70,1126
1989,906,4.3647,51,99
1990,605,2.8997,61,123
1991,1532,7.6328,69,1368
1992,2058,10.6787,56,1167
1993,642,3.1281,46,275
1994,642,2.763,46,275
1995,968,4.4561,60,112
1996,283,1.3938,50,150
1997,521,2.2227,56,94
1998,322,1.6295,58,311
1999,1504,7.4555,87,881
2000,1228,6.0408,72,851
2001,1099,5.4972,52,1088
2002,1312,6.807,67,326
2003,606,2.8003,60,540
2004,2131,11.2704,71,1236
2005,160,0.8964,43,91
2006,134,0.5558,35,81
2007,703,3.2598,58,95
2008,388,1.6439,59,54
2009,221,0.9352,52,39
2010,962,5.0669,71,896
2011,1338,7.0231,69,994
2012,537,2.4908,50,390
2013,576,2.7274,56,348
2014,356,1.5536,51,340
2015,209,0.9078,61,151
2016,217,0.9116,57,185
2017,493,2.1137,69,235
2018,384,1.8711,45,189
2019,1527,7.6527,74,342
2020,430,1.9665,59,377
2021,1532,7.7722,69,1013
2022,18142,97.4392,70,4292
2023,429,2.0412,55,408
2024,440,1.939,48,432
2025,388,1.7749,53,171
2026,1081,5.1671,79,285
2027,82,0.3213,44,59
2028,542,2.4051,67,169
2029,872,4.0466,61,501
2030,5234,27.8598,75,2608
2031,1492,7.6445,62,705
2032,464,2.2876,67,348
2033,706,3.1596,59,54
2034,3199,16.8672,70,351
2035,393,2.1996,47,263
2036,250,1.1759,50,216
2037,559,2.3977,58,329
2038,159,0.7082,50,80
2039,487,2.24,49,387
2040,466,2.0271,53,52
2041,685,3.1941,67,482
2042,73,0.2823,35,62
2043,1251,6.412,65,901
2044,996,4.8744,62,840
2045,490,2.2302,59,44
2046,491,2.4694,54,113
2047,495,2.3551,52,89
2048,185,0.7623,43,178
2049,1448,7.3298,60,842
2050,794,3.935,64,62
2051,123,0.513,58,97
2052,534,2.3045,51,375
2053,677,3.129,55,602
2054,152,0.7295,51,84
2055,1163,5.5983,57,534
2056,173,0.7647,54,152
2057,1082,5.1027,65,665
2058,901,4.1731,90,858
2059,1712,8.8,68,1202
2060,293,1.3293,50,131
2061,377,1.6976,59,375
2062,488,2.0858,76,479
2063,1064,5.0801,50,441
2064,196,0.8439,63,164
2065,117,0.4818,44,113
2066,1833,9.2299,65,1540
2067,303,1.6307,46,109
2068,673,3.253,52,70
2069,786,3.5329,66,541
2070,1021,4.9818,57,695
2071,388,1.676,47,237
2072,1025,4.9047,67,311
2073,2080,10.9438,68,164
2074,366,1.5571,50,354
2075,128,0.5395,38,109
2076,571,2.442,53,159
2077,301,1.2694,51,126
2078,720,3.2999,55,703
2079,285,1.2004,68,103
2080,345,1.5312,51,344
2081,615,2.8033,69,210
2082,40,0.1624,38,35
2083,168,0.8001,62,166
2084,166,0.6812,48,141
2085,882,4.0157,77,285
2086,352,1.5362,80,108
2087,971,4.5045,72,907
2088,378,1.7331,72,240
2089,410,1.7258,79,89
2090,611,2.7631,60,583
2091,1426,6.9994,74,1346
2092,274,1.1883,49,137
2093,339,1.4344,51,91
2094,701,3.5327,65,48
2095,496,2.1206,58,314
2096,408,1.7353,53,304
2097,211,1.0383,43,114
2098,504,2.1446,61,52
2099,450,1.9466,57,297
2100,484,2.0521,53,177
2101,240,1.0107,45,200
2102,260,1.091,71,90
2103,620,2.7449,50,178
2104,179,0.8422,43,120
2105,1430,7.2722,64,590
2106,391,1.7595,53,330
2107,441,2.2316,45,369
2108,723,3.2171,86,88
2109,757,3.59,75,450
2110,411,1.737,44,75
2111,257,1.0832,48,245
2112,301,1.3293,52,255
2113,636,2.7927,50,93
2114,390,1.7719,49,374
2115,309,1.3666,50,154
2116,134,0.5362,51,80
2117,220,0.9229,51,213
2118,1208,5.8697,68,72
2119,344,1.6944,42,70
2120,469,2.3212,51,190
2121,77,0.3068,35,66
2122,357,1.5717,53,347
2123,362,1.5242,56,56
2124,482,2.3197,52,333
2125,1049,4.8622,74,123
2126,155,0.6964,43,50
2127,448,2.2161,59,78
2128,385,1.702,52,378
2129,287,1.4099,49,259
2130,195,0.8032,44,47
2131,1021,4.7601,70,946
2132,410,1.7848,42,68
2133,679,2.9647,63,657
2134,913,4.485,75,280
2135,395,1.8034,49,327
2136,360,1.6896,53,42
2137,557,2.599,55,86
2138,667,3.056,69,66
2139,467,2.0105,56,77
2140,682,2.985,47,417
2141,216,0.8991,42,207
2142,259,1.1023,79,206
2143,223,0.9326,50,158
2144,139,0.5564,41,46
2145,439,1.9527,55,437
2146,371,1.8451,56,335
2147,939,4.57,60,473
2148,216,0.9459,55,161
2149,249,1.0619,51,170
2150,160,0.676,42,71
2151,485,2.0814,58,44
2152,392,1.6367,58,110
2153,2168,11.1817,56,1133
2154,746,3.3802,63,215
2155,976,5.0095,67,61
2156,653,3.2185,51,406
2157,248,1.1322,49,99
2158,506,2.2936,50,446
2159,585,2.741,51,152
2160,368,1.5975,52,118
2161,107,0.5271,37,67
2162,537,2.3131,75,535
2163,434,1.948,50,160
2164,144,0.5947,40,55
2165,129,0.6373,44,47
2166,277,1.1991,50,45
2167,141,0.619,46,110
2168,1079,5.2174,60,74
2169,818,3.9181,50,210
2170,1366,6.7282,55,1242
2171,219,0.9553,66,186
2172,846,4.1615,68,333
2173,1261,6.5143,76,864
2174,1347,7.2323,58,1301
2175,3352,17.6986,61,2088
2176,979,4.6964,51,976
2177,2052,10.4548,57,1362
2178,464,2.3566,74,281
2179,1501,7.602,57,116
2180,1484,7.6204,65,288
2181,506,2.362,61,449
2182,506,2.3761,65,449
2183,428,2.0561,51,338
2184,202,0.8763,52,85
2185,833,3.7667,62,494
2186,135,0.5416,41,71
2187,1240,5.9319,56,641
2188,431,1.9605,49,79
2189,266,1.1043,58,210
2190,279,1.1927,47,265
2191,517,2.417,52,52
2192,532,2.6109,47,451
2193,510,2.3348,55,468
2194,494,2.3944,63,435
2195,678,3.0194,55,359
2196,185,0.787,48,120
2197,859,4.013,62,84
2198,685,3.4569,65,630
2199,166,0.7073,50,66
2200,521,2.2662,49,56
2201,514,2.6177,51,56
2202,516,2.2647,45,80
2203,631,2.9072,45,77
2204,379,1.8681,51,186
2205,222,0.9275,52,193
2206,380,1.8222,64,168
2207,237,0.9922,43,159
2208,397,1.762,58,32
2209,357,1.4987,46,159
2210,125,0.594,45,98
2211,254,1.27,43,108
2212,542,2.3053,59,82
2213,590,2.7548,58,514
2214,879,4.0621,65,602
2215,964,4.7527,67,958
2216,3580,18.9867,63,3128
2217,227,0.9567,47,116
2218,246,1.1063,56,73
2219,385,1.6417,52,297
2220,271,1.133,67,224
2221,69,0.2984,37,52
2222,525,2.1864,45,229
2223,520,2.2609,63,467
2224,502,2.1361,56,451
2225,1891,9.7752,61,1234
2226,397,2.0574,50,163
2227,611,2.703,55,139
2228,554,2.4138,57,117
2229,379,1.6267,54,96
2230,519,2.2443,53,462
2231,376,1.8886,44,240
2232,1442,7.1423,53,268
2233,725,3.6096,51,257
2234,591,2.7798,62,570
2235,256,1.1036,46,122
2236,226,0.9274,63,77
2237,451,2.2641,56,372
2238,358,1.5208,53,294
2239,403,1.6958,42,310
2240,130,0.5142,42,124
2241,570,2.6272,55,385
2242,1456,7.7193,59,340
2243,1670,10.1424,64,617
2244,761,3.8325,60,568
2245,219,0.9949,52,75
2246,500,2.2038,57,445
2247,502,2.1767,67,451
2248,503,2.1647,69,452
2249,502,2.295,64,445
2250,505,2.4075,54,70
2251,519,2.2575,65,457
2252,632,2.895,57,535
2253,850,3.9079,59,754
2254,444,2.1222,49,404
2255,478,2.0626,50,214
2256,1070,5.2627,57,549
2257,337,1.4277,53,214
2258,247,1.0476,49,141
2259,511,2.3556,55,294
2260,1568,7.7973,79,1332
2261,837,4.2187,63,402
2262,507,2.2859,52,123
2263,530,2.5622,64,143
2264,621,2.6987,77,314
2265,450,2.0937,58,59
2266,546,2.3786,61,433
2267,290,1.4446,53,43
2268,518,2.2697,50,257
2269,512,2.5045,50,260
2270,196,0.808,48,34
2271,1062,5.2591,75,382
2272,629,2.7635,69,83
2273,262,1.2636,46,181
2274,120,0.4851,47,107
2275,118,0.485,50,116
2276,40,0.1596,36,38
2277,126,0.5121,35,79
2278,739,3.6901,53,335
2279,536,2.3271,49,498
2280,325,1.3748,55,285
2281,1039,4.7748,78,769
2282,1699,8.5946,69,1534
2283,512,2.3301,50,357
2284,140,0.5846,50,73
2285,420,1.8231,53,194
2286,135,0.6829,38,114
2287,150,0.6601,50,41
2288,137,0.556,45,119
2289,219,0.9008,63,162
2290,417,1.7833,52,310
2291,489,2.1568,56,430
2292,74,0.3033,33,43
2293,579,2.4931,49,174
2294,881,4.1594,58,241
2295,1035,4.8377,57,144
2296,407,1.9753,48,103
2297,400,1.7748,46,257
2298,518,3.0345,55,52
2299,944,4.4435,74,891
2300,515,2.2338,53,450
2301,294,1.2323,47,159
2302,733,3.2989,57,555
2303,562,2.6636,47,70
2304,344,1.5284,56,163
2305,1867,9.4707,73,1315
2306,385,1.7122,44,167
2307,303,1.3031,47,116
2308,201,0.8366,48,136
2309,816,3.9581,73,424
2310,365,1.5769,41,283
2311,527,2.3196,46,480
2312,365,1.5325,55,293
2313,196,0.8031,43,93
2314,308,1.2878,55,271
2315,642,2.909,59,266
2316,252,1.061,44,85
2317,536,2.3975,49,481
2318,188,0.8597,50,62
2319,1106,5.303,69,616
2320,705,3.3363,60,311
2321,696,3.1477,55,495
2322,228,1.0657,54,215
2323,195,0.7957,42,122
2324,458,2.2075,52,457
2325,733,3.416,68,517
2326,473,2.031,49,264
2327,743,3.468,47,311
2328,356,1.5306,61,147
2329,1707,8.4983,68,937
2330,202,0.8666,47,156
2331,448,1.9748,49,34
2332,315,1.3256,51,297
2333,598,2.6817,49,236
2334,220,0.9248,48,101
2335,297,1.3229,50,178
2336,150,0.6237,44,78
2337,512,2.3224,56,385
2338,143,0.6055,47,77
2339,116,0.469,55,83
2340,99,0.4014,46,92
2341,134,0.5391,55,51
2342,180,0.7419,39,90
2343,365,1.6507,46,111
2344,277,1.1607,67,164
2345,655,3.1423,54,536
2346,797,4.1638,55,612
2347,772,3.7601,60,628
2348,307,1.4873,43,224
2349,575,2.7306,73,511
2350,396,1.8623,48,173
2351,622,3.0884,62,354
2352,316,1.6876,50,269
2353,385,1.6652,57,83
2354,1674,8.4445,74,1627
2355,380,1.9092,46,359
2356,360,1.5579,48,208
2357,398,1.7329,51,228
2358,436,2.1072,70,179
2359,3304,17.786,85,717
2360,164,0.6854,58,126
2361,1266,6.6219,57,865
2362,404,1.8254,52,157
2363,392,1.7228,54,78
2364,508,2.342,59,73
2365,580,2.5554,68,570
2366,610,2.9687,47,90
2367,378,1.818,58,48
2368,990,4.6276,76,644
2369,464,2.0367,77,64
2370,1959,10.0448,65,721
2371,329,1.5029,61,276
2372,655,3.0018,65,475
2373,370,1.931,47,295
2374,76,0.3236,39,57
2375,41,0.1569,54,40
2376,284,1.2081,51,205
2377,1182,6.0423,54,832
2378,653,3.2555,51,614
2379,190,0.872,62,155
2380,321,1.6549,43,161
2381,250,1.0474,49,53
2382,430,1.8364,50,143
2383,178,0.7406,57,93
2384,774,3.4529,69,240
2385,679,3.1293,62,605
2386,420,1.7669,53,68
2387,993,4.7329,62,258
2388,368,1.5829,62,316
2389,1154,5.7297,57,572
2390,701,3.1808,66,342
2391,323,1.4252,67,269
2392,408,1.743,57,393
2393,696,3.1661,54,188
2394,528,2.293,57,70
2395,152,0.8057,60,50
2396,1955,10.0633,56,519
2397,1465,7.4032,61,363
2398,68,0.2723,33,48
2399,3913,20.97,73,3723
2400,542,2.4098,50,445
2401,756,3.5099,71,483
2402,738,3.3207,84,521
2403,1431,6.9776,52,1036
2404,261,1.1682,46,67
2405,549,2.3193,62,469
2406,590,2.7198,51,480
2407,4002,21.0475,76,459
2408,180,0.7502,38,55
2409,365,1.6516,60,207
2410,355,1.6214,62,104
2411,166,0.68,53,103
2412,517,2.4385,62,341
2413,423,1.8037,50,227
2414,268,1.1502,46,53
2415,752,3.4075,62,468
2416,244,1.0206,49,94
2417,154,0.7741,57,97
2418,256,1.0697,47,181
2419,579,2.5327,49,254
2420,1961,10.0193,59,461
2421,212,0.9058,62,172
2422,432,1.9283,55,425
2423,183,0.9546,46,176
2424,401,1.7286,52,348
2425,561,2.4294,58,144
2426,208,1.0044,43,81
2427,217,0.9083,52,66
2428,2237,11.7364,56,1302
2429,644,3.0211,64,146
2430,425,1.9317,64,75
2431,351,1.663,50,276
2432,630,2.8392,56,629
2433,609,2.6137,61,390
2434,384,1.6484,56,183
2435,388,1.7068,61,188
2436,324,1.3904,54,135
2437,692,3.6957,61,187
2438,2250,12.0509,67,487
2439,156,0.6603,51,46
2440,516,2.2911,51,48
2441,1201,6.4312,61,50
2442,1542,7.9431,66,492
2443,362,1.565,52,256
2444,741,3.4497,50,617
2445,342,1.7437,43,151
2446,445,1.9155,51,255
2447,509,2.7185,59,116
2448,169,0.7031,40,108
2449,274,1.3814,48,86
2450,294,1.2814,46,95
2451,300,1.2793,55,70
2452,409,1.7713,60,387
2453,1365,6.9272,74,538
2454,681,3.4047,67,83
2455,229,1.0109,55,205
2456,398,1.7891,65,138
2457,420,2.0395,60,68
2458,174,0.7346,54,89
2459,157,0.6516,36,121
2460,1490,7.4196,72,651
2461,880,4.3908,46,700
2462,552,2.5576,47,538
2463,339,1.5429,48,264
2464,321,1.4707,45,111
2465,287,1.2179,40,110
2466,461,2.0056,53,344
2467,767,3.6329,54,255
2468,81,0.3779,43,50
2469,626,2.7681,60,43
2470,951,4.7002,54,861
2471,139,0.6202,43,115
2472,869,4.5428,61,621
2473,280,1.3377,49,234
2474,409,1.9959,55,60
2475,274,1.2235,56,224
2476,44,0.1761,39,21
2477,563,2.7079,60,238
2478,949,4.621,50,887
2479,864,4.1773,88,790
2480,741,3.434,78,586
2481,325,1.4726,63,175
2482,251,1.1258,48,226
2483,547,2.3828,48,41
2484,1670,8.4231,67,414
2485,3599,19.1881,67,1700
2486,1639,8.6535,65,1387
2487,536,2.7296,75,157
2488,434,2.0077,54,311
2489,537,2.4127,55,397
2490,537,3.2893,61,482
2491,108,0.4555,48,103
2492,509,2.4292,45,270
2493,201,0.8401,44,45
2494,146,0.5991,44,99
2495,2456,12.8236,67,1137
2496,615,3.0296,66,404
2497,233,1.0037,58,54
2498,685,3.258,48,368
2499,148,0.7495,40,133
2500,354,1.6659,49,52
2501,605,2.7399,75,87
2502,877,4.1507,49,202
2503,140,0.5865,47,65
2504,321,1.3445,50,320
2505,561,2.4657,49,286
2506,277,1.5256,47,176
2507,643,3.2685,53,202
2508,649,3.2004,61,423
2509,677,3.1218,55,521
2510,810,4.1937,65,741
2511,254,1.0991,36,175
2512,466,2.1167,58,71
2513,593,2.6531,65,433
2514,235,1.1996,45,226
2515,853,4.238,61,429
2516,642,3.2515,75,171
2517,2211,11.553,63,471
2518,303,1.4162,41,207
2519,629,2.8473,54,566
2520,198,1.008,50,93
2521,103,0.5041,45,102
2522,363,1.5715,53,241
2523,2241,12.0473,61,2203
2524,670,3.1919,62,288
2525,668,3.1789,57,70
2526,1068,5.0882,63,964
2527,61,0.3011,45,59
2528,1115,5.2962,59,833
2529,690,3.1319,52,146
2530,605,2.7285,51,45
2531,151,0.6219,46,145
2532,2043,10.5568,62,1462
2533,752,4.0707,57,67
2534,142,0.5906,52,141
2535,1435,7.3693,57,760
2536,218,0.9546,46,124
2537,886,4.2717,56,835
2538,103,0.4437,38,49
2539,242,1.0171,49,144
2540,264,1.1207,42,241
2541,711,3.5916,52,470
2542,706,3.4727,61,236
2543,1292,6.481,51,1231
2544,249,1.0442,41,68
2545,174,0.6942,48,173
2546,1146,5.6657,53,455
2547,633,3.1257,49,596
2548,428,1.8469,51,280
2549,710,3.1393,53,706
2550,665,2.8963,52,194
2551,231,0.9664,43,154
2552,277,1.149,62,63
2553,901,4.3043,70,838
2554,1289,6.2466,62,1239
2555,819,3.8525,71,563
2556,1119,5.5144,58,524
2557,493,2.1482,64,49
2558,197,1.0482,45,136
2559,423,2.1081,55,58
2560,148,0.626,49,96
2561,692,3.2284,60,524
2562,583,2.6503,51,579
2563,344,1.5249,54,94
2564,402,1.807,59,216
2565,509,2.1983,50,404
2566,830,3.9609,72,252
2567,298,1.2533,58,70
2568,215,0.9017,61,67
2569,621,3.0306,70,585
2570,981,4.6042,61,848
2571,995,4.8439,51,464
2572,221,0.9297,52,161
2573,252,1.0477,46,48
2574,310,1.3016,53,254
2575,138,0.6814,50,65
2576,453,2.1535,52,419
2577,430,2.0367,48,249
2578,511,2.4975,58,52
2579,495,2.3523,67,60
2580,192,0.7942,47,181
2581,642,2.9513,46,275
2582,397,1.7008,54,109
2583,373,1.7674,49,175
2584,182,0.7448,55,141
2585,517,2.3162,60,460
2586,225,0.9584,44,222
2587,216,0.8941,39,183
2588,217,0.9088,43,183
2589,216,1.0283,48,183
2590,200,0.8496,39,167
2591,216,0.9013,47,183
2592,223,0.9259,46,64
2593,1170,5.9093,62,821
2594,493,2.2598,62,51
2595,494,2.1155,50,403
2596,488,2.0765,62,59
2597,887,4.2938,53,876
2598,552,2.4139,56,137
2599,460,2.1429,63,88
2600,290,1.2163,64,91
2601,1976,10.6725,56,893
2602,251,1.1309,46,84
2603,497,2.2137,51,302
2604,521,2.3334,53,64
2605,1194,5.6347,64,1053
2606,1488,7.4009,60,78
2607,196,0.8117,52,171
2608,1253,5.9117,50,182
2609,364,1.5958,60,361
2610,584,2.478,64,55
2611,192,0.7905,45,96
2612,159,0.6593,46,140
2613,2244,11.6471,60,1831
2614,582,2.9797,53,565
2615,1019,4.7155,55,976
2616,195,0.7985,47,118
2617,87,0.3436,37,84
2618,438,1.8272,53,70
2619,300,1.2626,50,126
2620,173,0.7668,41,81
2621,873,4.2468,71,775
2622,1944,9.985,63,1631
2623,734,3.5419,47,303
2624,357,1.5239,46,104
2625,785,3.5389,62,528
2626,523,2.6863,50,493
2627,584,2.5233,58,374
2628,699,3.1499,63,323
2629,675,2.9377,62,504
2630,457,2.104,49,47
2631,318,1.3614,52,82
2632,211,0.885,52,199
2633,684,3.2761,53,574
2634,873,3.9569,52,563
2635,586,2.6202,58,190
2636,453,1.9207,64,452
2637,204,0.8435,41,142
2638,531,2.3716,54,393
2639,258,1.0701,49,153
2640,57,0.2186,50,52
2641,815,3.5939,52,524
2642,679,3.4005,51,273
2643,858,3.9492,71,526
2644,779,3.6929,54,220
2645,878,4.2222,64,646
2646,875,3.8414,66,282
2647,259,1.0782,47,80
2648,328,1.3977,41,261
2649,522,2.2187,59,518
2650,228,0.9742,53,59
2651,247,1.2611,50,171
2652,393,1.711,38,218
2653,351,1.5058,46,199
2654,834,3.721,57,728
2655,321,1.3971,48,121
2656,338,1.6014,49,192
2657,1346,6.6276,79,1071
2658,86,0.346,40,76
2659,381,1.8089,75,87
2660,593,2.5616,83,156
2661,943,4.4198,48,137
2662,313,1.3316,50,107
2663,155,0.6671,45,40
2664,276,1.2054,56,74
2665,307,1.2756,51,299
2666,827,3.8025,50,548
2667,799,3.4701,63,118
2668,503,2.3341,53,45
2669,413,1.8111,46,180
2670,390,1.8385,45,161
2671,391,1.6927,48,286
2672,524,2.2432,47,382
2673,787,3.7215,53,483
2674,90,0.3775,46,51
2675,398,1.7276,42,107
2676,393,1.8936,60,233
2677,400,1.714,50,39
2678,338,1.4423,56,107
2679,141,0.5669,42,121
2680,614,2.8402,52,589
2681,738,3.5764,56,595
2682,187,0.7952,44,85
2683,330,1.4172,59,123
2684,480,2.2251,62,179
2685,120,0.474,49,42
2686,705,3.1391,75,52
2687,537,2.4654,55,534
2688,724,3.4014,47,520
2689,783,3.6572,53,447
2690,561,2.6763,79,214
2691,96,0.3704,38,28
2692,609,2.6315,62,593
2693,469,2.001,52,262
2694,823,3.6231,64,500
2695,252,1.0457,46,77
2696,947,4.443,70,431
2697,777,3.6443,65,114
2698,767,3.6468,66,83
2699,626,3.2229,53,60
2700,982,4.7274,60,131
2701,508,2.5294,56,66
2702,887,4.2516,49,673
2703,588,2.6309,49,416
2704,148,0.6085,45,89
2705,149,0.6244,46,90
2706,167,0.6914,52,113
2707,675,3.0718,63,619
2708,674,3.046,49,483
2709,1321,6.2616,61,395
2710,302,1.4655,44,228
2711,603,2.6014,48,168
2712,473,2.1943,49,135
2713,284,1.4396,53,190
2714,368,1.6172,55,84
2715,282,1.1724,48,108
2716,2198,11.4985,76,545
2717,126,0.5337,45,60
2718,1844,9.3876,64,987
2719,256,1.0889,44,194
2720,190,0.8819,47,137
2721,242,1.0133,45,140
2722,1063,5.5819,74,288
2723,406,1.8105,45,364
2724,597,2.6863,49,430
2725,507,2.1972,53,172
2726,106,0.418,53,98
2727,955,4.7093,57,782
2728,218,0.907,52,217
2729,922,4.4053,51,413
2730,586,2.5585,47,214
2731,179,0.7357,57,62
2732,565,2.5665,60,232
2733,493,2.1758,49,202
2734,1452,7.1925,74,1376
2735,242,1.0698,45,178
2736,1331,6.37,79,318
2737,426,1.9038,48,111
2738,1800,9.2079,58,791
2739,319,1.5274,38,232
2740,125,0.6294,40,82
2741,752,3.489,51,62
2742,118,0.5019,36,74
2743,1691,8.4433,59,630
2744,392,1.7175,43,170
2745,614,2.6547,50,485
2746,312,1.4218,51,100
2747,1129,5.3245,73,715
2748,298,1.5295,42,65
2749,139,0.6064,39,95
2750,471,1.9913,59,247
2751,252,1.0871,44,77
2752,184,0.7581,53,169
2753,142,0.5765,40,95
2754,554,2.4552,65,106
2755,362,1.5872,57,95
2756,156,0.6346,47,86
2757,286,1.1948,71,175
2758,466,2.0406,61,251
2759,688,3.0362,61,513
2760,697,3.0764,59,226
2761,207,0.864,59,83
2762,1221,5.6037,75,701
2763,824,4.1663,70,144
2764,656,3.2969,54,232
2765,2471,13.2068,55,1793
2766,1124,5.6247,54,1121
2767,212,0.9652,43,83
2768,894,4.2036,61,201
2769,579,2.8064,70,555
2770,396,1.9736,66,335
2771,152,0.6951,48,122
2772,1094,5.414,66,314
2773,476,2.4565,51,262
2774,395,1.7344,54,137
2775,1342,7.256,71,948
2776,463,2.2632,66,79
2777,232,1.2037,51,95
2778,254,1.0665,47,214
2779,598,2.7382,59,270
2780,571,2.4473,51,396
2781,289,1.236,48,211
2782,117,0.473,50,91
2783,440,1.8609,45,152
2784,1413,6.9722,73,1331
2785,1412,7.0833,52,435
2786,462,2.2012,51,327
2787,637,2.8347,49,617
2788,817,3.9037,61,130
2789,1355,6.6003,73,877
2790,970,4.6533,53,509
2791,844,3.8636,68,47
2792,352,1.5017,57,176
2793,330,1.4432,50,248
2794,421,2.128,71,123
2795,945,5.1072,57,594
2796,135,0.5977,55,75
2797,651,2.8552,48,460
2798,320,1.3181,46,132
2799,200,0.8281,43,198
2800,583,2.6577,63,439
2801,219,0.9588,47,164
2802,476,2.1105,56,342
2803,269,1.1163,48,81
2804,1249,6.6462,53,1032
2805,371,1.9215,53,172
2806,263,1.1009,42,84
2807,2728,14.2988,61,688
2808,221,1.0369,51,166
2809,119,0.4652,52,55
2810,257,1.2238,49,153
2811,695,3.2168,60,104
2812,198,0.8159,56,49
2813,2172,11.2795,62,1256
2814,1477,7.8137,55,1307
2815,514,2.2648,52,220
2816,845,3.9911,52,84
2817,614,2.9478,62,180
2818,440,2.0859,46,406
2819,517,2.191,57,93
2820,431,1.9397,48,281
2821,527,2.4056,47,41
2822,628,2.7091,60,479
2823,410,1.7629,58,231
2824,607,2.6248,57,83
2825,941,4.3648,76,87
2826,445,1.8961,61,443
2827,316,1.528,65,186
2828,378,1.7436,42,158
2829,223,0.9209,52,111
2830,152,0.6343,52,99
2831,631,2.8494,54,525
2832,454,1.9234,53,442
2833,175,0.7269,48,62
2834,682,3.3534,61,649
2835,117,0.473,49,114
2836,559,2.3889,54,399
2837,1013,5.772,56,1011
2838,754,3.832,65,311
2839,113,0.9345,40,66
2840,200,1.3189,48,151
2841,967,7.1698,49,813
2842,318,1.7072,49,105
2843,123,0.6973,40,60
2844,650,3.8338,62,208
2845,327,1.7548,50,105
2846,327,2.0453,60,237
2847,111,0.5098,56,48
2848,371,2.0048,45,102
2849,1094,5.3349,60,1079
2850,293,1.2522,52,227
2851,1685,8.6138,59,325
2852,5323,28.4617,68,3053
2853,177,0.7432,69,154
2854,91,0.3778,39,54
2855,537,2.3997,59,90
2856,410,1.7775,46,47
2857,119,0.4715,51,118
2858,95,0.4633,41,47
2859,612,2.7052,68,97
2860,1132,5.6785,70,437
2861,512,2.3547,55,441
2862,471,2.2208,47,133
2863,451,2.1797,46,69
2864,205,0.863,49,198
2865,670,3.5468,56,127
2866,746,4.13,54,476
2867,307,1.5465,73,75
2868,80,0.3133,47,47
2869,300,1.3288,47,79
2870,606,2.935,54,194
2871,887,4.4297,61,819
2872,316,1.4512,62,304
2873,909,4.6597,63,810
2874,457,2.5122,53,71
2875,993,5.3151,66,47
2876,757,3.9275,54,91
2877,489,2.3277,66,60
2878,236,1.0671,54,208
2879,351,1.5039,55,96
2880,1118,5.8602,74,787
2881,1431,7.8417,62,593
2882,112,0.603,47,97
2883,301,1.3021,48,57
2884,1660,8.8794,60,337
2885,490,2.4441,58,367
2886,660,3.4507,54,166
2887,2189,11.656,54,2025
2888,217,1.014,53,92
2889,658,3.3635,53,76
2890,224,1.1095,47,193
2891,1839,9.9284,80,1618
2892,336,1.8371,52,151
2893,692,3.3353,65,355
2894,670,3.2458,82,473
2895,250,1.1867,51,48
2896,577,2.9688,48,362
2897,274,1.485,40,164
2898,478,2.5455,47,208
2899,438,2.7486,81,247
2900,132,0.8286,42,120
2901,510,2.9162,52,454
2902,512,2.7337,50,76
2903,510,2.5155,52,65
2904,503,2.7453,59,227
2905,502,2.6065,47,446
2906,93,0.404,39,41
2907,722,3.5645,58,487
2908,389,1.8846,48,151
2909,199,0.8632,42,55
2910,192,1.0038,48,59
2911,253,1.2085,49,120
2912,396,1.7647,59,46
2913,303,1.5549,53,96
2914,601,3.1258,49,87
2915,756,3.7591,59,104
2916,248,1.1208,60,175
2917,449,2.3776,59,345
2918,764,3.8915,58,763
2919,634,2.9583,68,387
2920,322,1.6949,43,211
2921,1391,7.2018,70,819
2922,340,1.7781,54,148
2923,1141,6.2623,61,573
2924,235,1.158,56,218
2925,298,1.4416,48,190
2926,554,2.7199,57,158
2927,281,1.3694,49,43
2928,199,0.8593,44,48
2929,615,3.2494,57,425
2930,257,1.1626,39,198
2931,225,1.0981,48,61
2932,180,0.7908,49,58
2933,228,1.3091,59,218
2934,269,1.7225,46,54
2935,569,2.9257,49,381
2936,454,2.2432,52,226
2937,487,2.6632,55,330
2938,183,0.8753,42,165
2939,199,0.8841,37,134
2940,423,1.9345,55,109
2941,86,0.3875,47,53
2942,206,0.9545,44,71
2943,294,1.3668,47,235
2944,672,3.2872,69,491
2945,986,5.0364,53,733
2946,450,2.4527,61,76
2947,1219,6.5451,80,143
2948,398,1.9109,47,85
2949,130,0.5243,47,64
2950,455,2.2577,59,332
2951,486,2.2989,50,432
2952,1060,5.5373,56,903
2953,460,2.7445,45,69
2954,517,2.4192,52,225
2955,728,3.5421,62,167
2956,886,4.7301,69,788
2957,639,3.2097,59,539
2958,1487,8.3832,53,1018
2959,155,1.0436,44,50
2960,1476,8.1712,65,1349
2961,1158,6.3087,72,409
2962,815,4.0254,58,99
2963,389,1.9525,56,234
2964,671,3.5155,56,484
2965,125,0.6232,38,83
2966,1719,9.3477,65,898
2967,276,1.2875,49,226
2968,538,2.6727,64,79
2969,953,4.935,65,83
2970,261,1.2491,44,244
2971,499,3.3564,56,171
2972,355,1.6657,56,58
2973,106,0.4818,44,87
2974,1536,8.2086,74,1267
2975,510,2.4693,63,501
2976,870,4.4532,75,125
2977,534,2.8751,69,485
2978,439,2.1792,60,405
2979,490,2.4743,53,143
2980,843,4.5048,63,451
2981,501,3.0643,51,155
2982,249,1.3851,53,97
2983,540,2.4835,79,117
2984,506,2.4245,60,421
2985,348,1.8339,54,172
2986,355,1.7412,54,111
2987,1192,6.2049,68,411
2988,489,2.429,51,332
2989,154,0.6913,54,146
2990,649,3.1872,57,410
2991,455,2.1663,62,266
2992,298,1.5729,47,261
2993,256,1.4248,47,128
2994,297,1.3121,47,64
2995,346,1.5905,63,314
2996,855,4.6885,61,412
2997,250,1.2852,53,42
2998,588,3.386,61,242
2999,428,2.102,59,296
3000,917,5.0038,53,558
3001,231,1.1407,68,163
3002,605,3.0226,62,179
3003,952,4.8861,65,878
3004,366,1.8147,61,87
3005,612,3.1314,58,107
3006,246,1.1236,47,220
3007,149,0.6495,56,99
3008,65,0.2656,48,33
3009,740,3.8859,60,252
3010,868,4.7009,50,376
3011,577,2.9493,54,571
3012,295,1.4744,46,113
3013,521,2.5826,56,332
3014,488,2.5285,49,198
3015,507,2.4708,49,452
3016,382,1.7615,55,262
3017,211,0.9536,41,155
3018,860,4.4035,54,464
3019,153,0.6595,55,147
3020,135,0.5634,38,26
3021,239,1.0402,48,117
3022,307,1.4309,44,225
3023,1538,8.219,58,550
3024,1674,8.9103,77,1282
3025,1042,5.6011,52,226
3026,581,3.066,52,306
3027,524,2.7441,63,178
3028,150,0.7858,50,47
3029,399,2.5133,61,374
3030,895,4.6556,49,725
3031,406,1.9604,48,221
3032,82,0.4098,35,77
3033,579,3.1704,60,230
3034,745,3.8607,61,75
3035,556,2.6696,47,456
3036,204,0.974,49,194
3037,553,2.7808,50,503
3038,347,1.8278,50,42
3039,944,4.9189,56,568
3040,364,1.785,59,193
3041,380,1.9264,48,329
3042,496,2.4489,54,415
3043,654,3.1805,62,577
3044,529,2.6112,58,68
3045,374,1.8199,53,67
3046,396,1.9341,49,228
3047,1697,9.1516,80,64
3048,418,2.1373,55,121
3049,482,2.3997,49,444
3050,241,1.1516,44,77
3051,4913,26.3686,69,1703
3052,64,0.3832,36,61
3053,147,0.6457,42,38
3054,721,3.7344,79,82
3055,782,3.8872,48,460
3056,521,2.4489,49,104
3057,1255,6.7911,52,1221
3058,244,1.1508,50,181
3059,697,3.6332,54,294
3060,530,2.917,59,78
3061,727,3.5437,59,524
3062,1013,5.1934,50,604
3063,424,2.0977,70,259
3064,109,0.4723,42,77
3065,348,1.509,54,93
3066,659,3.3828,50,100
3067,217,0.9523,52,158
3068,139,0.582,42,57
3069,544,2.6366,56,473
3070,519,2.7752,47,296
3071,226,0.9576,62,209
3072,196,0.9037,49,164
3073,1039,5.3678,75,721
3074,1045,5.4648,60,203
3075,526,2.6895,55,507
3076,341,1.4803,47,339
3077,672,3.3342,54,373
3078,122,0.5218,43,39
3079,643,3.2607,43,324
3080,1230,6.4354,56,824
3081,463,2.0704,57,453
3082,368,1.6451,58,80
3083,260,1.2538,47,183
3084,677,3.1738,61,73
3085,995,4.9192,61,519
3086,2075,10.7077,76,1816
3087,189,0.8022,53,70
3088,332,1.5139,51,264
3089,259,1.1576,54,255
3090,725,3.3325,42,402
3091,1146,5.3763,60,128
3092,1053,5.0509,69,274
3093,202,1.0034,64,115
3094,601,2.64,55,579
3095,481,2.0855,46,222
3096,485,2.1695,57,152
3097,464,2.2501,50,409
3098,187,0.7587,47,63
3099,420,1.8869,52,377
3100,1406,6.8758,63,733
3101,377,1.6261,62,298
3102,78,0.3095,34,49
3103,535,2.2915,68,282
3104,1052,5.3464,58,571
3105,492,2.3031,57,402
3106,994,4.5287,54,861
3107,182,0.7646,51,173
3108,369,1.613,38,322
3109,347,1.4645,57,195
3110,528,2.6031,56,285
3111,246,1.0666,51,103
3112,653,3.0979,74,566
3113,439,1.9706,48,68
3114,694,3.3498,52,630
3115,598,2.6157,59,94
3116,735,3.3082,60,543
3117,244,1.0269,46,122
3118,707,3.2418,62,82
3119,705,3.2938,60,459
3120,612,2.7604,58,156
3121,605,2.6261,46,408
3122,251,1.0726,75,144
3123,251,1.0453,61,89
3124,462,1.9642,83,359
3125,271,1.1403,40,50
3126,419,1.7965,48,242
3127,472,2.046,54,64
3128,408,1.9458,44,147
3129,422,1.8748,58,230
3130,3480,18.4765,66,2874
3131,1002,4.8716,64,88
3132,155,0.6351,44,104
3133,138,0.5673,44,116
3134,121,0.4807,43,114
3135,135,0.5348,61,102
3136,455,1.9567,53,431
3137,926,4.6643,69,555
3138,187,0.7848,49,107
3139,318,1.349,45,278
3140,405,1.8259,56,190
3141,392,1.819,44,200
3142,170,0.6826,42,94
3143,157,0.6331,45,31
3144,160,0.6494,48,67
3145,963,4.5576,68,481
3146,144,0.5848,44,79
3147,1175,5.7574,64,1100
3148,525,2.7322,48,279
3149,317,1.3307,52,227
3150,480,2.2718,53,331
3151,722,3.3098,54,688
3152,281,1.2372,74,69
3153,300,1.3001,62,108
3154,495,2.1933,51,126
3155,119,0.4675,41,68
3156,887,4.6131,66,139
3157,396,1.7238,45,258
3158,168,0.6943,44,68
3159,331,1.3817,48,239
3160,159,0.6747,46,93
3161,390,1.6334,51,253
3162,93,0.3823,32,53
3163,218,0.9204,37,143
3164,1094,5.528,71,715
3165,493,2.1743,57,63
3166,856,3.8978,67,809
3167,112,0.4458,40,62
3168,477,2.3237,56,296
3169,540,2.4313,54,245
3170,351,1.6266,48,147
3171,748,3.6503,65,272
3172,493,2.4282,49,352
3173,213,0.8771,56,159
3174,179,0.7363,47,105
3175,215,0.8848,59,186
3176,820,3.6682,52,326
3177,255,1.0626,50,72
3178,125,0.5574,57,121
3179,3920,20.8948,58,184
3180,394,1.9852,51,316
3181,266,1.1392,51,190
3182,452,2.2798,46,124
3183,716,3.5066,51,272
3184,87,0.3508,38,60
3185,392,1.7081,47,178
3186,609,2.9843,50,56
3187,186,0.7713,48,181
3188,532,2.4895,67,445
3189,400,1.8456,46,102
3190,495,2.3346,56,270
3191,953,4.3816,55,730
3192,611,3.1197,44,513
3193,1184,5.7245,66,612
3194,541,2.3574,47,82
3195,1077,5.1864,72,50
3196,334,1.6203,49,178
3197,379,1.6018,76,174
3198,766,3.4685,53,104
3199,628,2.7077,60,617
3200,504,2.3294,56,500
3201,1191,5.6215,68,131
3202,1515,7.8201,56,684
3203,218,0.9502,46,127
3204,1215,6.04,64,96
3205,289,1.2537,41,284
3206,608,2.6785,52,77
3207,335,1.4475,53,49
3208,277,1.1714,50,41
3209,591,2.5596,50,73
3210,344,1.4969,45,114
3211,624,2.6898,70,51
3212,2143,10.9755,55,232
3213,638,3.1685,61,438
3214,1227,5.7029,92,83
3215,672,3.1172,66,468
3216,699,3.1146,54,325
3217,1192,6.0563,61,248
3218,140,0.6835,32,125
3219,91,0.3801,59,41
3220,192,0.7884,49,177
3221,348,1.4641,53,239
3222,193,0.8048,45,186
3223,468,2.0455,47,449
3224,842,3.7627,52,582
3225,227,0.9398,71,207
3226,317,1.644,49,83
3227,183,0.8549,48,99
3228,144,0.5822,47,55
3229,333,1.5376,55,305
3230,79,0.3198,47,68
3231,556,2.489,53,73
3232,397,1.9131,59,47
3233,269,1.3174,41,240
3234,370,1.6069,47,49
3235,405,1.7472,44,311
3236,212,1.1016,48,80
3237,890,4.1149,52,184
3238,269,1.1027,40,234
3239,123,0.6142,35,47
3240,820,3.9672,74,122
3241,421,1.8436,71,420
3242,681,2.9753,82,332
3243,1008,5.3289,59,520
3244,227,0.9623,43,60
3245,595,2.5901,63,74
3246,630,2.9,57,226
3247,338,1.4238,55,187
3248,226,0.9428,54,95
3249,847,4.098,61,177
3250,511,2.2268,46,455
3251,170,0.6931,48,72
3252,497,2.1293,60,289
3253,540,2.5078,68,70
3254,462,2.0557,50,144
3255,197,0.8368,49,183
3256,525,2.2776,55,118
3257,177,0.7631,67,174
3258,591,2.9032,66,435
3259,289,1.2257,48,60
3260,182,0.9386,51,85
3261,526,2.5938,49,524
3262,329,1.6037,47,239
3263,929,4.4227,66,524
3264,387,1.7579,41,237
3265,328,1.5647,44,251
3266,412,1.9297,52,238
3267,301,1.2949,48,116
3268,246,1.0353,64,78
3269,695,3.0901,73,329
3270,498,2.1752,58,268
3271,682,3.0106,60,351
3272,1748,8.9049,52,61
3273,126,0.6311,61,83
3274,408,2.0539,61,117
3275,2227,11.5304,71,741
3276,432,1.9118,50,324
3277,718,3.114,72,689
3278,505,2.2122,61,450
3279,2532,13.5467,90,2297
3280,1060,5.6567,77,649
3281,126,0.5241,38,117
3282,1308,6.5744,62,548
3283,4700,25.192,70,4251
3284,163,0.7096,43,140
3285,891,4.2339,63,95
3286,220,0.9092,58,144
3287,204,0.962,45,92
3288,263,1.0949,55,94
3289,1351,6.8548,54,995
3290,249,1.0837,54,172
3291,1747,8.8358,63,647
3292,1597,10.5188,77,873
3293,581,2.8452,65,516
3294,410,1.8746,51,42
3295,1283,6.198,64,998
3296,2112,11.0042,75,1987
3297,69,0.2776,37,52
3298,2007,10.2106,73,125
3299,388,2.0048,51,262
3300,388,1.6475,52,55
3301,161,0.7576,49,130
3302,378,1.6125,44,70
3303,73,0.296,49,50
3304,184,0.9098,55,119
3305,212,0.8644,52,203
3306,326,1.4923,58,54
3307,420,1.7832,58,162
3308,1151,5.5946,73,610
3309,561,2.4834,52,193
3310,2104,10.7389,79,1386
3311,574,2.7106,54,57
3312,484,2.1143,59,58
3313,491,2.2163,59,427
3314,575,2.4595,56,129
3315,873,4.1973,76,585
3316,332,1.677,55,104
3317,344,1.6618,51,75
3318,395,1.7935,52,84
3319,308,1.3905,47,306
3320,526,2.3954,53,302
3321,360,1.5117,64,70
3322,188,0.7934,45,180
3323,329,1.4055,60,276
3324,608,2.7888,59,275
3325,163,0.7254,44,45
3326,210,0.8849,49,191
3327,1106,5.182,57,537
3328,1562,8.0265,62,1137
3329,321,1.9825,51,80
3330,835,3.9419,80,408
3331,1825,9.3555,57,753
3332,190,0.9548,45,144
3333,413,1.851,49,318
3334,376,1.574,50,105
3335,247,1.0254,67,107
3336,174,0.8084,49,98
3337,234,0.985,45,230
3338,177,0.7758,51,58
3339,455,2.2347,71,454
3340,677,3.322,66,78
3341,77,0.317,44,68
3342,640,3.1992,67,194
3343,1884,9.5328,66,1191
3344,585,2.8246,65,86
3345,1960,10.331,65,1466
3346,512,2.2617,73,83
3347,2518,13.3641,54,1708
3348,682,3.1545,73,55
3349,1103,5.3492,49,923
3350,599,2.7999,48,455
3351,274,1.2338,46,211
3352,465,2.1297,65,187
3353,419,1.908,67,200
3354,378,1.6338,51,285
3355,62,0.3073,36,61
3356,666,3.061,48,126
3357,346,1.5637,54,134
3358,226,0.93,47,134
3359,334,1.4276,50,137
3360,688,3.233,78,257
3361,333,1.4069,56,323
3362,318,1.3401,47,68
3363,94,0.3948,53,89
3364,496,2.6623,57,416
3365,2085,10.97,63,963
3366,181,0.8693,60,39
3367,353,1.4878,50,314
3368,658,2.8564,53,575
3369,168,0.6859,55,164
3370,729,3.5229,75,60
3371,261,1.1127,56,121
3372,225,0.9286,49,67
3373,228,0.9658,43,183
3374,1202,6.0252,58,772
3375,788,3.9431,59,380
3376,1385,7.0482,53,1383
3377,284,1.328,50,165
3378,250,1.0357,67,193
3379,500,2.1596,60,455
3380,2314,12.2054,73,455
3381,96,0.3842,35,61
3382,356,1.6313,51,275
3383,302,1.2699,56,56
3384,507,2.2447,58,439
3385,516,2.2585,63,111
3386,241,1.0042,54,127
3387,180,0.7277,52,140
3388,700,3.125,62,257
3389,3005,16.0396,73,1590
3390,173,0.7204,51,90
3391,537,2.3543,57,475
3392,484,2.0642,53,79
3393,1130,5.2866,61,297
3394,218,1.0123,46,202
3395,1181,5.6796,70,1006
3396,1374,6.616,71,833
3397,335,1.4726,59,172
3398,506,2.297,62,440
3399,417,1.9638,42,256
3400,620,2.8087,55,411
3401,239,0.9989,46,85
3402,102,0.4963,39,101
3403,204,0.8586,46,169
3404,200,0.8281,47,96
3405,405,1.7149,53,393
3406,575,2.8536,51,567
3407,808,3.6426,50,543
3408,407,2.0818,52,148
3409,374,1.8364,50,54
3410,1713,8.794,61,1239
3411,190,1.0646,62,123
3412,152,0.6355,55,73
3413,217,0.9022,45,147
3414,161,0.8317,49,132
3415,185,0.8362,53,174
3416,244,1.0325,50,236
3417,506,2.3859,62,73
3418,239,0.9896,43,54
3419,148,0.6104,43,142
3420,325,1.4402,55,107
3421,360,1.672,45,70
3422,692,3.1418,52,69
3423,1327,6.404,76,566
3424,292,1.3498,44,45
3425,1048,5.3948,75,333
3426,1074,5.6998,62,325
3427,709,3.4907,67,93
3428,418,1.8682,63,308
3429,339,1.4582,48,199
3430,486,2.1694,53,280
3431,121,0.4785,45,119
3432,513,2.233,55,323
3433,562,2.4882,53,113
3434,632,2.7837,55,569
3435,752,3.3497,68,279
3436,722,3.3836,78,223
3437,111,0.4396,42,58
3438,145,0.5772,39,123
3439,443,1.9605,48,332
3440,2301,12.1605,64,2137
3441,501,2.4407,60,295
3442,266,1.0978,46,131
3443,413,1.761,59,68
3444,550,2.4381,75,491
3445,421,1.9036,46,393
3446,388,1.7083,59,201
3447,522,2.3685,57,81
3448,1528,7.7427,58,922
3449,879,4.4552,52,612
3450,511,2.2458,56,48
3451,855,4.0511,61,328
3452,151,0.6125,46,149
3453,685,2.9993,52,539
3454,1755,8.9007,55,282
3455,452,2.2049,75,437
3456,517,2.2107,54,61
3457,3536,18.7485,59,2043
3458,479,2.262,69,169
3459,671,4.0499,56,581
3460,432,1.8452,54,132
3461,485,2.1397,54,474
3462,1032,4.8456,60,518
3463,184,0.9568,59,180
3464,198,0.8137,58,150
3465,1545,7.8224,59,1284
3466,794,3.8606,48,77
3467,549,2.3781,56,518
3468,254,1.0551,46,91
3469,139,0.6374,47,77
3470,308,1.4369,50,193
3471,252,1.0489,54,181
3472,593,2.5946,49,300
3473,491,2.2031,62,199
3474,1068,5.0467,70,945
3475,978,4.6403,73,503
3476,1979,10.6084,66,1338
3477,437,1.9376,51,245
3478,1228,5.8758,48,974
3479,996,4.8626,69,218
3480,319,1.4129,77,137
3481,351,1.4306,49,187
3482,1554,7.7127,79,1110
3483,586,2.8918,50,39
3484,514,2.1635,57,357
3485,410,1.7713,61,62
3486,927,4.2361,49,266
3487,164,0.75,40,128
3488,1774,9.7373,65,260
3489,2670,14.158,59,159
3490,957,4.6771,64,847
3491,837,3.8612,62,483
3492,493,2.1703,53,324
3493,310,1.2995,55,262
3494,168,0.6835,42,125
3495,158,0.6989,44,64
3496,914,4.2837,51,868
3497,2845,15.1217,66,497
3498,465,2.0047,54,312
3499,496,2.159,52,495
3500,523,2.593,64,464
3501,519,2.4818,54,494
3502,303,1.3169,52,292
3503,108,0.4381,46,60
3504,584,2.7428,45,182
3505,732,3.4108,61,242
3506,972,4.4895,74,668
3507,588,2.801,54,220
3508,320,1.3151,50,139
3509,785,3.5179,51,641
3510,798,3.8246,65,288
3511,1638,8.6168,58,992
3512,2054,10.9144,59,477
3513,127,0.547,48,58
3514,617,3.0391,52,326
3515,332,1.6277,42,130
3516,748,3.4883,63,74
3517,1216,5.8774,57,768
3518,456,2.2865,53,70
3519,656,3.2225,70,56
3520,113,0.5576,45,44
3521,498,2.2819,48,250
3522,407,1.7253,47,105
3523,1001,4.9306,62,826
3524,407,1.7125,55,81
3525,400,1.7386,58,368
3526,412,1.7913,45,318
3527,399,1.8044,48,91
3528,1396,6.9519,62,215
3529,1855,9.5334,69,1737
3530,627,2.8211,57,620
3531,398,1.7267,63,122
3532,90,0.3814,47,84
3533,691,3.1263,51,551
3534,345,1.4409,51,271
3535,684,3.0712,56,624
3536,453,1.9486,60,251
3537,197,0.8162,53,102
3538,1712,8.6122,74,1096
3539,1440,7.7571,58,967
3540,322,1.492,47,200
3541,258,1.0748,63,230
3542,204,0.8968,39,103
3543,513,2.4364,50,416
3544,149,0.61,46,78
3545,1319,6.3968,55,1249
3546,156,0.6532,66,61
3547,776,4.087,77,255
3548,465,2.2898,51,349
3549,678,3.1321,64,674
3550,819,4.1232,55,149
3551,409,1.9826,58,408
3552,413,1.7736,49,292
3553,398,1.7095,48,229
3554,93,0.3693,38,53
3555,223,0.9337,44,158
3556,1871,9.5796,80,83
3557,347,1.7198,48,227
3558,1545,7.7567,72,839
3559,179,0.8912,39,83
3560,542,2.3274,55,69
3561,597,2.9508,66,208
3562,287,1.2025,51,184
3563,566,2.4636,46,535
3564,874,4.0457,71,486
3565,190,0.7828,45,80
3566,622,2.8321,67,457
3567,793,3.5012,59,520
3568,723,3.3062,58,251
3569,610,2.6408,68,471
3570,393,1.8177,51,332
3571,115,0.4704,35,71
3572,231,0.976,55,72
3573,443,1.9173,50,386
3574,314,1.3505,51,205
3575,3751,19.8593,67,3194
3576,66,0.4021,38,55
3577,935,4.9965,66,397
3578,827,3.8791,74,179
3579,467,2.0086,57,343
3580,664,2.9186,63,165
3581,917,4.0801,65,760
3582,386,1.8152,50,324
3583,388,1.8439,53,306
3584,288,1.2224,46,45
3585,458,1.9741,51,63
3586,78,0.3828,58,57
3587,191,0.7826,50,136
3588,1248,6.3728,52,514
3589,238,1.2282,62,214
3590,1009,4.8402,54,671
3591,479,2.0603,55,136
3592,315,1.3514,47,157
3593,1672,8.5416,64,708
3594,1023,4.9847,52,883
3595,1196,5.7358,85,1189
3596,526,2.6999,51,131
3597,414,1.8184,49,95
3598,499,2.36,45,142
3599,744,3.2281,57,509
3600,718,3.2528,73,575
3601,543,2.3998,53,310
3602,572,2.5325,59,477
3603,2220,11.7266,62,1489
3604,487,2.2972,47,414
3605,837,3.8336,48,743
3606,270,1.4135,38,230
3607,80,0.3231,46,41
3608,150,0.638,51,100
3609,538,2.4182,47,80
3610,512,2.5089,53,266
3611,457,1.9877,63,111
3612,187,0.7707,55,119
3613,163,0.6732,49,150
3614,978,4.659,77,727
3615,737,3.6415,61,128
3616,395,1.8845,47,251
3617,465,2.0204,49,102
3618,545,2.556,53,325
3619,425,1.8112,48,111
3620,1832,9.4816,77,1789
3621,222,0.9984,69,33
3622,353,1.5413,57,104
3623,850,3.9185,64,101
3624,194,0.8196,56,49
3625,183,0.7458,46,133
3626,559,2.5621,52,532
3627,986,4.737,57,914
3628,1285,6.4394,65,1206
3629,981,5.425,56,783
3630,445,2.0825,54,103
3631,1127,5.5251,64,745
3632,642,2.7567,54,30
3633,942,4.6465,69,147
3634,3467,18.1665,75,1445
3635,253,1.0759,56,208
3636,253,1.0585,44,147
3637,596,2.6678,64,127
3638,65,0.2574,41,61
3639,189,0.7808,39,66
3640,747,3.304,58,46
3641,789,3.4884,48,521
3642,912,4.5304,49,286
3643,351,1.8142,42,163
3644,160,0.6447,53,141
3645,583,2.6587,52,326
3646,718,3.1257,61,103
3647,984,5.0083,76,114
3648,1210,5.8683,89,355
3649,429,2.0951,58,149
3650,270,1.1172,49,113
3651,722,3.2313,52,423
3652,670,2.9012,66,656
3653,108,0.4532,54,96
3654,1742,8.6683,70,919
3655,671,3.1539,64,616
3656,1519,7.7817,78,697
3657,177,0.7743,41,105
3658,479,2.2709,53,432
3659,612,2.8398,64,114
3660,491,2.3319,56,46
3661,607,2.858,53,548
3662,429,2.1982,53,93
3663,5496,29.059,90,730
3664,656,3.0854,63,512
3665,390,1.6604,62,334
3666,108,0.4436,44,106
3667,1821,9.1487,75,688
3668,766,3.5546,53,478
3669,1301,6.9667,75,1063
3670,109,0.4412,54,83
3671,1134,5.8064,56,750
3672,393,1.7496,51,241
3673,267,1.1414,47,112
3674,71,0.2705,37,46
3675,143,0.6941,46,59
3676,300,1.2719,45,254
3677,2287,11.8568,70,798
3678,288,1.236,60,213
3679,787,3.5681,49,460
3680,845,3.7788,52,651
3681,711,3.7559,46,94
3682,969,4.3651,58,342
3683,56,0.2301,28,54
3684,451,2.114,53,246
3685,272,1.1388,56,183
3686,206,0.9004,43,59
3687,853,3.8742,53,57
3688,918,4.3312,53,463
3689,266,1.1251,53,161
3690,721,3.5721,52,227
3691,820,3.7473,58,689
3692,1141,5.5948,55,87
3693,824,3.8058,63,699
3694,973,6.4355,59,581
3695,880,4.1582,49,699
3696,321,1.3822,47,99
3697,777,3.6624,49,584
3698,1417,7.0671,73,937
3699,118,0.5282,41,107
3700,328,1.393,61,251
3701,174,0.7254,46,151
3702,122,0.4918,39,86
3703,118,0.543,53,66
3704,245,1.0088,55,89
3705,293,1.2031,62,74
3706,65,0.2531,43,54
3707,614,2.8308,76,574
3708,218,0.8981,43,118
3709,251,1.1545,47,188
3710,147,0.606,46,44
3711,976,4.5197,53,183
3712,537,2.727,66,401
3713,199,0.8308,62,126
3714,2263,11.7151,62,400
3715,950,4.8371,62,257
3716,425,2.0176,63,171
3717,118,0.4665,43,111
3718,448,1.8815,60,409
3719,638,2.8115,52,118
3720,420,1.7834,46,273
3721,840,3.8893,62,70
3722,779,3.7073,53,409
3723,369,1.6235,50,356
3724,595,2.6447,50,174
3725,539,2.5069,57,231
3726,668,3.2001,59,486
3727,432,2.0163,64,294
3728,557,2.716,48,499
3729,327,1.4311,55,281
3730,750,3.3691,62,389
3731,718,3.4294,51,230
3732,89,0.3483,35,34
3733,258,1.1078,52,221
3734,618,2.7612,50,190
3735,1076,5.0296,59,1025
3736,1026,4.8103,56,769
3737,634,3.1426,51,224
3738,410,1.7747,52,170
3739,275,1.4428,46,121
3740,501,2.3121,65,319
3741,500,2.3225,56,287
3742,674,3.2715,72,656
3743,1448,7.2655,72,1216
3744,474,2.1789,56,201
3745,992,4.7817,68,326
3746,1150,5.7554,60,128
3747,475,2.1018,51,219
3748,252,1.072,74,139
3749,336,1.4553,47,328
3750,899,4.1216,50,736
3751,564,2.6437,60,231
3752,277,1.2003,41,53
3753,950,4.4922,69,69
3754,3990,21.0437,106,513
3755,487,2.2039,74,236
3756,2083,10.8528,57,937
3757,666,3.3155,49,43
3758,853,4.2841,68,696
3759,557,2.592,73,179
3760,2010,10.1365,72,1272
3761,1089,5.2727,71,297
3762,538,2.4899,65,529
3763,602,2.5515,67,52
3764,47,0.1919,30,40
3765,418,1.8238,46,84
3766,1017,4.7772,71,224
3767,281,1.2038,50,228
3768,98,0.3943,56,83
3769,194,0.8156,39,191
3770,1295,6.3146,66,142
3771,538,2.3223,83,401
3772,850,3.8733,59,754
3773,512,2.2179,57,278
3774,603,2.7019,54,128
3775,138,0.5718,50,118
3776,717,3.6506,75,701
3777,841,4.0251,65,427
3778,197,0.8357,53,102
3779,140,0.7176,46,90
3780,543,2.3171,52,532
3781,85,0.3482,49,26
3782,68,0.2858,40,46
3783,539,2.4383,62,489
3784,1214,5.7186,65,962
3785,557,2.7006,87,212
3786,2931,15.3722,76,102
3787,65,0.2986,34,44
3788,452,1.9852,45,369
3789,2930,15.4137,76,102
3790,3190,16.7486,73,1304
3791,1818,9.5354,61,281
3792,147,0.6084,46,135
3793,1100,5.543,61,155
3794,212,0.8962,59,139
3795,534,2.2868,57,279
3796,2241,11.4351,63,501
3797,67,0.267,38,54
3798,991,4.7864,56,114
3799,541,2.5155,57,536
3800,297,1.2456,48,117
3801,2029,10.1399,72,1290
3802,1035,5.3979,71,297
3803,720,3.4411,73,291
3804,538,2.2584,64,515
3805,214,0.8981,54,55
3806,750,3.2903,71,543
3807,1355,7.136,79,898
3808,751,3.9826,66,555
3809,764,3.5641,51,359
3810,326,1.5261,42,147
3811,1083,5.1112,48,1032
3812,469,2.151,53,418
3813,386,1.775,73,239
3814,405,1.8604,52,197
3815,512,2.4047,49,63
3816,1046,4.8902,71,297
3817,136,0.5875,49,82
3818,993,4.6543,71,297
3819,585,2.7434,64,562
3820,889,4.3017,76,404
3821,1789,9.2508,66,1733
3822,644,2.9369,62,642
3823,416,1.8272,61,394
3824,130,0.5488,36,72
3825,570,2.641,75,554
3826,279,1.3992,45,135
3827,978,5.0757,68,813
3828,250,1.4042,49,113
3829,154,0.6627,68,82
3830,529,2.4584,57,522
3831,1064,5.4227,59,538
3832,1293,7.0001,86,211
3833,1980,10.2753,56,1089
3834,898,4.3591,71,532
3835,46,0.2365,36,34
3836,2737,14.3946,76,102
3837,3580,19.218,63,3128
3838,914,4.6514,82,894
3839,202,0.8394,53,91
3840,63,0.2428,35,24
3841,189,0.9332,39,187
3842,73,0.3266,41,69
3843,1367,6.5775,64,138
3844,447,2.1141,52,141
3845,952,4.5257,71,86
3846,7906,42.0499,85,7227
3847,71,0.2836,36,58
3848,141,0.5979,48,117
3849,571,2.5463,75,555
3850,77,0.3041,42,69
3851,513,2.2268,54,380
3852,618,2.6395,61,523
3853,135,0.5615,38,114
3854,1965,9.9208,56,1089
3855,1323,6.4831,65,1071
3856,1146,5.6059,58,1055
3857,3140,16.6725,76,102
3858,771,4.0691,69,475
3859,90,0.3582,46,70
3860,109,0.4383,44,108
3861,555,2.4581,54,528
3862,2738,14.4742,76,102
3863,604,2.9727,61,385
3864,243,1.0108,46,214
3865,869,3.8374,71,771
3866,219,0.9371,47,40
3867,1560,7.5363,66,878
3868,1845,9.5836,61,281
3869,1265,6.6552,67,387
3870,732,3.3558,73,699
3871,98,0.391,38,62
3872,139,0.5596,50,109
3873,818,3.712,55,725
3874,405,1.7665,73,240
3875,95,0.3801,47,51
3876,230,0.9519,45,222
3877,90,0.3578,42,53
3878,264,1.1111,42,241
3879,729,3.2682,73,300
3880,923,4.1627,62,754
3881,832,3.8837,69,493
3882,62,0.2576,45,59
3883,123,0.4877,54,99
3884,814,3.8801,60,226
3885,957,4.3586,56,114
3886,649,2.9318,76,273
3887,152,0.6195,52,140
3888,782,3.6765,54,131
3889,363,1.5555,49,79
3890,490,2.1558,50,432
3891,2173,11.3515,67,331
3892,573,2.6973,52,262
3893,551,2.5533,50,455
3894,103,0.4523,41,84
3895,1149,5.6592,58,44
3896,926,4.4079,63,312
3897,1542,7.9065,76,273
3898,1345,6.7946,68,693
3899,861,4.1181,72,142
3900,966,4.6708,54,280
3901,459,2.0293,54,52
3902,125,0.6132,50,56
3903,214,0.8975,76,99
3904,1836,9.5048,79,280
3905,686,3.5143,52,262
3906,564,2.4502,73,503
3907,1919,9.8986,57,1192
3908,1548,7.8931,68,1538
3909,1035,4.9381,72,739
3910,135,0.5434,52,88
3911,153,0.6172,45,111
3912,785,3.4961,55,414
3913,130,0.5338,48,123
3914,920,4.4354,63,393
3915,1944,10.0457,63,1631
3916,3735,19.8324,68,859
3917,150,0.6589,44,69
3918,251,1.04,49,109
3919,1570,9.0537,78,923
3920,2075,10.8896,59,1463
3921,809,3.8042,69,470
3922,1497,7.6887,68,1487
3923,188,0.8015,53,104
3924,74,0.3357,35,40
3925,1622,8.2942,87,843
3926,1966,10.257,87,1153
3927,692,3.5711,60,524
3928,1316,6.6379,69,979
3929,181,0.821,43,154
3930,60,0.2432,31,59
3931,846,3.8964,79,802
3932,282,1.1907,52,145
3933,943,4.4524,62,554
3934,1552,7.5921,79,933
3935,569,2.5734,59,217
3936,85,0.4038,37,72
3937,522,2.2986,54,98
3938,2142,11.576,77,199
3939,1159,6.0188,63,785
3940,800,3.6289,69,470
3941,336,1.4354,49,53
3942,1169,5.4242,71,871
3943,474,2.1786,54,52
3944,467,2.1532,49,357
3945,961,4.626,54,871
3946,1121,5.6147,83,187
3947,117,0.5296,54,61
3948,318,1.3222,63,143
3949,2793,14.5426,87,1153
3950,123,0.505,49,80
3951,1937,10.5624,57,1169
3952,1656,8.8314,87,843
3953,480,2.3437,59,192
3954,870,4.1707,58,164
3955,57,0.2722,42,44
3956,1035,4.8477,59,496
3957,99,0.3901,47,60
3958,1286,6.2956,64,281
3959,1052,5.0442,54,889
3960,1418,7.3048,69,1112
3961,4744,25.1749,65,1280
3962,1276,6.3256,65,959
3963,1384,7.1883,72,1155
3964,974,4.7332,54,884
3965,1950,10.3816,63,1637
3966,115,0.4659,50,39
3967,107,0.4424,37,74
3968,374,1.6175,73,371
3969,854,4.1221,58,737
3970,315,1.5679,60,137
3971,2019,10.4124,70,408
3972,136,0.5679,42,78
3973,715,3.1845,68,209
3974,2461,12.9701,79,1916
3975,728,3.5193,50,54
3976,534,2.3417,72,305
3977,512,2.2862,54,262
3978,1152,5.3441,69,979
3979,2555,13.7085,68,555
3980,554,2.8742,57,158
3981,509,2.215,42,396
3982,1226,5.7264,65,974
3983,983,4.7784,78,923
3984,732,3.3548,70,533
3985,1897,9.9923,77,1598
3986,138,0.5581,53,40
3987,944,4.3903,60,639
3988,479,2.4431,54,52
3989,463,1.953,49,357
3990,70,0.2912,38,47
3991,58,0.2384,31,51
3992,943,4.3783,83,158
3993,783,3.7284,53,447
3994,606,2.6589,62,169
3995,1410,6.8865,74,1363
3996,582,2.5816,50,486
3997,129,0.5215,50,127
3998,2520,13.2009,74,726
3999,547,2.4242,46,423
4000,710,3.258,73,281
4001,1632,8.14,87,843
4002,54,0.2149,33,46
4003,2799,14.5977,87,1153
4004,2516,13.1547,68,555
4005,878,4.4856,64,646
4006,126,0.5351,61,49
4007,990,4.9454,76,644
4008,209,0.8764,45,64
4009,521,2.4177,55,315
4010,568,2.5693,73,45
4011,597,2.5894,60,563
4012,3030,15.9476,65,1257
4013,2455,13.1336,67,1136
4014,912,4.4922,63,385
4015,800,4.1704,54,168
4016,1504,7.4673,87,881
4017,155,0.6506,41,66
4018,1009,5.0039,60,724
4019,187,0.809,50,166
4020,387,1.6202,46,136
4021,366,1.7405,52,100
4022,1675,8.6155,79,280
4023,97,0.5127,53,76
4024,2036,10.9089,64,1992
4025,865,4.3122,71,567
4026,205,0.8714,58,62
4027,2036,10.5423,64,1992
4028,1502,7.8752,76,273
4029,2020,10.74,64,1976
4030,890,4.4095,70,365
4031,361,1.8161,73,358
4032,2037,10.6772,64,1993
4033,122,0.5094,49,65
4034,268,1.1908,51,139
4035,104,0.4236,47,97
4036,1181,5.8272,68,529
4037,450,1.9511,57,313
4038,1301,6.335,65,1050
4039,1644,8.6036,63,229
4040,781,3.7321,54,131
4041,5131,27.5052,63,3624
4042,486,2.4294,54,52
4043,143,0.6003,44,113
4044,571,2.7732,62,561
4045,2307,12.3253,79,1916
4046,1261,6.6954,79,804
4047,972,4.71,83,187
4048,309,1.4264,53,254
4049,95,0.3837,50,93
4050,188,0.7802,38,129
4051,1782,9.2227,56,1398
4052,708,3.3882,55,507
4053,674,2.9654,52,262
4054,138,0.5674,44,96
4055,623,2.9179,60,589
4056,544,2.7236,46,67
4057,2459,12.7567,85,728
4058,942,5.0259,64,219
4059,2762,14.5099,68,79
4060,1872,9.8916,57,1169
4061,1857,9.4026,73,1305
4062,1554,7.8845,69,1248
4063,899,4.299,85,293
4064,154,0.6419,57,152
4065,96,0.396,54,77
4066,3579,18.8023,63,3128
4067,280,1.2056,46,252
4068,122,0.4958,65,82
4069,1121,5.808,69,784
4070,525,2.5068,52,315
4071,324,1.3575,56,78
4072,115,0.4796,37,101
4073,600,2.9145,58,257
4074,2396,12.5514,82,1553
4075,162,0.6709,46,141
4076,2021,10.3742,64,1977
4077,1134,5.5585,72,905
4078,215,0.9616,59,184
4079,736,3.2383,59,366
4080,2020,10.2805,64,1976
4081,982,4.8221,78,923
4082,165,0.6916,46,148
4083,2017,10.8323,64,1973
4084,501,2.3523,51,53
4085,2083,10.8793,59,1463
4086,2797,14.8805,73,1445
4087,4733,25.0932,65,1280
4088,756,4.1522,53,251
4089,445,2.0767,60,416
4090,413,1.7986,66,277
4091,5116,27.0943,63,3602
4092,1499,7.5706,68,734
4093,4101,21.7222,63,4061
4094,5135,27.3359,63,3620
4095,1915,10.6067,63,1603
0,775,3.6709,58,208
1,89,0.3536,37,84
2,2719,14.1761,67,2022
3,1867,9.5448,57,1776
4,966,4.7054,61,923
5,781,3.7849,67,151
6,344,1.493,47,56
7,835,4.1133,58,88
8,2037,10.5384,74,1691
9,401,1.9352,57,258
10,2177,11.2822,245,577
11,447,2.0807,62,239
12,669,2.9371,55,572
13,280,1.1833,46,252
14,1877,10.1138,61,1696
15,524,2.4242,48,214
16,286,1.2913,49,213
17,341,1.457,50,340
18,397,1.7072,57,245
19,636,3.0449,49,172
20,1300,6.6263,69,1249
21,3322,17.6383,63,1433
22,466,2.2949,51,446
23,1156,5.652,74,817
24,635,3.0331,60,192
25,1698,8.9875,63,283
26,1242,6.132,63,1003
27,1482,7.6661,64,1439
28,520,2.4728,59,426
29,1191,5.8847,68,158
30,41,0.1644,22,38
31,1135,5.3347,64,284
32,1351,6.6552,71,693
33,157,0.6988,50,91
34,460,1.9574,49,83
35,487,2.0954,46,71
36,546,2.7981,52,336
37,2347,12.2626,71,1833
38,352,1.6492,54,71
39,1978,10.2179,59,357
40,164,0.6878,39,136
41,653,3.1804,57,234
42,951,4.5984,58,394
43,884,4.0467,63,865
44,218,0.9367,46,113
45,1243,5.966,79,277
46,1577,8.142,70,1108
47,1229,6.4119,60,485
48,148,0.6519,41,84
49,607,2.7613,48,250
50,2195,11.185,63,397
51,379,1.6745,46,215
52,175,0.7437,50,138
53,996,4.6422,69,452
54,1449,7.2271,69,91
55,747,3.8564,59,231
56,360,1.5206,49,126
57,544,2.3388,55,43
58,626,2.9038,55,82
59,1671,10.1789,66,1163
60,1008,5.0078,59,78
61,1631,8.4351,74,926
62,1337,6.7184,60,1075
63,1723,8.6159,56,1612
64,216,0.9636,58,130
65,500,2.2788,57,320
66,911,4.5904,68,904
67,356,1.5172,44,174
68,145,0.5945,50,126
69,77,0.3932,41,69
70,41,0.1986,40,40
71,41,0.1566,35,39
72,610,3.0718,61,295
73,541,2.5336,52,517
74,913,4.2282,55,235
75,2600,13.6053,75,1476
76,267,1.1379,60,189
77,253,1.1124,52,213
78,1470,7.3022,69,286
79,651,3.027,44,402
80,526,2.3306,57,301
81,694,3.182,67,409
82,12,0.056,17,11
83,33,0.1233,33,30
84,529,2.5638,53,384
85,659,2.9202,64,314
86,2024,10.2327,62,92
87,88,0.3663,37,85
88,4219,22.4538,69,3564
89,460,2.0534,52,119
90,144,0.5825,42,110
91,617,2.6469,75,326
92,145,0.608,49,62
93,1896,9.5141,57,1169
94,643,2.9861,52,113
95,256,1.0577,61,218
96,1584,7.8775,74,494
97,638,3.041,77,296
98,1654,8.4428,80,133
99,723,3.6484,69,353
100,1070,5.0812,54,489
101,159,0.6612,44,54
102,1032,4.7524,61,668
103,391,1.7861,79,386
104,887,4.0913,58,426
105,155,0.7789,47,70
106,1694,8.4124,65,812
107,835,3.9369,61,305
108,556,2.7082,53,130
109,130,0.5142,55,75
110,1040,4.9724,56,641
111,352,1.5967,53,73
112,823,4.1031,69,493
113,179,0.7269,49,88
114,1577,7.958,97,376
115,62,0.2557,39,60
116,30,0.1189,22,29
117,29,0.1177,30,22
118,12,0.0543,14,11
119,12,0.0488,14,11
120,620,2.7872,68,127
121,164,0.6626,63,141
122,132,0.5174,59,119
123,186,0.8363,55,121
124,186,0.7652,55,121
125,152,0.6353,40,141
126,152,0.6846,40,141
127,254,1.0638,53,67
128,254,1.0965,53,67
129,254,1.0511,53,67
130,266,1.1054,53,189
131,266,1.0987,53,189
132,64,0.2595,30,62
133,64,0.2468,30,62
134,105,0.4354,41,51
135,105,0.4216,41,51
136,106,0.4253,50,71
137,106,0.4704,50,71
138,137,0.551,47,64
139,137,0.5428,47,64
140,258,1.0648,52,133
141,258,1.0433,52,133
142,378,1.5899,62,127
143,368,1.7139,53,263
144,1877,9.5593,69,497
145,557,2.591,45,312
146,288,1.2305,56,104
147,1602,8.0475,76,290
148,948,4.4971,54,646
149,549,2.4234,65,212
150,741,3.2486,56,664
151,110,0.4382,43,87
152,12346,66.5126,69,9422
153,178,0.7623,44,129
154,741,3.566,57,91
155,2552,13.918,61,657
156,3124,16.4872,60,3090
157,1913,9.9617,70,921
158,2861,15.4134,85,172
159,474,2.4216,59,324
160,1716,8.7803,59,536
161,2180,11.8664,65,1982
162,353,1.7113,61,106
163,2463,12.6776,68,1575
164,458,2.0797,60,427
165,249,1.0453,39,81
166,406,1.8872,53,267
167,366,1.5502,57,85
168,298,1.2622,43,130
169,370,1.597,62,132
170,575,2.4831,51,509
171,324,1.3618,48,66
172,828,3.6903,62,116
173,542,2.3366,57,390
174,327,1.3997,44,165
175,154,0.6612,45,145
176,477,2.2391,60,61
177,574,2.4621,44,571
178,3098,16.3177,65,470
179,643,3.0016,62,570
180,298,1.2811,59,296
181,893,3.9525,58,888
182,454,1.9745,55,82
183,52,0.2057,34,48
184,417,1.7668,54,317
185,925,4.3843,58,247
186,64,0.3166,31,62
187,1202,5.9564,67,95
188,399,1.7029,65,349
189,417,1.7848,55,357
190,579,2.5608,61,345
191,205,0.8458,56,86
192,1048,4.9746,64,459
193,214,0.8893,40,125
194,209,0.8895,46,63
195,399,1.9496,48,90
196,858,3.865,73,423
197,885,4.0032,64,397
198,332,1.4182,52,179
199,510,2.2085,62,277
200,256,1.068,43,41
201,271,1.149,51,250
202,494,2.259,54,158
203,719,3.2816,54,238
204,406,1.7336,53,354
205,2060,10.9433,70,1282
206,319,1.3985,45,93
207,509,2.3542,55,507
208,276,1.3743,52,82
209,258,1.175,44,52
210,1116,5.6963,58,135
211,502,2.6972,54,457
212,152,0.7939,45,143
213,590,2.5335,70,341
214,477,2.0172,48,476
215,962,4.4922,65,793
216,463,2.2124,53,161
217,724,3.534,58,53
218,508,2.3705,57,454
219,497,2.2157,43,33
220,1193,5.7484,63,638
221,398,1.9944,50,265
222,488,2.3002,66,146
223,290,1.2548,57,54
224,1103,5.6168,51,80
225,93,0.3759,43,51
226,245,1.0509,50,194
227,613,2.8967,54,539
228,504,2.2945,51,95
229,440,1.8775,53,67
230,395,1.6751,42,103
231,235,1.0898,49,55
232,121,0.4955,44,70
233,82,0.3303,46,79
234,26,0.1105,23,20
235,116,0.4779,47,112
236,253,1.0475,63,83
237,48,0.1898,36,44
238,488,2.1698,67,248
239,410,1.724,62,325
240,219,0.925,47,46
241,477,2.0728,43,152
242,461,2.1334,50,112
243,2732,14.247,72,342
244,738,3.3878,59,587
245,536,2.3349,46,359
246,1303,6.1696,69,1237
247,366,1.7395,52,278
248,427,2.0265,49,354
249,439,1.8366,49,298
250,473,2.2194,48,75
251,947,4.4788,74,206
252,513,2.4653,58,343
253,177,0.7592,44,90
254,414,1.7431,57,251
255,1028,4.8663,71,912
256,532,2.3566,59,175
257,367,1.6711,50,363
258,534,2.4948,60,153
259,915,4.6043,54,83
260,154,0.8935,47,51
261,441,2.2015,60,399
262,193,0.7956,51,84
263,785,3.5401,62,64
264,461,2.1671,45,370
265,322,1.5507,56,163
266,208,0.8648,40,201
267,213,0.9239,48,73
268,444,2.0618,55,432
269,261,1.0909,54,87
270,317,1.3263,52,245
271,983,4.8974,61,52
272,238,1.012,51,192
273,867,3.8737,67,69
274,510,2.1959,53,137
275,84,0.3286,47,50
276,308,1.2641,50,103
277,371,1.6763,54,241
278,543,2.732,49,225
279,1572,7.9252,67,216
280,46,0.1841,38,36
281,589,2.6694,70,447
282,425,1.799,56,258
283,257,1.0705,56,90
284,362,1.6105,43,161
285,341,1.4682,47,328
286,88,0.4142,52,87
287,436,1.8678,47,400
288,582,2.5556,71,123
289,602,2.6014,63,305
290,339,1.4811,49,317
291,393,1.7158,67,85
292,1098,5.1557,68,388
293,485,2.2733,60,140
294,969,5.1217,54,283
295,876,4.3733,49,708
296,103,0.4303,55,54
297,223,0.9345,42,106
298,1810,9.2577,75,459
299,90,0.379,39,77
300,220,0.9087,47,19
301,187,0.7951,53,79
302,420,1.8035,46,221
303,636,2.8038,44,275
304,770,3.3406,51,303
305,515,2.2469,52,94
306,1983,10.7782,70,1682
307,100,0.4053,43,41
308,157,0.6554,55,55
309,219,0.9058,56,156
310,139,0.6017,50,105
311,71,0.2829,38,64
312,2225,11.5441,59,2092
313,97,0.3818,48,95
314,307,1.3392,47,236
315,566,2.8704,60,359
316,257,1.0848,46,33
317,512,2.4663,48,237
318,229,0.9803,44,113
319,263,1.1417,43,207
320,1621,8.1123,80,1124
321,553,2.772,57,95
322,225,1.0965,46,69
323,1354,6.8943,58,100
324,257,1.0974,42,88
325,124,0.5868,48,56
326,137,0.5591,45,64
327,175,0.7233,52,86
328,187,0.7703,37,184
329,209,0.8754,50,64
330,214,0.8834,41,33
331,377,1.6404,39,144
332,377,1.6119,45,376
333,643,2.9301,49,641
334,718,3.5267,54,703
335,379,1.5928,63,240
336,411,1.7432,57,202
337,553,2.3374,66,411
338,131,0.5642,47,55
339,308,1.2829,58,121
340,75,0.3011,41,74
341,76,0.3032,47,75
342,440,1.8794,50,203
343,443,2.2236,54,46
344,342,1.4952,43,341
345,1888,9.5829,59,167
346,658,3.4102,74,380
347,41,0.1554,46,40
348,135,0.5373,51,87
349,193,0.8559,48,57
350,1427,7.0054,61,1355
351,106,0.4265,36,53
352,522,2.4244,59,454
353,257,1.0866,52,61
354,384,1.6755,57,230
355,511,2.3212,68,138
356,436,1.8532,51,241
357,759,3.4169,73,697
358,680,3.1177,61,301
359,207,0.8428,61,137
360,463,2.1413,56,267
361,114,0.4922,42,46
362,577,2.4954,61,94
363,263,1.116,48,118
364,56,0.2332,63,53
365,1963,10.127,58,1599
366,698,3.6419,59,532
367,446,1.9893,66,296
368,2225,11.6123,57,2018
369,374,1.8226,54,221
370,614,2.6647,61,231
371,377,1.6444,51,90
372,451,2.1012,55,357
373,450,2.0294,55,357
374,451,2.3464,55,357
375,463,2.0969,64,368
376,421,1.9035,43,389
377,156,0.7121,42,76
378,340,1.4056,51,196
379,650,2.9255,67,173
380,285,1.2982,50,103
381,307,1.4255,69,52
382,173,0.7247,51,79
383,116,0.4667,51,48
384,174,0.7157,59,101
385,127,0.5048,42,115
386,113,0.4557,50,72
387,113,0.4431,51,50
388,578,2.5621,70,220
389,568,2.6866,75,225
390,575,2.7939,80,219
391,2704,14.1589,81,2198
392,503,2.4199,63,501
393,333,1.4228,53,256
394,333,1.4283,53,256
395,587,2.5666,82,140
396,1225,5.7665,70,768
397,434,1.8962,58,146
398,357,1.6871,48,165
399,531,2.344,52,503
400,722,3.4183,51,598
401,164,0.7971,56,137
402,589,2.6024,66,161
403,362,1.6497,49,75
404,366,1.5555,69,286
405,391,1.7589,57,111
406,382,1.6465,52,216
407,1162,5.4846,57,561
408,1780,9.1261,68,852
409,495,2.4006,59,460
410,846,4.1035,55,516
411,545,2.4664,52,63
412,57,0.3106,42,28
413,337,1.4419,45,109
414,236,0.9834,41,234
415,379,1.6529,51,52
416,1177,5.5707,52,1106
417,656,3.1422,59,466
418,113,0.4637,47,88
419,787,3.7989,78,301
420,185,0.7886,40,54
421,190,0.8098,48,115
422,464,1.9854,46,141
423,247,1.0665,43,230
424,455,1.9228,46,452
425,154,0.6289,41,50
426,623,2.6881,59,613
427,1098,5.1834,54,935
428,942,4.4527,64,219
429,142,0.6842,48,84
430,142,0.5756,44,72
431,662,3.1112,57,294
432,418,2.0398,73,306
433,495,2.0792,73,272
434,428,1.8085,50,192
435,450,2.1057,62,295
436,428,1.82,74,171
437,494,2.1543,58,195
438,354,1.4987,60,254
439,253,1.0619,58,122
440,402,1.7235,59,330
441,2145,11.1406,82,2136
442,568,2.7472,65,453
443,285,1.2047,59,130
444,469,2.0168,75,382
445,258,1.0865,56,190
446,487,2.0505,58,147
447,576,2.3956,57,219
448,542,2.4468,57,254
449,91,0.3677,36,49
450,764,3.5174,35,72
451,88,0.3466,40,48
452,419,1.793,76,298
453,2147,11.0001,69,922
454,834,4.1213,66,683
455,202,0.9004,51,81
456,346,1.4631,61,131
457,688,3.2213,54,269
458,636,3.0763,80,368
459,2176,11.4129,79,769
460,351,1.7307,53,77
461,265,1.1538,45,41
462,91,0.3812,45,54
463,1336,6.7626,60,183
464,489,2.2552,46,180
465,854,3.9385,65,523
466,348,1.6052,51,213
467,491,2.1153,57,144
468,653,2.8292,53,448
469,1502,7.3141,65,1424
470,430,1.9567,62,380
471,141,0.5663,43,94
472,377,1.7215,45,376
473,377,1.7717,39,144
474,1789,9.2373,63,930
475,634,2.8793,54,172
476,652,3.2062,47,644
477,740,3.4479,66,346
478,711,3.3907,67,163
479,142,0.5751,46,50
480,283,1.2091,58,153
481,429,1.9402,48,235
482,884,4.2059,71,494
483,847,4.1008,64,577
484,198,0.8251,84,117
485,315,1.3609,56,202
486,1092,5.2562,64,914
487,44,0.1807,34,21
488,817,4.4863,50,759
489,790,3.8084,50,732
490,773,4.0125,51,595
491,1316,6.6928,55,465
492,1397,7.1372,55,352
493,1071,5.2147,68,1039
494,964,4.8178,80,880
495,354,1.5322,52,265
496,183,0.754,52,87
497,676,3.0686,49,71
498,558,2.5932,47,53
499,525,2.3949,49,203
500,280,1.2319,52,279
501,303,1.4148,58,213
502,1334,7.1594,65,82
503,115,0.4681,45,59
504,648,3.2318,63,466
505,1413,6.8772,74,445
506,845,3.9305,50,843
507,153,0.6274,43,106
508,179,0.7608,41,163
509,187,0.7659,53,180
510,180,0.7913,44,135
511,1096,5.3551,74,545
512,169,0.6894,45,53
513,605,2.8145,67,124
514,2555,13.714,65,2063
515,2416,12.7922,56,650
516,464,2.1795,78,97
517,543,2.3132,57,178
518,1266,6.2748,59,388
519,393,1.7035,56,131
520,1042,5.0491,50,166
521,701,3.3852,58,312
522,740,3.6034,52,390
523,364,1.567,54,219
524,2039,10.653,71,1818
525,338,1.6987,60,170
526,1047,5.1025,69,253
527,600,2.6731,72,302
528,185,0.7595,44,181
529,185,0.7525,48,108
530,888,4.0562,72,400
531,511,2.2188,68,59
532,921,4.1486,62,482
533,492,2.1326,52,327
534,64,0.2528,43,48
535,501,2.2451,54,71
536,1640,8.106,58,760
537,509,2.387,61,435
538,1000,4.6737,65,528
539,1448,7.1327,68,1110
540,157,0.669,44,91
541,334,1.465,49,312
542,374,1.5961,63,128
543,365,2.3068,46,154
544,238,1.0139,47,98
545,870,4.1549,62,243
546,353,1.5291,38,350
547,428,1.935,69,91
548,731,3.3964,73,302
549,544,2.7782,62,138
550,747,3.3092,62,613
551,355,1.6579,46,336
552,806,3.7023,93,557
553,53,0.2222,40,52
554,557,2.4885,62,77
555,783,3.863,50,777
556,1463,7.3374,58,122
557,2030,10.379,53,1373
558,377,1.7714,49,114
559,216,0.91,52,209
560,355,1.6037,44,90
561,584,2.5958,68,193
562,484,2.0901,58,169
563,449,2.0336,65,335
564,273,1.1498,47,93
565,976,4.57,52,92
566,453,2.0224,52,244
567,507,2.2933,49,381
568,577,2.8525,52,370
569,1200,5.9014,62,1017
570,1356,6.7931,62,1173
571,132,0.559,44,90
572,183,0.7667,50,101
573,644,3.2165,62,642
574,703,3.1655,53,43
575,261,1.2665,38,245
576,986,4.7171,67,817
577,572,2.9376,55,435
578,499,2.297,56,381
579,265,1.1331,46,83
580,925,4.3184,46,77
581,129,0.5553,35,72
582,453,2.0328,52,374
583,667,3.3015,53,486
584,1326,6.8933,60,192
585,545,2.5289,49,135
586,1405,6.8437,56,705
587,1209,5.9317,67,893
588,951,4.7302,67,893
589,1591,8.0577,69,1321
590,626,2.8167,52,139
591,290,1.2146,61,96
592,515,2.5759,60,459
593,223,1.042,62,80
594,580,2.8477,55,158
595,924,4.4571,60,668
596,511,2.5926,62,107
597,505,2.1701,61,477
598,498,2.127,60,148
599,153,0.6199,63,71
600,3414,17.9431,80,1816
601,200,0.9446,45,138
602,1287,6.3209,64,478
603,582,2.6247,57,303
604,844,4.1218,64,821
605,313,1.4138,54,215
606,118,0.4894,47,62
607,447,1.9637,46,132
608,573,2.8887,56,468
609,175,0.7798,32,130
610,97,0.4114,42,46
611,379,1.6829,57,333
612,265,1.0767,64,95
613,402,1.9944,49,124
614,720,3.355,60,66
615,1276,6.1604,58,1110
616,355,1.6317,62,99
617,398,1.6713,61,394
618,1398,6.9034,61,919
619,318,1.5259,52,83
620,437,1.86,53,203
621,648,2.764,51,265
622,328,1.4215,83,242
623,1130,5.4893,51,523
624,830,3.9435,71,440
625,509,2.2265,53,93
626,1251,6.0346,67,551
627,354,1.5612,68,161
628,511,2.2382,45,37
629,314,1.3064,58,115
630,425,1.8274,60,155
631,1303,6.2232,73,434
632,136,0.7234,44,61
633,141,0.6351,49,126
634,356,1.7042,55,172
635,380,1.7866,47,206
636,356,1.521,49,337
637,386,1.6264,56,226
638,511,2.2148,55,268
639,210,0.8759,39,57
640,531,2.3146,58,225
641,400,1.7125,47,124
642,370,1.5759,59,112
643,701,3.0931,62,59
644,1384,6.7809,72,1155
645,480,2.1918,53,252
646,3727,19.9158,73,70
647,565,2.6999,74,117
648,635,2.9616,57,465
649,315,1.4281,75,52
650,1595,8.4013,98,1017
651,800,4.1341,58,537
652,475,2.2355,75,51
653,756,3.6453,69,386
654,58,0.2445,39,46
655,143,0.5812,48,87
656,298,1.522,51,80
657,356,1.4999,70,102
658,955,4.4673,78,338
659,602,2.843,61,466
660,1326,6.4402,79,1187
661,325,1.44,51,52
662,322,1.3781,46,208
663,195,0.7911,47,177
664,91,0.3646,47,90
665,1021,5.0042,53,164
666,417,2.0371,67,307
667,443,1.9983,59,440
668,250,1.0532,58,78
669,660,2.9703,73,72
670,724,3.5982,68,291
671,383,1.7984,56,89
672,543,2.4847,76,163
673,463,2.0267,60,318
674,692,3.2452,61,355
675,511,2.1898,59,351
676,897,4.2729,57,83
677,333,1.4364,79,103
678,991,4.801,53,533
679,139,0.5867,38,108
680,112,0.4441,46,104
681,200,0.8271,50,147
682,550,2.4188,74,272
683,460,1.9622,48,459
684,1186,5.5458,60,1086
685,476,2.1258,53,152
686,160,0.6659,53,117
687,84,0.3503,45,76
688,84,0.3332,49,54
689,298,1.2597,45,220
690,315,1.3885,47,306
691,354,1.5033,45,207
692,697,2.9874,75,346
693,806,3.6531,64,515
694,847,4.2921,63,98
695,310,1.3631,48,296
696,371,1.5108,64,175
697,426,2.0339,60,418
698,127,0.5177,40,109
699,569,2.6142,78,76
700,393,1.6946,58,91
701,108,0.4595,56,70
702,1505,7.7696,61,750
703,277,1.2758,41,53
704,397,1.6923,48,339
705,107,0.4784,55,58
706,1294,6.1822,64,1219
707,228,0.9642,52,192
708,268,1.1445,42,189
709,697,3.0113,61,305
710,607,2.6975,77,418
711,152,0.6112,52,140
712,458,2.0335,52,41
713,607,2.9276,58,410
714,1027,5.0696,67,216
715,181,0.7676,53,111
716,495,2.1304,45,491
717,520,2.3626,49,475
718,1138,5.3869,50,1132
719,548,2.4247,56,547
720,1369,6.7967,76,1142
721,221,1.0432,43,58
722,1639,8.4322,60,355
723,1319,6.7505,71,585
724,350,1.7326,50,325
725,1068,5.3582,62,543
726,402,1.7977,62,303
727,1534,7.7716,85,269
728,2516,13.3554,65,967
729,127,0.5448,35,89
730,148,0.5938,45,103
731,465,2.2425,55,75
732,471,2.1046,54,307
733,766,3.4387,59,616
734,1003,4.8655,70,271
735,1270,6.3936,75,938
736,391,1.6929,66,127
737,1489,7.2943,64,1202
738,173,0.7215,78,54
739,339,1.5756,64,73
740,341,1.4558,44,122
741,1597,7.9959,61,35
742,377,1.6529,88,329
743,688,3.152,57,110
744,456,1.8814,48,353
745,1595,8.1697,68,827
746,878,4.3185,59,805
747,363,1.5897,55,337
748,123,0.5785,53,98
749,189,0.9646,48,73
750,160,0.6731,57,69
751,680,2.9818,64,354
752,595,2.8691,70,581
753,1055,4.8852,74,598
754,3006,15.726,69,713
755,835,3.9079,66,499
756,618,3.0091,60,85
757,353,1.4825,53,184
758,1005,4.5995,62,377
759,297,1.3221,49,237
760,1715,8.9665,63,1242
761,533,2.4922,72,443
762,316,1.4035,45,256
763,249,1.0778,41,92
764,249,1.0318,48,242
765,846,4.2081,77,767
766,407,1.772,65,271
767,755,3.3987,60,328
768,591,2.8685,69,583
769,248,1.0674,39,194
770,142,0.5707,48,78
771,1704,8.7053,79,280
772,470,2.2851,53,152
773,467,2.1699,73,232
774,1679,8.4976,50,538
775,443,1.9175,64,413
776,517,2.1861,63,376
777,491,2.1012,61,159
778,519,2.1667,60,128
779,476,2.2231,75,204
780,347,1.5379,48,273
781,642,2.8947,53,150
782,657,3.1202,53,54
783,687,3.0006,52,503
784,2839,15.2892,62,2598
785,441,1.9568,59,183
786,973,4.8368,72,72
787,1102,5.2414,57,656
788,1680,8.53,63,912
789,505,2.2168,65,445
790,520,2.3123,71,63
791,971,4.5961,61,169
792,268,1.4121,48,39
793,783,3.8012,67,478
794,602,3.2234,65,151
795,499,2.3553,59,411
796,488,2.0813,63,206
797,491,2.1563,49,372
798,935,4.3151,57,386
799,509,2.2424,93,415
800,373,1.6111,53,119
801,272,1.1487,48,117
802,323,1.3535,57,77
803,452,1.923,67,139
804,253,1.0543,41,187
805,369,1.5902,47,47
806,419,1.856,56,312
807,406,1.7067,51,49
808,214,0.9462,49,71
809,701,3.1252,50,380
810,715,3.1237,64,245
811,2249,11.872,73,1796
812,373,1.8561,59,326
813,1028,4.8698,83,500
814,513,2.4688,46,511
815,507,2.4442,54,473
816,1027,5.1991,71,825
817,5148,27.408,62,189
818,879,4.2495,67,220
819,874,3.8991,68,825
820,1062,5.4482,62,92
821,254,1.2201,58,67
822,257,1.1066,50,188
823,228,0.9756,47,165
824,152,0.624,58,129
825,918,4.2094,49,663
826,553,2.6798,48,303
827,880,3.9968,52,846
828,641,2.8269,64,150
829,1355,6.7681,61,1193
830,2132,11.1518,56,1503
831,183,0.7777,57,68
832,987,4.7918,58,194
833,1602,7.9963,72,1056
834,1302,7.7863,62,1128
835,995,4.7553,50,890
836,1991,10.5081,57,1961
837,592,2.7067,44,369
838,270,1.2509,53,92
839,93,0.3765,45,36
840,65,0.2585,52,39
841,204,0.8473,52,97
842,500,2.1951,53,64
843,265,1.1179,49,115
844,130,0.5414,48,123
845,213,0.8657,56,209
846,141,0.5806,54,88
847,141,0.6202,41,86
848,143,0.5776,45,93
849,173,0.7396,41,110
850,188,0.8026,51,180
851,4640,24.5353,55,2748
852,71,0.2859,36,66
853,271,1.145,56,96
854,157,0.7288,42,153
855,602,2.7706,55,368
856,309,1.3417,54,81
857,449,1.9114,56,365
858,548,2.6485,71,388
859,610,2.8126,54,419
860,1590,8.0908,64,150
861,1366,6.6554,73,142
862,113,0.4873,56,70
863,147,0.5877,62,133
864,58,0.2362,36,31
865,235,0.9938,44,126
866,236,0.9593,49,92
867,409,1.9738,56,152
868,377,1.7617,54,303
869,662,3.2835,48,201
870,175,0.7439,42,98
871,377,1.7734,55,308
872,540,2.5883,64,115
873,670,3.0385,63,431
874,785,3.66,68,355
875,549,2.4672,65,425
876,354,1.5405,53,216
877,541,2.4011,68,442
878,193,0.8022,53,68
879,192,0.809,43,68
880,304,1.248,72,270
881,731,3.5692,61,463
882,391,1.7227,59,168
883,540,2.6301,73,105
884,1107,5.2103,66,281
885,395,1.9403,49,234
886,394,1.7369,46,82
887,385,1.8539,56,82
888,181,0.7571,46,124
889,176,0.7197,46,131
890,262,1.0894,47,181
891,250,1.0593,52,46
892,311,1.357,53,149
893,551,2.5764,62,388
894,717,3.3515,73,46
895,150,0.6884,56,51
896,178,0.7297,46,89
897,153,0.6334,53,133
898,219,0.8907,44,64
899,342,1.5814,53,340
900,313,1.3199,51,129
901,482,2.069,47,158
902,512,2.234,54,262
903,385,1.6433,56,68
904,278,1.1585,46,276
905,71,0.2866,44,49
906,456,2.1563,65,249
907,761,3.364,53,41
908,362,1.7376,49,327
909,458,1.9627,53,150
910,263,1.1081,53,204
911,263,1.106,57,235
912,281,1.2759,49,77
913,87,0.3988,33,29
914,814,3.6609,60,226
915,892,4.363,63,211
916,550,2.4222,63,211
917,1380,6.7261,79,1256
918,296,1.3802,68,162
919,191,0.8082,66,184
920,598,2.7797,68,270
921,175,0.8065,42,174
922,1407,6.9396,52,1014
923,1260,6.1678,57,319
924,918,4.4416,49,172
925,217,0.9334,67,145
926,965,4.6131,58,525
927,863,4.0817,75,100
928,149,0.6276,36,101
929,667,3.1113,51,67
930,225,0.9621,50,104
931,400,1.7694,57,99
932,377,1.5827,56,311
933,399,1.7899,54,362
934,377,1.7596,46,138
935,636,2.9221,57,168
936,579,2.5424,67,505
937,185,0.7695,48,58
938,272,1.137,46,74
939,380,1.7801,51,330
940,746,3.6213,50,429
941,509,2.2458,59,196
942,1067,5.219,62,1041
943,785,3.9374,57,448
944,922,4.4573,60,893
945,108,0.4797,40,80
946,155,0.6321,41,66
947,156,0.6382,42,105
948,156,0.6309,48,105
949,437,1.8778,84,283
950,193,0.7969,58,138
951,131,0.534,49,101
952,141,0.5858,41,106
953,109,0.4371,42,70
954,1164,5.7215,68,1156
955,171,0.7483,52,120
956,623,2.8814,60,589
957,328,1.3922,57,213
958,331,1.467,56,155
959,193,0.9234,53,68
960,202,0.8365,49,197
961,118,0.5028,53,49
962,813,3.9365,56,544
963,394,1.6825,56,78
964,194,0.8021,54,119
965,325,1.3752,47,116
966,260,1.0847,56,67
967,440,1.8104,54,158
968,615,2.6645,55,432
969,277,1.2164,49,207
970,214,0.879,50,97
971,545,2.3892,48,318
972,327,1.4152,58,113
973,1092,5.1376,61,1031
974,295,1.3406,50,235
975,357,1.5697,46,182
976,169,0.721,44,60
977,396,1.9253,66,394
978,453,1.9551,52,444
979,422,1.7416,65,271
980,386,1.6814,70,368
981,313,1.3282,50,178
982,1125,5.5588,60,655
983,1399,6.8573,66,315
984,148,0.7021,50,121
985,360,1.5518,49,77
986,149,0.5988,56,106
987,597,2.9066,57,491
988,400,1.6982,64,124
989,519,2.4116,62,443
990,116,0.4809,44,114
991,909,4.1526,85,704
992,888,4.4814,54,367
993,833,3.6996,80,391
994,705,3.5113,63,490
995,607,2.7885,53,431
996,145,0.6351,49,102
997,705,3.3568,64,79
998,1074,5.1388,72,122
999,197,0.8293,75,92
1000,197,0.8178,49,102
1001,161,0.6607,61,155
1002,493,2.4285,53,273
1003,336,1.4078,62,304
1004,774,3.6147,66,756
1005,1040,5.1071,79,90
1006,513,2.5051,53,181
1007,191,0.7734,44,179
1008,300,1.2706,45,206
1009,719,3.4799,71,456
1010,2130,11.1755,67,288
1011,624,3.0124,69,619
1012,437,2.0408,49,324
1013,1352,6.6334,84,526
1014,2886,15.1287,63,146
1015,623,3.2074,56,250
1016,559,2.4401,43,154
1017,789,3.618,57,566
1018,541,2.4084,63,315
1019,1265,6.1062,70,1066
1020,523,2.4858,48,151
1021,654,3.0709,62,402
1022,577,2.4811,56,405
1023,233,0.9833,56,82
1024,200,0.8472,52,94
1025,154,0.6105,51,152
1026,367,1.5327,52,142
1027,107,0.4331,42,61
1028,253,1.0696,51,161
1029,332,1.4877,42,58
1030,508,2.3403,53,121
1031,377,1.5779,45,376
1032,668,2.9571,48,128
1033,93,0.3786,41,80
1034,270,1.1218,51,264
1035,211,0.9064,57,145
1036,149,0.6069,43,62
1037,151,0.6354,44,54
1038,155,0.6388,44,154
1039,176,0.7144,39,61
1040,144,0.5761,34,104
1041,694,3.3155,61,606
1042,610,2.8885,58,194
1043,753,3.6719,51,466
1044,519,2.4136,66,92
1045,167,0.6773,45,52
1046,250,1.083,62,150
1047,148,0.6093,37,102
1048,1093,5.3059,54,71
1049,420,1.8013,53,384
1050,584,2.5629,58,432
1051,255,1.1036,52,128
1052,1035,4.8055,59,692
1053,416,1.8,65,312
1054,338,1.5694,44,223
1055,563,2.6136,55,506
1056,358,1.6644,51,266
1057,257,1.1051,39,220
1058,497,2.2629,46,52
1059,227,0.9462,42,67
1060,147,0.5896,39,142
1061,1321,6.5399,60,914
1062,401,1.9138,52,98
1063,710,3.3,67,93
1064,397,1.6922,67,282
1065,1127,5.4713,57,82
1066,2779,14.9011,68,79
1067,121,0.4788,47,91
1068,269,1.1566,46,85
1069,167,0.7069,49,81
1070,196,0.8107,51,195
1071,698,3.1697,71,544
1072,448,2.0091,54,261
1073,385,1.7172,48,298
1074,246,1.0383,48,85
1075,121,0.5428,43,105
1076,410,1.8848,65,108
1077,576,2.6827,48,328
1078,409,1.9608,50,162
1079,395,1.7917,59,55
1080,384,1.6739,67,52
1081,390,1.8589,53,370
1082,379,1.7127,62,54
1083,392,1.904,48,167
1084,373,1.5979,54,141
1085,382,1.6581,46,191
1086,382,1.6763,56,128
1087,372,1.88,45,311
1088,370,1.6268,43,248
1089,415,1.9274,47,184
1090,396,1.7994,48,145
1091,391,1.8325,45,124
1092,183,0.7552,50,124
1093,101,0.4997,36,96
1094,154,0.6331,58,50
1095,80,0.3171,50,63
1096,447,1.9069,45,98
1097,150,0.6115,55,99
1098,140,0.5804,48,113
1099,55,0.2187,35,53
1100,495,2.1339,59,460
1101,161,0.6728,50,97
1102,378,1.8841,49,77
1103,398,1.7542,50,100
1104,398,1.8723,59,95
1105,403,1.7078,54,206
1106,380,1.6589,54,216
1107,399,1.7838,57,211
1108,379,1.9037,57,247
1109,380,1.814,49,249
1110,385,1.6794,51,192
1111,377,1.6753,50,199
1112,404,2.0012,67,64
1113,382,1.6206,46,220
1114,386,1.6888,56,190
1115,413,1.8271,48,206
1116,398,1.8699,49,165
1117,262,1.0992,46,178
1118,188,0.7853,43,186
1119,1014,5.0529,62,947
1120,93,0.3776,36,74
1121,72,0.2841,65,56
1122,43,0.177,27,42
1123,46,0.1821,43,43
1124,504,2.1918,62,492
1125,522,2.3685,66,467
1126,539,2.4082,54,483
1127,208,1.2421,61,109
1128,156,0.6509,41,48
1129,165,0.6762,37,154
1130,643,2.8685,49,641
1131,418,1.8942,46,214
1132,407,1.8797,51,368
1133,411,1.9797,51,400
1134,394,1.9409,46,224
1135,386,1.6971,61,194
1136,426,1.9283,53,289
1137,571,2.736,50,468
1138,792,3.605,56,533
1139,347,1.6359,45,90
1140,672,2.9738,64,67
1141,357,2.0129,45,279
1142,502,2.5515,63,409
1143,829,3.8218,70,613
1144,567,2.7297,48,282
1145,394,1.8872,56,300
1146,533,2.7789,46,511
1147,489,2.1461,49,359
1148,375,1.8119,58,49
1149,457,1.9783,56,195
1150,407,1.7826,52,138
1151,420,1.9214,65,320
1152,452,2.0332,57,394
1153,470,2.0362,56,39
1154,572,2.6108,66,342
1155,449,2.0272,61,123
1156,524,2.4074,50,148
1157,605,2.7913,53,489
1158,47,0.2326,26,41
1159,390,1.6546,60,147
1160,377,1.6763,45,376
1161,141,0.5767,54,86
1162,109,0.4909,34,58
1163,104,0.4138,58,36
1164,125,0.4941,40,25
1165,387,1.7983,55,368
1166,388,1.6394,56,51
1167,54,0.2298,34,52
1168,273,1.1424,51,168
1169,2062,10.4584,70,621
1170,2073,10.8515,75,472
1171,414,1.8789,54,335
1172,487,2.3569,62,407
1173,253,1.0897,40,246
1174,1852,9.7532,58,1778
1175,383,1.7261,43,204
1176,1375,6.8212,62,772
1177,162,0.6686,52,81
1178,744,3.6208,56,30
1179,1037,4.9629,73,743
1180,977,5.0284,62,494
1181,1643,8.7226,50,733
1182,340,1.4837,45,339
1183,941,4.3685,60,712
1184,1014,5.0023,60,960
1185,740,3.2972,56,53
1186,408,1.7691,52,375
1187,348,1.6301,48,82
1188,597,2.6876,57,305
1189,752,3.3444,70,745
1190,218,0.9144,51,157
1191,263,1.1288,40,93
1192,322,1.3444,52,132
1193,281,1.167,58,83
1194,373,1.5994,49,291
1195,2225,11.5578,73,2002
1196,668,3.2647,63,121
1197,2617,13.8536,64,1593
1198,1985,10.3578,72,1887
1199,531,2.8531,51,418
1200,3713,19.8141,65,567
1201,1303,6.6311,64,787
1202,218,0.9514,47,135
1203,298,1.234,75,88
1204,1303,6.4846,53,1098
1205,445,2.2193,53,211
1206,2292,12.0039,58,2144
1207,225,1.0683,50,93
1208,196,0.8959,58,182
1209,206,0.8341,51,143
1210,174,0.7338,43,172
1211,235,0.9795,49,71
1212,728,3.6107,79,307
1213,1212,5.8993,69,951
1214,691,3.2406,54,100
1215,607,2.8643,62,135
1216,494,2.3378,45,386
1217,64,0.3064,45,36
1218,75,0.3037,48,39
1219,56,0.2233,48,50
1220,73,0.2917,53,57
1221,683,3.013,59,77
1222,570,2.4405,52,413
1223,733,3.2696,72,235
1224,1254,5.9696,56,976
1225,1175,5.6502,70,1148
1226,1078,5.1443,79,755
1227,366,1.7167,70,320
1228,457,2.2559,64,89
1229,145,0.5715,86,117
1230,450,2.0143,74,294
1231,1157,5.4945,62,957
1232,404,1.8537,49,388
1233,799,4.0741,55,419
1234,865,4.1029,61,372
1235,472,2.0636,68,420
1236,472,2.0861,49,272
1237,501,2.3368,55,144
1238,427,1.8134,49,219
1239,769,3.6519,51,122
1240,1089,5.3753,60,211
1241,152,0.6114,44,27
1242,516,2.4513,72,303
1243,622,2.8502,57,93
1244,992,4.9179,59,696
1245,1201,5.9429,67,722
1246,250,1.3533,55,205
1247,701,3.1739,84,132
1248,1694,8.6343,70,1118
1249,310,1.3448,58,97
1250,682,3.2557,55,113
1251,1478,7.6062,66,791
1252,465,2.1027,56,322
1253,1030,5.0762,54,858
1254,430,1.924,71,153
1255,809,3.7355,56,158
1256,767,3.455,67,128
1257,788,3.5564,80,479
1258,400,1.7462,54,224
1259,724,3.411,59,560
1260,303,1.455,58,213
1261,502,2.2753,57,197
1262,848,4.2066,52,797
1263,113,0.4451,40,98
1264,506,2.377,40,150
1265,200,0.821,55,129
1266,578,2.4376,60,471
1267,462,1.9762,50,461
1268,409,1.7236,52,74
1269,120,0.4971,40,98
1270,247,1.0164,60,236
1271,185,0.7657,55,118
1272,112,0.4484,53,71
1273,677,3.1736,44,479
1274,538,2.5895,54,447
1275,799,3.8427,49,181
1276,598,2.8498,55,597
1277,730,3.5291,60,173
1278,1428,7.0271,65,1307
1279,1164,5.931,52,673
1280,522,2.3183,49,231
1281,98,0.4049,47,55
1282,212,0.8793,45,208
1283,765,3.452,55,298
1284,345,1.6422,53,254
1285,582,2.5798,64,324
1286,141,0.6248,54,86
1287,497,2.0694,57,394
1288,268,1.106,48,160
1289,959,4.4923,67,183
1290,1458,7.2556,68,792
1291,1053,5.3758,52,397
1292,1549,8.0087,62,293
1293,451,1.9827,45,83
1294,819,3.7117,57,145
1295,691,3.1256,61,257
1296,82,0.3463,36,81
1297,1332,6.4235,73,1131
1298,156,0.803,46,70
1299,835,3.8427,63,634
1300,2017,10.4211,64,1973
1301,1040,5.1937,63,517
1302,675,3.0824,71,359
1303,534,2.6651,53,83
1304,722,3.5837,54,314
1305,1455,7.2764,58,1423
1306,161,0.6593,44,107
1307,1855,9.5228,72,344
1308,710,3.2202,61,555
1309,1373,6.9701,76,273
1310,616,2.9753,57,517
1311,829,4.1122,64,384
1312,430,1.919,52,317
1313,142,0.575,40,141
1314,136,0.5536,64,97
1315,1000,4.8874,61,72
1316,218,0.9147,57,133
1317,632,2.7983,55,409
1318,1179,5.5745,79,607
1319,1012,5.0207,53,333
1320,1036,5.2913,51,574
1321,67,0.3399,40,57
1322,293,1.2585,46,95
1323,739,3.2564,59,485
1324,889,4.1668,61,677
1325,453,2.1659,49,211
1326,675,3.1932,59,171
1327,906,4.2688,65,698
1328,1257,6.0715,49,96
1329,1039,5.1311,60,958
1330,214,0.9706,47,57
1331,214,0.8842,47,148
1332,310,1.331,49,242
1333,324,1.5313,47,61
1334,181,0.7424,67,137
1335,263,1.1211,57,242
1336,962,4.5313,52,483
1337,399,1.9551,52,149
1338,411,1.9192,74,180
1339,627,2.9003,68,103
1340,90,0.361,39,77
1341,916,4.1655,52,302
1342,1023,4.9512,60,273
1343,1060,6.8306,65,494
1344,335,1.5368,50,77
1345,579,3.541,49,193
1346,371,1.6631,49,340
1347,402,1.7251,60,240
1348,602,2.758,60,348
1349,724,3.5388,65,150
1350,940,4.6801,53,478
1351,762,3.7514,57,534
1352,75,0.2994,30,74
1353,77,0.3006,54,66
1354,227,0.981,51,174
1355,326,1.421,55,56
1356,1508,7.9005,75,1406
1357,619,2.909,59,247
1358,461,2.1713,46,389
1359,905,4.5765,72,275
1360,250,1.1484,53,82
1361,640,3.1828,54,376
1362,577,2.8369,70,222
1363,680,3.048,47,523
1364,229,1.0194,44,60
1365,209,0.8969,46,55
1366,191,0.8027,47,165
1367,881,4.0559,79,307
1368,229,1.0366,55,224
1369,476,2.2438,55,126
1370,899,4.3776,49,786
1371,851,4.1803,67,706
1372,1263,6.4336,90,454
1373,171,0.8214,53,120
1374,597,2.9404,59,447
1375,355,1.7939,59,52
1376,664,3.3996,58,224
1377,1147,5.7418,52,322
1378,718,3.5308,58,123
1379,179,0.8735,51,178
1380,545,2.6224,69,195
1381,646,2.876,76,634
1382,645,2.8865,62,539
1383,2517,13.4745,65,267
1384,390,1.9985,50,157
1385,666,3.1843,65,252
1386,3504,18.6888,62,3317
1387,89,0.3717,35,88
1388,1508,7.6601,53,122
1389,439,2.1251,53,238
1390,499,2.1458,49,106
1391,775,3.773,54,287
1392,734,3.7215,52,55
1393,1003,4.6789,65,111
1394,439,2.2352,58,160
1395,446,1.91,52,162
1396,450,2.1894,41,129
1397,132,0.5425,49,63
1398,900,4.1132,56,886
1399,725,3.4611,68,224
1400,397,1.6755,50,72
1401,1222,5.9572,61,1080
1402,105,0.5188,43,52
1403,426,1.9861,62,39
1404,413,1.7749,50,144
1405,687,3.0397,59,89
1406,1028,5.3541,60,808
1407,770,3.6833,79,707
1408,360,1.5687,51,87
1409,702,3.1223,49,686
1410,53,0.2267,39,50
1411,496,2.131,55,390
1412,107,0.4239,45,100
1413,998,4.894,55,991
1414,538,2.3522,63,202
1415,973,4.5423,76,156
1416,480,2.0623,57,142
1417,24,0.1149,20,12
1418,210,0.8667,38,178
1419,1109,5.2103,59,84
1420,1044,4.7799,71,929
1421,846,4.1474,49,355
1422,66,0.2953,38,57
1423,1097,5.1649,69,822
1424,686,3.0899,61,394
1425,198,0.811,53,172
1426,604,2.8285,57,174
1427,5128,27.3238,63,3620
1428,468,2.0851,62,186
1429,220,0.9137,52,51
1430,1332,6.7813,73,267
1431,513,2.6354,56,112
1432,383,1.6058,70,127
1433,450,2.1073,59,353
1434,220,0.9112,54,182
1435,394,1.7107,51,279
1436,1026,4.9662,65,744
1437,292,1.2328,48,117
1438,733,3.4681,55,446
1439,448,1.9142,47,447
1440,417,1.8213,66,48
1441,540,2.4111,56,361
1442,636,2.7393,56,351
1443,727,3.295,66,665
1444,794,3.9348,56,642
1445,139,0.5883,53,63
1446,431,1.9099,55,116
1447,912,4.1845,78,426
1448,1557,7.7943,61,237
1449,125,0.5031,43,124
1450,1178,5.616,52,340
1451,1294,6.6328,66,284
1452,436,1.8903,60,191
1453,475,2.0219,69,434
1454,313,1.3116,54,135
1455,454,2.0793,61,263
1456,155,0.6277,63,132
1457,136,0.551,37,101
1458,867,4.0982,71,148
1459,521,2.2556,59,101
1460,425,1.8322,49,224
1461,279,1.3273,55,275
1462,400,1.6783,67,77
1463,337,1.428,50,95
1464,611,2.7436,61,241
1465,615,2.6587,55,432
1466,511,2.2887,48,456
1467,417,1.7861,75,294
1468,492,2.454,43,269
1469,806,3.9209,58,632
1470,156,0.6386,39,152
1471,505,2.431,63,263
1472,153,0.6215,46,121
1473,1567,7.8235,66,1436
1474,1350,6.8194,69,90
1475,253,1.1015,41,164
1476,433,1.9542,46,216
1477,502,2.4596,54,57
1478,800,3.6071,66,39
1479,507,2.3439,63,451
1480,505,2.4267,52,74
1481,680,3.0553,54,241
1482,547,2.6882,46,423
1483,527,2.6897,50,451
1484,1146,5.442,63,508
1485,227,1.1027,47,215
1486,304,1.5268,45,194
1487,571,2.6836,62,322
1488,225,0.9656,44,129
1489,401,1.6713,55,379
1490,168,0.7218,45,49
1491,554,2.4424,64,500
1492,1263,6.0723,62,183
1493,1841,9.6579,73,1783
1494,1659,8.6065,75,1065
1495,396,1.7254,58,216
1496,1257,6.6813,67,700
1497,537,2.6,62,118
1498,183,0.7622,61,133
1499,898,4.2295,52,453
1500,486,2.2121,64,333
1501,164,0.6914,50,98
1502,461,2.0158,52,442
1503,490,2.2042,66,447
1504,109,0.4454,47,66
1505,235,0.9836,55,109
1506,963,4.6139,89,106
1507,179,0.8755,47,78
1508,151,0.6146,41,57
1509,187,0.8001,41,155
1510,277,1.168,50,103
1511,591,2.5671,73,565
1512,626,2.9795,62,63
1513,1323,6.26,65,127
1514,1450,7.6456,54,1405
1515,2768,14.7287,56,2603
1516,565,2.7583,51,412
1517,1642,8.2766,75,276
1518,1239,6.0853,77,535
1519,1034,4.9091,68,678
1520,187,0.7936,54,156
1521,1361,6.6638,70,1143
1522,73,0.305,39,62
1523,1189,5.7071,52,98
1524,544,2.718,49,126
1525,711,3.4549,68,524
1526,277,1.1695,55,250
1527,723,3.2837,66,496
1528,1046,5.4958,71,657
1529,915,4.7801,52,139
1530,761,3.4097,54,706
1531,422,1.9315,70,157
1532,667,2.9711,77,111
1533,631,2.8452,48,548
1534,634,2.7715,64,220
1535,602,2.5861,54,158
1536,400,1.7158,64,358
1537,3219,16.7543,62,62
1538,191,0.8348,53,68
1539,1430,7.0929,63,991
1540,1526,7.5424,66,1213
1541,646,2.92,63,450
1542,378,1.6997,51,296
1543,380,1.6442,46,329
1544,182,0.7428,50,133
1545,651,2.7875,60,69
1546,505,2.2005,67,328
1547,324,1.3861,52,161
1548,731,3.2194,49,553
1549,161,0.6587,53,159
1550,541,2.3092,47,321
1551,447,1.9142,69,95
1552,518,2.2238,57,342
1553,194,0.805,43,191
1554,477,2.0302,76,71
1555,227,0.9987,53,184
1556,388,1.687,52,245
1557,331,1.3766,70,254
1558,1431,7.0685,68,121
1559,68,0.2715,32,41
1560,272,1.2194,46,61
1561,500,2.1068,51,154
1562,337,1.5052,46,118
1563,127,0.5058,45,106
1564,222,0.9043,59,107
1565,405,1.709,58,50
1566,344,1.4789,47,69
1567,98,0.4342,47,85
1568,419,1.8569,61,182
1569,395,1.6377,51,106
1570,190,0.9885,50,71
1571,1298,6.1463,76,800
1572,175,0.7365,41,37
1573,242,1.2789,55,57
1574,176,0.7074,43,62
1575,233,0.9718,54,209
1576,370,1.7107,50,349
1577,167,0.7467,57,57
1578,118,0.4722,50,100
1579,565,2.5188,55,195
1580,224,1.0135,57,171
1581,317,1.3245,50,272
1582,631,2.7834,52,623
1583,327,1.6401,55,116
1584,385,1.6148,54,138
1585,785,3.9613,59,130
1586,392,1.8361,61,236
1587,255,1.116,50,53
1588,198,0.8455,47,172
1589,336,1.4185,49,214
1590,165,0.6935,44,98
1591,389,1.9556,54,315
1592,424,1.8417,48,41
1593,359,1.6143,52,76
1594,381,1.605,45,86
1595,390,1.6529,64,157
1596,355,1.5155,53,319
1597,206,0.8421,54,160
1598,306,1.3118,70,251
1599,434,2.1879,60,64
1600,922,4.2739,58,731
1601,730,3.6831,59,437
1602,1368,6.9927,69,113
1603,465,2.0462,41,234
1604,795,3.7461,56,653
1605,686,3.0292,53,131
1606,927,5.1148,69,233
1607,654,2.8756,59,208
1608,650,2.8811,72,247
1609,801,3.6348,59,82
1610,663,3.3068,66,371
1611,245,1.0028,43,89
1612,553,2.5018,63,548
1613,632,2.7999,66,142
1614,274,1.1414,61,68
1615,237,0.982,49,150
1616,476,2.1791,57,294
1617,304,1.3733,50,52
1618,366,1.5898,49,196
1619,656,2.8332,62,294
1620,472,2.1809,51,192
1621,155,0.7896,56,152
1622,386,1.6422,49,309
1623,189,0.9433,48,38
1624,1487,7.905,72,884
1625,1447,7.3711,63,1086
1626,713,3.3312,63,514
1627,423,1.8157,52,112
1628,426,2.0204,57,327
1629,794,3.6005,63,67
1630,670,3.1993,51,537
1631,802,3.7267,56,519
1632,494,2.3352,56,483
1633,742,3.2954,53,397
1634,700,3.1783,52,299
1635,225,0.9526,55,76
1636,412,1.7589,50,91
1637,332,1.3889,56,69
1638,1575,7.6772,71,252
1639,788,4.1409,63,211
1640,131,0.5447,47,101
1641,522,2.3462,66,467
1642,128,0.523,38,80
1643,632,2.8133,49,157
1644,1665,8.2353,74,1034
1645,206,1.0161,39,132
1646,810,3.7186,56,710
1647,1067,5.6371,78,81
1648,600,2.7908,58,595
1649,1852,9.6483,68,530
1650,156,0.7308,47,99
1651,108,0.4574,43,100
1652,563,2.7452,54,321
1653,949,4.3186,53,206
1654,183,0.8284,44,98
1655,483,2.2057,58,238
1656,2619,13.826,73,968
1657,1884,9.8127,70,173
1658,102,0.4619,41,75
1659,109,0.5146,55,39
1660,1025,4.8557,73,280
1661,173,0.7493,53,152
1662,173,0.692,53,152
1663,173,0.6914,53,152
1664,173,0.7061,53,152
1665,173,0.7052,53,152
1666,173,0.6989,51,152
1667,173,0.7156,53,152
1668,877,4.0195,54,666
1669,189,0.7937,44,107
1670,1002,4.6055,81,856
1671,928,4.4641,67,91
1672,334,1.4784,57,63
1673,1031,5.0564,66,186
1674,1235,6.4682,76,1080
1675,521,2.5705,60,92
1676,794,3.8876,66,123
1677,842,3.7422,49,110
1678,2078,10.6572,54,306
1679,749,3.4128,57,96
1680,868,4.3504,49,350
1681,1069,5.2259,64,194
1682,373,1.6065,47,301
1683,811,3.833,58,143
1684,1052,4.9293,62,814
1685,1215,5.8685,66,595
1686,1232,5.9919,67,489
1687,3242,16.8022,74,925
1688,1198,6.1248,48,262
1689,111,0.4449,59,87
1690,971,4.8834,67,595
1691,496,2.3995,46,122
1692,2899,15.05,66,1372
1693,976,4.9792,69,220
1694,999,4.6991,56,700
1695,671,3.2598,48,339
1696,600,2.6682,58,257
1697,611,2.664,59,192
1698,1514,7.7273,77,1309
1699,4724,25.0356,65,1257
1700,102,0.4437,53,70
1701,203,0.8476,61,116
1702,515,2.3854,55,422
1703,149,0.5986,53,64
1704,201,0.8274,38,125
1705,1163,5.4618,68,137
1706,326,1.3889,51,274
1707,1236,5.9749,63,260
1708,378,1.7807,62,127
1709,607,2.7917,57,398
1710,1252,6.164,74,475
1711,389,1.7363,68,260
1712,461,2.0431,62,302
1713,355,1.4862,49,334
1714,1376,6.6164,67,1050
1715,884,4.1129,52,719
1716,759,3.4093,74,48
1717,658,3.0088,66,410
1718,991,4.5739,65,749
1719,3791,20.0522,57,3226
1720,556,2.5373,57,381
1721,45,0.2225,30,29
1722,558,2.6412,60,299
1723,645,2.8373,49,119
1724,631,2.7731,65,356
1725,564,2.4813,47,223
1726,158,0.8246,40,156
1727,835,4.2669,48,417
1728,1194,5.801,64,1193
1729,1011,4.8442,66,810
1730,205,0.8588,58,62
1731,1193,5.9276,70,1186
1732,1263,6.5218,66,802
1733,220,0.968,52,196
1734,413,1.8435,61,165
1735,409,1.8096,51,147
1736,582,2.647,63,356
1737,424,1.9871,62,80
1738,291,1.2091,46,99
1739,653,2.9955,49,43
1740,405,1.8421,59,61
1741,854,3.8563,62,215
1742,396,1.8825,56,98
1743,759,3.4353,55,32
1744,143,0.603,43,93
1745,148,0.5973,51,83
1746,130,0.5202,46,46
1747,130,0.527,41,46
1748,387,1.8451,45,59
1749,196,0.791,50,128
1750,956,4.4727,86,457
1751,2717,14.2938,86,510
1752,612,2.9963,57,57
1753,1098,5.6504,57,1093
1754,343,1.474,48,301
1755,846,3.8105,48,325
1756,642,2.8937,46,275
1757,233,0.9822,50,103
1758,209,0.8482,60,197
1759,1421,7.47,70,152
1760,398,1.8782,51,255
1761,142,0.5831,45,53
1762,1849,9.3575,70,473
1763,1484,7.6149,61,271
1764,135,0.546,45,38
1765,308,1.2596,53,55
1766,411,1.7614,50,304
1767,391,1.7058,56,136
1768,173,0.703,51,136
1769,516,2.2082,53,80
1770,2893,15.1154,68,813
1771,613,2.7583,48,368
1772,143,0.5982,53,70
1773,450,1.9499,46,417
1774,549,2.3249,75,410
1775,233,0.9409,51,81
1776,122,0.5941,51,41
1777,994,4.4596,57,115
1778,160,0.6814,63,146
1779,939,4.2861,77,231
1780,183,0.8486,48,104
1781,367,1.579,46,356
1782,372,1.6305,44,170
1783,224,0.983,54,152
1784,566,2.4425,49,134
1785,567,2.6207,65,94
1786,339,1.4347,53,148
1787,2091,10.9845,62,1505
1788,184,0.9714,52,171
1789,1258,6.4008,65,1142
1790,1466,7.318,73,978
1791,276,1.1875,47,102
1792,1084,5.335,63,1081
1793,734,3.4573,60,169
1794,1441,7.1379,75,809
1795,289,1.2461,52,203
1796,342,1.5149,50,308
1797,526,2.263,50,145
1798,313,1.3078,58,263
1799,912,4.4976,48,286
1800,912,4.5644,49,286
1801,663,3.0895,68,631
1802,2432,12.6503,63,1424
1803,495,2.2066,43,130
1804,388,1.7736,54,171
1805,906,4.2183,56,409
1806,478,2.3459,57,141
1807,431,1.8633,55,90
1808,142,0.5842,31,127
1809,170,0.697,39,138
1810,168,0.6787,44,59
1811,327,1.3827,56,100
1812,767,4.012,55,465
1813,107,0.4519,42,95
1814,243,1.0572,67,75
1815,742,3.6364,62,194
1816,209,0.8875,45,64
1817,442,1.8667,51,385
1818,440,2.0367,50,399
1819,272,1.1825,65,145
1820,137,0.5497,48,46
1821,246,1.0323,55,107
1822,83,0.322,41,28
1823,1790,9.1359,84,120
1824,1175,5.6998,74,197
1825,768,3.7188,65,536
1826,571,2.7087,69,196
1827,394,1.6936,58,391
1828,241,0.9802,49,239
1829,651,2.8666,60,104
1830,695,3.3512,51,317
1831,641,3.0418,52,303
1832,179,0.7426,40,59
1833,518,2.4613,55,354
1834,96,0.4461,38,45
1835,663,3.0272,66,662
1836,2780,14.7875,74,385
1837,648,3.5484,75,242
1838,1166,5.683,53,795
1839,591,2.7162,65,55
1840,1819,9.2641,80,745
1841,250,1.3025,52,248
1842,741,3.5152,46,601
1843,582,2.6914,65,521
1844,480,2.224,49,150
1845,1428,7.5559,63,615
1846,697,3.5058,59,159
1847,416,1.9683,55,247
1848,592,2.5691,52,47
1849,633,2.7659,46,258
1850,1479,7.3701,55,359
1851,559,3.0787,52,205
1852,323,1.7042,43,248
1853,521,2.4915,47,272
1854,436,1.9072,52,60
1855,1085,5.1265,64,835
1856,398,1.8283,65,47
1857,493,2.3019,45,484
1858,168,0.7077,45,165
1859,225,0.9855,52,111
1860,610,2.8926,53,601
1861,831,3.9202,51,242
1862,5561,29.6751,78,2953
1863,315,1.3498,52,69
1864,1123,5.2206,71,626
1865,137,0.5583,56,87
1866,370,1.5778,59,284
1867,500,2.2221,51,108
1868,439,1.9075,53,318
1869,699,3.2498,69,639
1870,207,0.8974,46,176
1871,1385,6.8749,72,1232
1872,1123,5.4119,71,1009
1873,132,0.613,38,120
1874,59,0.2609,39,37
1875,284,1.2199,64,113
1876,370,1.6114,53,53
1877,446,1.9105,46,439
1878,377,1.9604,50,63
1879,478,1.9858,48,66
1880,534,2.4066,51,102
1881,121,0.5731,52,105
1882,517,2.235,51,250
1883,153,0.6657,44,127
1884,685,3.2409,53,420
1885,412,1.7657,56,229
1886,435,1.8484,65,349
1887,1041,5.097,60,731
1888,603,2.8509,53,385
1889,499,2.1906,55,493
1890,300,1.3288,53,60
1891,630,2.948,57,365
1892,227,0.9436,54,224
1893,445,1.9166,57,389
1894,670,3.3462,54,491
1895,370,1.643,60,285
1896,380,1.766,43,183
1897,144,0.5931,46,119
1898,131,0.5409,51,72
1899,352,1.4915,43,283
1900,1581,8.0073,74,1030
1901,356,1.7171,59,320
1902,981,4.7225,86,914
1903,1241,6.1804,65,234
1904,638,2.8684,56,446
1905,450,1.9797,61,280
1906,166,0.6657,62,63
1907,335,1.4157,48,105
1908,382,1.7143,45,314
1909,181,0.7535,47,85
1910,661,3.3462,55,188
1911,281,1.2359,46,106
1912,732,3.3667,54,157
1913,150,0.7431,50,105
1914,322,1.5008,50,118
1915,244,1.0237,42,85
1916,522,2.103,71,455
1917,218,0.9006,53,55
1918,153,0.6092,48,124
1919,276,1.1666,46,137
1920,329,1.4536,51,235
1921,662,2.7615,52,462
1922,112,0.4527,44,91
1923,1002,4.5447,62,800
1924,972,4.6012,63,75
1925,232,0.9954,43,194
1926,265,1.1022,71,241
1927,557,2.4117,60,244
1928,726,3.2265,70,269
1929,586,2.4992,70,364
1930,1285,6.2704,55,217
1931,661,3.0309,69,131
1932,445,1.9664,56,345
1933,457,1.9579,56,451
1934,353,1.6389,57,291
1935,289,1.1926,48,140
1936,261,1.0689,44,94
1937,624,2.828,67,268
1938,283,1.1934,42,37
1939,504,2.1653,53,40
1940,333,1.391,50,196
1941,372,1.6873,49,235
1942,539,2.3028,59,533
1943,245,1.035,45,85
1944,242,1.2053,55,61
1945,568,2.6442,56,424
1946,220,0.9319,56,162
1947,251,1.0513,46,186
1948,378,1.6347,80,156
1949,732,3.344,67,577
1950,419,1.9554,73,408
1951,701,3.2987,80,157
1952,326,1.3501,57,43
1953,282,1.3367,54,84
1954,684,2.9581,50,290
1955,791,3.645,56,751
1956,645,2.8876,55,342
1957,346,1.5687,56,270
1958,488,2.2379,64,227
1959,600,2.8501,68,359
1960,510,2.1763,57,219
1961,627,2.7191,66,625
1962,237,1.001,57,87
1963,595,2.5494,53,327
1964,277,1.168,56,138
1965,422,1.8616,50,145
1966,195,0.8577,46,131
1967,465,1.9799,45,353
1968,369,1.5464,56,210
1969,567,2.6403,58,227
1970,439,2.0427,49,61
1971,777,3.7715,54,345
1972,655,2.9124,51,189
1973,1073,5.4893,58,130
1974,960,4.7118,44,625
1975,1162,5.8297,70,720
1976,614,2.9702,63,230
1977,374,1.6559,43,71
1978,810,3.7655,72,552
1979,586,2.817,48,419
1980,484,2.0389,52,416
1981,552,2.3726,64,529
1982,1123,5.5122,59,493
1983,517,2.5711,54,205
1984,542,2.3685,75,231
1985,761,3.5294,68,355
1986,806,3.9661,65,725
1987,278,1.2271,51,115
1988,1470,7.1965,70,1126
1989,906,5.8463,51,99
1990,605,3.3274,61,123
1991,1532,9.956,69,1368
1992,2058,11.2785,56,1167
1993,642,3.0949,46,275
1994,642,3.0731,46,275
1995,968,4.9676,60,112
1996,283,1.2466,50,150
1997,521,2.3515,56,94
1998,322,1.4104,58,311
1999,1504,7.5849,87,881
2000,1228,6.0832,72,851
2001,1099,5.5643,52,1088
2002,1312,6.6965,67,326
2003,606,2.9174,60,540
2004,2131,11.3894,71,1236
2005,160,0.7817,43,91
2006,134,0.5584,35,81
2007,703,3.4662,58,95
2008,388,1.749,59,54
2009,221,0.9348,52,39
2010,962,5.2341,71,896
2011,1338,7.0561,69,994
2012,537,2.3911,50,390
2013,576,2.5308,56,348
2014,356,1.5455,51,340
2015,209,0.8649,61,151
2016,217,0.9141,57,185
2017,493,2.3528,69,235
2018,384,1.7714,45,189
2019,1527,7.8443,74,342
2020,430,2.1213,59,377
2021,1532,8.1901,69,1013
2022,18142,96.9046,70,4292
2023,429,2.3709,55,408
2024,440,2.3159,48,432
2025,388,2.0054,53,171
2026,1081,5.8355,79,285
2027,82,0.3658,44,59
2028,542,2.4645,67,169
2029,872,4.3972,61,501
2030,5234,27.9685,75,2608
2031,1492,7.5728,62,705
2032,464,2.3132,67,348
2033,706,3.2633,59,54
2034,3199,17.0335,70,351
2035,393,2.1734,47,263
2036,250,1.0415,50,216
2037,559,2.5005,58,329
2038,159,0.6946,50,80
2039,487,2.1839,49,387
2040,466,2.0528,53,52
2041,685,3.0895,67,482
2042,73,0.2889,35,62
2043,1251,6.3663,65,901
2044,996,5.0413,62,840
2045,490,2.1356,59,44
2046,491,2.1734,54,113
2047,495,2.1097,52,89
2048,185,0.7792,43,178
2049,1448,7.2349,60,842
2050,794,3.7648,64,62
2051,123,0.4954,58,97
2052,534,2.2839,51,375
2053,677,3.1006,55,602
2054,152,0.6242,51,84
2055,1163,6.2307,57,534
2056,173,0.7322,54,152
2057,1082,5.3127,65,665
2058,901,4.58,90,858
2059,1712,9.1341,68,1202
2060,293,1.5401,50,131
2061,377,1.8054,59,375
2062,488,2.089,76,479
2063,1064,5.069,50,441
2064,196,0.794,63,164
2065,117,0.5563,44,113
2066,1833,9.3769,65,1540
2067,303,1.5536,46,109
2068,673,3.0421,52,70
2069,786,4.2723,66,541
2070,1021,4.9054,57,695
2071,388,1.8348,47,237
2072,1025,4.9281,67,311
2073,2080,11.0772,68,164
2074,366,1.6201,50,354
2075,128,0.5136,38,109
2076,571,2.6268,53,159
2077,301,1.236,51,126
2078,720,3.6469,55,703
2079,285,1.271,68,103
2080,345,1.6526,51,344
2081,615,2.8683,69,210
2082,40,0.1726,38,35
2083,168,0.6805,62,166
2084,166,0.7187,48,141
2085,882,4.2869,77,285
2086,352,1.6893,80,108
2087,971,4.5039,72,907
2088,378,1.6735,72,240
2089,410,1.8895,79,89
2090,611,2.9625,60,583
2091,1426,7.15,74,1346
2092,274,1.1828,49,137
2093,339,1.4894,51,91
2094,701,3.3473,65,48
2095,496,2.3035,58,314
2096,408,1.7534,53,304
2097,211,0.8714,43,114
2098,504,2.3359,61,52
2099,450,1.9351,57,297
2100,484,2.1028,53,177
2101,240,0.984,45,200
2102,260,1.0778,71,90
2103,620,2.9261,50,178
2104,179,0.7469,43,120
2105,1430,7.4635,64,590
2106,391,1.8711,53,330
2107,441,1.9892,45,369
2108,723,3.2545,86,88
2109,757,3.7504,75,450
2110,411,1.8134,44,75
2111,257,1.0833,48,245
2112,301,1.2809,52,255
2113,636,2.8099,50,93
2114,390,1.8367,49,374
2115,309,1.4571,50,154
2116,134,0.5502,51,80
2117,220,0.9072,51,213
2118,1208,5.9278,68,72
2119,344,1.48,42,70
2120,469,2.1291,51,190
2121,77,0.3029,35,66
2122,357,1.4986,53,347
2123,362,1.7549,56,56
2124,482,2.2456,52,333
2125,1049,5.3436,74,123
2126,155,0.6341,43,50
2127,448,1.9091,59,78
2128,385,1.8501,52,378
2129,287,1.2073,49,259
2130,195,0.8144,44,47
2131,1021,4.8946,70,946
2132,410,2.0472,42,68
2133,679,3.0305,63,657
2134,913,5.0772,75,280
2135,395,1.8329,49,327
2136,360,1.8455,53,42
2137,557,2.9305,55,86
2138,667,3.2057,69,66
2139,467,2.143,56,77
2140,682,3.9384,47,417
2141,216,1.5815,42,207
2142,259,1.1625,79,206
2143,223,0.9875,50,158
2144,139,0.5656,41,46
2145,439,2.0828,55,437
2146,371,1.6435,56,335
2147,939,4.8938,60,473
2148,216,0.9825,55,161
2149,249,1.0257,51,170
2150,160,0.6564,42,71
2151,485,2.3018,58,44
2152,392,1.6657,58,110
2153,2168,10.824,56,1133
2154,746,3.4973,63,215
2155,976,5.1257,67,61
2156,653,2.9075,51,406
2157,248,1.0396,49,99
2158,506,2.1769,50,446
2159,585,2.7189,51,152
2160,368,1.6619,52,118
2161,107,0.4663,37,67
2162,537,2.64,75,535
2163,434,2.074,50,160
2164,144,0.6697,40,55
2165,129,0.7448,44,47
2166,277,1.3076,50,45
2167,141,0.5817,46,110
2168,1079,5.6536,60,74
2169,818,4.5994,50,210
2170,1366,7.4564,55,1242
2171,219,0.9523,66,186
2172,846,4.4386,68,333
2173,1261,6.7052,76,864
2174,1347,7.3315,58,1301
2175,3352,17.7859,61,2088
2176,979,5.3167,51,976
2177,2052,10.7924,57,1362
2178,464,2.2658,74,281
2179,1501,7.6909,57,116
2180,1484,7.7974,65,288
2181,506,2.4852,61,449
2182,506,2.5317,65,449
2183,428,1.8041,51,338
2184,202,1.1261,52,85
2185,833,4.3868,62,494
2186,135,0.553,41,71
2187,1240,7.0244,56,641
2188,431,2.1581,49,79
2189,266,1.2173,58,210
2190,279,1.1894,47,265
2191,517,2.5479,52,52
2192,532,2.6543,47,451
2193,510,2.3055,55,468
2194,494,2.1331,63,435
2195,678,3.5408,55,359
2196,185,0.8599,48,120
2197,859,4.3097,62,84
2198,685,6.0233,65,630
2199,166,1.1529,50,66
2200,521,3.7342,49,56
2201,514,3.4468,51,56
2202,516,3.0558,45,80
2203,631,3.5011,45,77
2204,379,2.1595,51,186
2205,222,1.9844,52,193
2206,380,2.24,64,168
2207,237,1.0449,43,159
2208,397,1.8213,58,32
2209,357,1.8072,46,159
2210,125,0.6831,45,98
2211,254,1.3151,43,108
2212,542,2.5395,59,82
2213,590,3.1703,58,514
2214,879,4.6994,65,602
2215,964,5.2266,67,958
2216,3580,18.8197,63,3128
2217,227,0.9714,47,116
2218,246,1.106,56,73
2219,385,1.7459,52,297
2220,271,1.1487,67,224
2221,69,0.2803,37,52
2222,525,2.422,45,229
2223,520,2.3638,63,467
2224,502,2.337,56,451
2225,1891,9.9601,61,1234
2226,397,1.7733,50,163
2227,611,2.8897,55,139
2228,554,2.3999,57,117
2229,379,1.7168,54,96
2230,519,2.4079,53,462
2231,376,1.8051,44,240
2232,1442,7.0505,53,268
2233,725,3.5161,51,257
2234,591,2.9157,62,570
2235,256,1.1049,46,122
2236,226,0.9769,63,77
2237,451,1.9147,56,372
2238,358,1.6022,53,294
2239,403,1.7962,42,310
2240,130,0.5502,42,124
2241,570,2.6717,55,385
2242,1456,7.3021,59,340
2243,1670,8.6426,64,617
2244,761,3.7068,60,568
2245,219,1.0032,52,75
2246,500,2.144,57,445
2247,502,2.1478,67,451
2248,503,2.0576,69,452
2249,502,2.1516,64,445
2250,505,2.222,54,70
2251,519,2.4163,65,457
2252,632,2.8499,57,535
2253,850,4.5142,59,754
2254,444,1.9889,49,404
2255,478,2.0416,50,214
2256,1070,5.33,57,549
2257,337,1.4676,53,214
2258,247,1.2298,49,141
2259,511,2.505,55,294
2260,1568,8.5072,79,1332
2261,837,4.2668,63,402
2262,507,2.4487,52,123
2263,530,2.361,64,143
2264,621,2.8022,77,314
2265,450,2.1341,58,59
2266,546,2.3935,61,433
2267,290,1.2197,53,43
2268,518,2.2276,50,257
2269,512,2.364,50,260
2270,196,0.8471,48,34
2271,1062,5.4276,75,382
2272,629,2.8602,69,83
2273,262,1.0905,46,181
2274,120,0.4979,47,107
2275,118,0.4869,50,116
2276,40,0.1942,36,38
2277,126,0.5288,35,79
2278,739,3.3065,53,335
2279,536,2.5854,49,498
2280,325,1.5075,55,285
2281,1039,5.2544,78,769
2282,1699,9.1943,69,1534
2283,512,2.7393,50,357
2284,140,0.5596,50,73
2285,420,2.1813,53,194
2286,135,0.677,38,114
2287,150,0.6294,50,41
2288,137,0.5706,45,119
2289,219,0.8906,63,162
2290,417,1.9306,52,310
2291,489,2.2268,56,430
2292,74,0.3108,33,43
2293,579,2.5404,49,174
2294,881,4.3752,58,241
2295,1035,5.2267,57,144
2296,407,2.1226,48,103
2297,400,1.9747,46,257
2298,518,2.5835,55,52
2299,944,4.8523,74,891
2300,515,2.807,53,450
2301,294,1.4196,47,159
2302,733,3.5797,57,555
2303,562,2.8442,47,70
2304,344,1.5192,56,163
2305,1867,9.6896,73,1315
2306,385,1.7805,44,167
2307,303,1.286,47,116
2308,201,0.8717,48,136
2309,816,4.1287,73,424
2310,365,1.6974,41,283
2311,527,2.407,46,480
2312,365,1.755,55,293
2313,196,0.8945,43,93
2314,308,1.3212,55,271
2315,642,3.1408,59,266
2316,252,1.1512,44,85
2317,536,2.553,49,481
2318,188,0.8735,50,62
2319,1106,5.8459,69,616
2320,705,3.7447,60,311
2321,696,3.7369,55,495
2322,228,1.0552,54,215
2323,195,0.8166,42,122
2324,458,2.0914,52,457
2325,733,4.0016,68,517
2326,473,2.2878,49,264
2327,743,3.3901,47,311
2328,356,1.5151,61,147
2329,1707,8.3498,68,937
2330,202,0.8507,47,156
2331,448,1.9263,49,34
2332,315,1.6089,51,297
2333,598,2.5987,49,236
2334,220,1.1232,48,101
2335,297,1.3476,50,178
2336,150,0.6251,44,78
2337,512,2.4236,56,385
2338,143,0.5735,47,77
2339,116,0.4893,55,83
2340,99,0.5033,46,92
2341,134,0.5474,55,51
2342,180,0.742,39,90
2343,365,1.7317,46,111
2344,277,1.2809,67,164
2345,655,3.0337,54,536
2346,797,3.6984,55,612
2347,772,3.4608,60,628
2348,307,1.3445,43,224
2349,575,2.7071,73,511
2350,396,1.9624,48,173
2351,622,2.8574,62,354
2352,316,1.5232,50,269
2353,385,1.7069,57,83
2354,1674,8.328,74,1627
2355,380,1.6305,46,359
2356,360,1.7235,48,208
2357,398,2.0434,51,228
2358,436,1.897,70,179
2359,3304,17.0419,85,717
2360,164,0.7214,58,126
2361,1266,6.2933,57,865
2362,404,2.0068,52,157
2363,392,1.9808,54,78
2364,508,2.5455,59,73
2365,580,2.4996,68,570
2366,610,2.6799,47,90
2367,378,1.6343,58,48
2368,990,4.6681,76,644
2369,464,2.244,77,64
2370,1959,10.2815,65,721
2371,329,1.5132,61,276
2372,655,2.9764,65,475
2373,370,1.9107,47,295
2374,76,0.3062,39,57
2375,41,0.163,54,40
2376,284,1.232,51,205
2377,1182,5.909,54,832
2378,653,3.1024,51,614
2379,190,0.882,62,155
2380,321,1.3932,43,161
2381,250,1.0424,49,53
2382,430,2.0148,50,143
2383,178,0.7434,57,93
2384,774,3.529,69,240
2385,679,3.5222,62,605
2386,420,1.8136,53,68
2387,993,5.0594,62,258
2388,368,1.6171,62,316
2389,1154,6.168,57,572
2390,701,3.5078,66,342
2391,323,1.489,67,269
2392,408,1.7398,57,393
2393,696,3.417,54,188
2394,528,2.4518,57,70
2395,152,0.6435,60,50
2396,1955,9.7633,56,519
2397,1465,7.6819,61,363
2398,68,0.2934,33,48
2399,3913,20.3838,73,3723
2400,542,2.4872,50,445
2401,756,3.3577,71,483
2402,738,3.55,84,521
2403,1431,7.4064,52,1036
2404,261,1.2126,46,67
2405,549,2.4591,62,469
2406,590,2.7206,51,480
2407,4002,20.7519,76,459
2408,180,0.7616,38,55
2409,365,1.7588,60,207
2410,355,1.6283,62,104
2411,166,0.682,53,103
2412,517,2.2308,62,341
2413,423,2.2961,50,227
2414,268,1.2211,46,53
2415,752,4.0219,62,468
2416,244,1.021,49,94
2417,154,0.6382,57,97
2418,256,1.0749,47,181
2419,579,2.5805,49,254
2420,1961,10.1019,59,461
2421,212,0.9384,62,172
2422,432,1.886,55,425
2423,183,0.8001,46,176
2424,401,1.8806,52,348
2425,561,2.4002,58,144
2426,208,0.8773,43,81
2427,217,1.0761,52,66
2428,2237,11.2964,56,1302
2429,644,3.1987,64,146
2430,425,1.9648,64,75
2431,351,1.4996,50,276
2432,630,2.8012,56,629
2433,609,2.6079,61,390
2434,384,1.659,56,183
2435,388,1.8896,61,188
2436,324,1.3958,54,135
2437,692,3.2293,61,187
2438,2250,11.5411,67,487
2439,156,0.6681,51,46
2440,516,2.3531,51,48
2441,1201,5.9059,61,50
2442,1542,8.3813,66,492
2443,362,1.6094,52,256
2444,741,3.5927,50,617
2445,342,1.4466,43,151
2446,445,1.9316,51,255
2447,509,2.6738,59,116
2448,169,0.6962,40,108
2449,274,1.1425,48,86
2450,294,1.1965,46,95
2451,300,1.3076,55,70
2452,409,1.7835,60,387
2453,1365,6.8025,74,538
2454,681,3.4407,67,83
2455,229,1.0459,55,205
2456,398,1.9222,65,138
2457,420,1.8306,60,68
2458,174,0.8179,54,89
2459,157,0.6345,36,121
2460,1490,7.4627,72,651
2461,880,4.8523,46,700
2462,552,2.4931,47,538
2463,339,1.4773,48,264
2464,321,1.4465,45,111
2465,287,1.2044,40,110
2466,461,2.1093,53,344
2467,767,3.5378,54,255
2468,81,0.3706,43,50
2469,626,2.8409,60,43
2470,951,4.4912,54,861
2471,139,0.7055,43,115
2472,869,4.3661,61,621
2473,280,1.2386,49,234
2474,409,1.8329,55,60
2475,274,1.1326,56,224
2476,44,0.1897,39,21
2477,563,3.2435,60,238
2478,949,5.3493,50,887
2479,864,4.2353,88,790
2480,741,4.1568,78,586
2481,325,1.4141,63,175
2482,251,1.0525,48,226
2483,547,2.4822,48,41
2484,1670,8.6924,67,414
2485,3599,18.882,67,1700
2486,1639,8.6163,65,1387
2487,536,2.4239,75,157
2488,434,1.8716,54,311
2489,537,2.3804,55,397
2490,537,2.4317,61,482
2491,108,0.5442,48,103
2492,509,2.2317,45,270
2493,201,0.8435,44,45
2494,146,0.615,44,99
2495,2456,12.5873,67,1137
2496,615,3.0398,66,404
2497,233,0.989,58,54
2498,685,3.0835,48,368
2499,148,0.6478,40,133
2500,354,1.506,49,52
2501,605,2.6309,75,87
2502,877,4.3009,49,202
2503,140,0.5622,47,65
2504,321,1.3761,50,320
2505,561,2.4281,49,286
2506,277,1.2396,47,176
2507,643,2.9696,53,202
2508,649,3.156,61,423
2509,677,3.0704,55,521
2510,810,3.703,65,741
2511,254,1.0956,36,175
2512,466,2.2343,58,71
2513,593,2.835,65,433
2514,235,0.9931,45,226
2515,853,4.0113,61,429
2516,642,2.9382,75,171
2517,2211,11.2008,63,471
2518,303,1.3221,41,207
2519,629,2.763,54,566
2520,198,0.8674,50,93
2521,103,0.4299,45,102
2522,363,1.5988,53,241
2523,2241,11.3553,61,2203
2524,670,3.1127,62,288
2525,668,3.1158,57,70
2526,1068,5.4138,63,964
2527,61,0.3014,45,59
2528,1115,5.639,59,833
2529,690,3.1743,52,146
2530,605,3.2523,51,45
2531,151,0.6208,46,145
2532,2043,10.2961,62,1462
2533,752,3.4596,57,67
2534,142,0.5735,52,141
2535,1435,7.0296,57,760
2536,218,1.0912,46,124
2537,886,4.3654,56,835
2538,103,0.5085,38,49
2539,242,1.1104,49,144
2540,264,1.1425,42,241
2541,711,3.4096,52,470
2542,706,3.7095,61,236
2543,1292,6.8432,51,1231
2544,249,1.0638,41,68
2545,174,0.874,48,173
2546,1146,5.9931,53,455
2547,633,3.1616,49,596
2548,428,2.0103,51,280
2549,710,3.1283,53,706
2550,665,2.9278,52,194
2551,231,0.9786,43,154
2552,277,1.1512,62,63
2553,901,4.5012,70,838
2554,1289,6.5446,62,1239
2555,819,4.1728,71,563
2556,1119,5.804,58,524
2557,493,2.1872,64,49
2558,197,0.958,45,136
2559,423,1.8204,55,58
2560,148,0.7444,49,96
2561,692,3.2432,60,524
2562,583,2.6114,51,579
2563,344,1.4931,54,94
2564,402,1.7378,59,216
2565,509,2.5501,50,404
2566,830,3.801,72,252
2567,298,1.287,58,70
2568,215,0.8853,61,67
2569,621,2.7058,70,585
2570,981,5.2146,61,848
2571,995,5.141,51,464
2572,221,0.9661,52,161
2573,252,1.1089,46,48
2574,310,1.6728,53,254
2575,138,0.7013,50,65
2576,453,2.1229,52,419
2577,430,1.8319,48,249
2578,511,2.4065,58,52
2579,495,2.2358,67,60
2580,192,0.8037,47,181
2581,642,2.9851,46,275
2582,397,1.8502,54,109
2583,373,1.7118,49,175
2584,182,0.7592,55,141
2585,517,2.3269,60,460
2586,225,0.9543,44,222
2587,216,0.89,39,183
2588,217,0.936,43,183
2589,216,0.8952,48,183
2590,200,0.8505,39,167
2591,216,1.0897,47,183
2592,223,0.9165,46,64
2593,1170,6.0734,62,821
2594,493,2.4886,62,51
2595,494,2.9015,50,403
2596,488,2.4042,62,59
2597,887,4.599,53,876
2598,552,2.6288,56,137
2599,460,2.1374,63,88
2600,290,1.3135,64,91
2601,1976,10.5283,56,893
2602,251,1.2018,46,84
2603,497,2.2231,51,302
2604,521,2.2941,53,64
2605,1194,6.3336,64,1053
2606,1488,7.5994,60,78
2607,196,1.2134,52,171
2608,1253,6.3,50,182
2609,364,1.607,60,361
2610,584,2.6117,64,55
2611,192,0.9814,45,96
2612,159,0.8072,46,140
2613,2244,11.4608,60,1831
2614,582,2.8038,53,565
2615,1019,5.1551,55,976
2616,195,0.8107,47,118
2617,87,0.341,37,84
2618,438,1.8911,53,70
2619,300,1.2972,50,126
2620,173,0.7228,41,81
2621,873,4.2923,71,775
2622,1944,9.7002,63,1631
2623,734,3.6614,47,303
2624,357,1.5712,46,104
2625,785,3.6159,62,528
2626,523,2.3661,50,493
2627,584,2.5308,58,374
2628,699,3.0755,63,323
2629,675,3.3977,62,504
2630,457,2.1341,49,47
2631,318,1.3506,52,82
2632,211,0.917,52,199
2633,684,3.1367,53,574
2634,873,4.1986,52,563
2635,586,2.8279,58,190
2636,453,2.0243,64,452
2637,204,0.8254,41,142
2638,531,2.3349,54,393
2639,258,1.1379,49,153
2640,57,0.2465,50,52
2641,815,3.7271,52,524
2642,679,3.069,51,273
2643,858,3.9551,71,526
2644,779,3.5934,54,220
2645,878,4.2027,64,646
2646,875,4.2549,66,282
2647,259,1.1501,47,80
2648,328,1.4361,41,261
2649,522,2.2548,59,518
2650,228,1.0016,53,59
2651,247,1.0567,50,171
2652,393,1.7067,38,218
2653,351,1.5751,46,199
2654,834,3.894,57,728
2655,321,1.4054,48,121
2656,338,1.434,49,192
2657,1346,6.7308,79,1071
2658,86,0.3618,40,76
2659,381,1.6828,75,87
2660,593,2.6928,83,156
2661,943,4.6693,48,137
2662,313,1.4875,50,107
2663,155,0.7125,45,40
2664,276,1.1952,56,74
2665,307,1.3077,51,299
2666,827,3.8659,50,548
2667,799,3.6797,63,118
2668,503,2.2619,53,45
2669,413,1.8402,46,180
2670,390,1.8263,45,161
2671,391,1.6946,48,286
2672,524,2.4794,47,382
2673,787,4.0004,53,483
2674,90,0.3606,46,51
2675,398,1.9032,42,107
2676,393,1.7663,60,233
2677,400,1.9031,50,39
2678,338,1.6116,56,107
2679,141,0.5607,42,121
2680,614,2.6866,52,589
2681,738,3.2313,56,595
2682,187,0.8064,44,85
2683,330,1.4776,59,123
2684,480,2.2601,62,179
2685,120,0.4768,49,42
2686,705,3.1293,75,52
2687,537,2.3663,55,534
2688,724,3.6998,47,520
2689,783,4.0495,53,447
2690,561,2.6705,79,214
2691,96,0.3748,38,28
2692,609,2.7081,62,593
2693,469,2.0218,52,262
2694,823,4.1183,64,500
2695,252,1.3194,46,77
2696,947,4.9901,70,431
2697,777,3.927,65,114
2698,767,6.9163,66,83
2699,626,3.8047,53,60
2700,982,6.6355,60,131
2701,508,2.8915,56,66
2702,887,6.1311,49,673
2703,588,2.8433,49,416
2704,148,0.6509,45,89
2705,149,0.6156,46,90
2706,167,0.7006,52,113
2707,675,3.1286,63,619
2708,674,3.0784,49,483
2709,1321,6.6248,61,395
2710,302,1.4277,44,228
2711,603,2.8897,48,168
2712,473,2.1991,49,135
2713,284,1.2754,53,190
2714,368,1.6147,55,84
2715,282,1.1847,48,108
2716,2198,11.3942,76,545
2717,126,0.5068,45,60
2718,1844,9.5924,64,987
2719,256,1.2818,44,194
2720,190,0.7807,47,137
2721,242,1.0242,45,140
2722,1063,5.5158,74,288
2723,406,1.9127,45,364
2724,597,2.7661,49,430
2725,507,2.1757,53,172
2726,106,0.4246,53,98
2727,955,4.6154,57,782
2728,218,0.9437,52,217
2729,922,4.5868,51,413
2730,586,2.6161,47,214
2731,179,0.7341,57,62
2732,565,3.0546,60,232
2733,493,2.561,49,202
2734,1452,7.3905,74,1376
2735,242,1.0823,45,178
2736,1331,6.5965,79,318
2737,426,2.1119,48,111
2738,1800,8.8712,58,791
2739,319,1.634,38,232
2740,125,0.5139,40,82
2741,752,3.7837,51,62
2742,118,0.5904,36,74
2743,1691,8.5886,59,630
2744,392,2.0632,43,170
2745,614,2.7754,50,485
2746,312,1.3004,51,100
2747,1129,5.5157,73,715
2748,298,1.3043,42,65
2749,139,0.5713,39,95
2750,471,2.0182,59,247
2751,252,1.0599,44,77
2752,184,0.7573,53,169
2753,142,0.5741,40,95
2754,554,2.4313,65,106
2755,362,1.645,57,95
2756,156,0.6764,47,86
2757,286,1.1899,71,175
2758,466,1.9716,61,251
2759,688,3.2259,61,513
2760,697,3.0296,59,226
2761,207,0.9038,59,83
2762,1221,6.0122,75,701
2763,824,4.0843,70,144
2764,656,3.1606,54,232
2765,2471,12.8432,55,1793
2766,1124,5.8579,54,1121
2767,212,0.9177,43,83
2768,894,4.4936,61,201
2769,579,2.8305,70,555
2770,396,1.756,66,335
2771,152,0.6438,48,122
2772,1094,5.5441,66,314
2773,476,2.1983,51,262
2774,395,1.8806,54,137
2775,1342,6.5054,71,948
2776,463,2.4595,66,79
2777,232,0.9464,51,95
2778,254,1.0733,47,214
2779,598,2.7674,59,270
2780,571,2.5833,51,396
2781,289,1.3202,48,211
2782,117,0.4902,50,91
2783,440,2.0393,45,152
2784,1413,7.5429,73,1331
2785,1412,7.2601,52,435
2786,462,2.3296,51,327
2787,637,2.8331,49,617
2788,817,4.0628,61,130
2789,1355,6.9232,73,877
2790,970,5.0646,53,509
2791,844,4.4234,68,47
2792,352,1.7127,57,176
2793,330,1.4769,50,248
2794,421,1.7143,71,123
2795,945,4.6162,57,594
2796,135,0.5336,55,75
2797,651,3.0226,48,460
2798,320,1.3881,46,132
2799,200,0.8242,43,198
2800,583,2.5221,63,439
2801,219,0.9317,47,164
2802,476,2.1053,56,342
2803,269,1.1188,48,81
2804,1249,6.1203,53,1032
2805,371,1.6003,53,172
2806,263,1.3354,42,84
2807,2728,13.8957,61,688
2808,221,1.0568,51,166
2809,119,0.5057,52,55
2810,257,1.1471,49,153
2811,695,3.4032,60,104
2812,198,0.8247,56,49
2813,2172,10.8792,62,1256
2814,1477,8.333,55,1307
2815,514,2.3812,52,220
2816,845,4.4113,52,84
2817,614,2.9507,62,180
2818,440,2.0498,46,406
2819,517,2.2335,57,93
2820,431,1.9009,48,281
2821,527,2.2658,47,41
2822,628,2.947,60,479
2823,410,1.6973,58,231
2824,607,2.6602,57,83
2825,941,4.5661,76,87
2826,445,1.954,61,443
2827,316,1.4016,65,186
2828,378,1.6572,42,158
2829,223,0.9347,52,111
2830,152,0.6435,52,99
2831,631,2.784,54,525
2832,454,2.1232,53,442
2833,175,0.7835,48,62
2834,682,3.308,61,649
2835,117,0.5179,49,114
2836,559,2.5114,54,399
2837,1013,4.9904,56,1011
2838,754,3.4411,65,311
2839,113,0.4711,40,66
2840,200,0.8094,48,151
2841,967,4.7231,49,813
2842,318,1.6229,49,105
2843,123,0.495,40,60
2844,650,2.9017,62,208
2845,327,1.4045,50,105
2846,327,1.5848,60,237
2847,111,0.6071,56,48
2848,371,1.6725,45,102
2849,1094,5.5729,60,1079
2850,293,1.3062,52,227
2851,1685,8.2721,59,325
2852,5323,28.35,68,3053
2853,177,0.7465,69,154
2854,91,0.3663,39,54
2855,537,2.3398,59,90
2856,410,1.8929,46,47
2857,119,0.5621,51,118
2858,95,0.4278,41,47
2859,612,2.9272,68,97
2860,1132,5.3764,70,437
2861,512,2.586,55,441
2862,471,2.0614,47,133
2863,451,2.028,46,69
2864,205,0.8445,49,198
2865,670,3.0701,56,127
2866,746,3.7306,54,476
2867,307,1.2972,73,75
2868,80,0.3506,47,47
2869,300,1.3247,47,79
2870,606,2.728,54,194
2871,887,4.7949,61,819
2872,316,1.3683,62,304
2873,909,4.2773,63,810
2874,457,1.9596,53,71
2875,993,4.7743,66,47
2876,757,3.5086,54,91
2877,489,2.5557,66,60
2878,236,1.0066,54,208
2879,351,1.4787,55,96
2880,1118,5.4927,74,787
2881,1431,7.3226,62,593
2882,112,0.4541,47,97
2883,301,1.2766,48,57
2884,1660,8.1174,60,337
2885,490,2.2065,58,367
2886,660,3.2744,54,166
2887,2189,11.0308,54,2025
2888,217,0.9197,53,92
2889,658,3.0604,53,76
2890,224,0.9405,47,193
2891,1839,9.2985,80,1618
2892,336,1.5984,52,151
2893,692,3.3579,65,355
2894,670,3.107,82,473
2895,250,1.1858,51,48
2896,577,2.7796,48,362
2897,274,1.2168,40,164
2898,478,2.0393,47,208
2899,438,2.1845,81,247
2900,132,0.5412,42,120
2901,510,2.1831,52,454
2902,512,2.605,50,76
2903,510,2.2084,52,65
2904,503,2.1511,59,227
2905,502,2.4329,47,446
2906,93,0.4655,39,41
2907,722,3.2801,58,487
2908,389,1.728,48,151
2909,199,0.9605,42,55
2910,192,0.8142,48,59
2911,253,1.3826,49,120
2912,396,1.7454,59,46
2913,303,1.4027,53,96
2914,601,3.1846,49,87
2915,756,3.4338,59,104
2916,248,1.0504,60,175
2917,449,1.9475,59,345
2918,764,3.3958,58,763
2919,634,2.9936,68,387
2920,322,1.5886,43,211
2921,1391,7.0779,70,819
2922,340,1.488,54,148
2923,1141,5.5205,61,573
2924,235,1.0848,56,218
2925,298,1.4552,48,190
2926,554,2.9826,57,158
2927,281,1.6428,49,43
2928,199,1.3691,44,48
2929,615,3.3949,57,425
2930,257,1.1764,39,198
2931,225,0.9403,48,61
2932,180,0.7489,49,58
2933,228,0.926,59,218
2934,269,1.1293,46,54
2935,569,2.381,49,381
2936,454,1.966,52,226
2937,487,2.1847,55,330
2938,183,0.7504,42,165
2939,199,0.8215,37,134
2940,423,1.8103,55,109
2941,86,0.3522,47,53
2942,206,0.8401,44,71
2943,294,1.2489,47,235
2944,672,3.0984,69,491
2945,986,4.7689,53,733
2946,450,2.0071,61,76
2947,1219,5.9442,80,143
2948,398,1.8547,47,85
2949,130,0.5124,47,64
2950,455,1.9753,59,332
2951,486,2.1883,50,432
2952,1060,5.1807,56,903
2953,460,2.0253,45,69
2954,517,2.208,52,225
2955,728,3.3185,62,167
2956,886,4.4005,69,788
2957,639,3.1433,59,539
2958,1487,7.7775,53,1018
2959,155,0.6525,44,50
2960,1476,7.2615,65,1349
2961,1158,5.8789,72,409
2962,815,3.9504,58,99
2963,389,1.8518,56,234
2964,671,2.9429,56,484
2965,125,0.5059,38,83
2966,1719,8.8709,65,898
2967,276,1.1941,49,226
2968,538,2.347,64,79
2969,953,4.5401,65,83
2970,261,1.1029,44,244
2971,499,2.1798,56,171
2972,355,1.5516,56,58
2973,106,0.4312,44,87
2974,1536,7.6451,74,1267
2975,510,2.3939,63,501
2976,870,4.1526,75,125
2977,534,2.341,69,485
2978,439,1.8425,60,405
2979,490,2.2119,53,143
2980,843,4.2219,63,451
2981,501,2.4477,51,155
2982,249,1.0438,53,97
2983,540,2.5794,79,117
2984,506,2.3666,60,421
2985,348,1.4232,54,172
2986,355,1.5146,54,111
2987,1192,5.8483,68,411
2988,489,2.416,51,332
2989,154,0.9047,54,146
2990,649,3.007,57,410
2991,455,2.0059,62,266
2992,298,1.2585,47,261
2993,256,1.0754,47,128
2994,297,1.2503,47,64
2995,346,2.1534,63,314
2996,855,4.2278,61,412
2997,250,1.0599,53,42
2998,588,2.7185,61,242
2999,428,1.8764,59,296
3000,917,4.5114,53,558
3001,231,1.0813,68,163
3002,605,2.7674,62,179
3003,952,5.0262,65,878
3004,366,1.933,61,87
3005,612,2.7026,58,107
3006,246,1.2265,47,220
3007,149,0.6088,56,99
3008,65,0.2543,48,33
3009,740,3.5918,60,252
3010,868,4.0089,50,376
3011,577,2.8315,54,571
3012,295,1.4901,46,113
3013,521,2.2457,56,332
3014,488,2.2804,49,198
3015,507,2.4072,49,452
3016,382,1.6947,55,262
3017,211,1.0573,41,155
3018,860,4.061,54,464
3019,153,0.6435,55,147
3020,135,0.6228,38,26
3021,239,1.0052,48,117
3022,307,1.2987,44,225
3023,1538,7.4235,58,550
3024,1674,8.2122,77,1282
3025,1042,5.2894,52,226
3026,581,2.6215,52,306
3027,524,2.4106,63,178
3028,150,1.0165,50,47
3029,399,1.6947,61,374
3030,895,4.4191,49,725
3031,406,2.0954,48,221
3032,82,0.3246,35,77
3033,579,2.5585,60,230
3034,745,3.5417,61,75
3035,556,2.4447,47,456
3036,204,0.8464,49,194
3037,553,2.3369,50,503
3038,347,1.6474,50,42
3039,944,4.7139,56,568
3040,364,1.5587,59,193
3041,380,1.6456,48,329
3042,496,2.1333,54,415
3043,654,3.0338,62,577
3044,529,2.2848,58,68
3045,374,1.7324,53,67
3046,396,1.7107,49,228
3047,1697,8.6173,80,64
3048,418,1.9763,55,121
3049,482,2.2107,49,444
3050,241,1.0445,44,77
3051,4913,25.8956,69,1703
3052,64,0.269,36,61
3053,147,0.5962,42,38
3054,721,3.2682,79,82
3055,782,3.7539,48,460
3056,521,2.3001,49,104
3057,1255,6.1677,52,1221
3058,244,1.0515,50,181
3059,697,3.142,54,294
3060,530,2.3417,59,78
3061,727,3.2643,59,524
3062,1013,5.0279,50,604
3063,424,1.847,70,259
3064,109,0.4913,42,77
3065,348,1.4915,54,93
3066,659,2.8581,50,100
3067,217,0.9162,52,158
3068,139,0.5585,42,57
3069,544,2.3446,56,473
3070,519,2.3763,47,296
3071,226,0.9314,62,209
3072,196,0.8103,49,164
3073,1039,5.1577,75,721
3074,1045,5.2953,60,203
3075,526,2.2599,55,507
3076,341,1.4337,47,339
3077,672,3.2362,54,373
3078,122,0.4843,43,39
3079,643,2.8051,43,324
3080,1230,6.1382,56,824
3081,463,2.1722,57,453
3082,368,1.5899,58,80
3083,260,1.1046,47,183
3084,677,3.5509,61,73
3085,995,4.9126,61,519
3086,2075,10.5435,76,1816
3087,189,0.8155,53,70
3088,332,1.681,51,264
3089,259,1.1749,54,255
3090,725,3.6053,42,402
3091,1146,5.926,60,128
3092,1053,8.208,69,274
3093,202,1.515,64,115
3094,601,3.2949,55,579
3095,481,3.7144,46,222
3096,485,3.0692,57,152
3097,464,2.6665,50,409
3098,187,0.9125,47,63
3099,420,2.778,52,377
3100,1406,7.4577,63,733
3101,377,1.8586,62,298
3102,78,0.3073,34,49
3103,535,2.5016,68,282
3104,1052,5.6821,58,571
3105,492,2.3559,57,402
3106,994,5.1049,54,861
3107,182,0.7503,51,173
3108,369,1.5828,38,322
3109,347,1.4758,57,195
3110,528,2.3204,56,285
3111,246,1.1341,51,103
3112,653,2.9006,74,566
3113,439,1.972,48,68
3114,694,3.1434,52,630
3115,598,3.0782,59,94
3116,735,3.5613,60,543
3117,244,1.0368,46,122
3118,707,3.5972,62,82
3119,705,3.3417,60,459
3120,612,2.9057,58,156
3121,605,2.7786,46,408
3122,251,1.2066,75,144
3123,251,1.0492,61,89
3124,462,2.0014,83,359
3125,271,1.143,40,50
3126,419,1.8051,48,242
3127,472,2.0355,54,64
3128,408,1.9283,44,147
3129,422,1.87,58,230
3130,3480,19.1495,66,2874
3131,1002,5.9402,64,88
3132,155,0.8347,44,104
3133,138,0.5585,44,116
3134,121,0.4838,43,114
3135,135,0.5551,61,102
3136,455,2.0395,53,431
3137,926,4.6189,69,555
3138,187,0.8675,49,107
3139,318,1.3911,45,278
3140,405,1.7864,56,190
3141,392,1.7475,44,200
3142,170,0.8694,42,94
3143,157,0.6372,45,31
3144,160,0.647,48,67
3145,963,4.9181,68,481
3146,144,0.5876,44,79
3147,1175,5.9072,64,1100
3148,525,2.746,48,279
3149,317,1.3298,52,227
3150,480,2.2536,53,331
3151,722,3.2386,54,688
3152,281,1.3758,74,69
3153,300,1.2959,62,108
3154,495,2.2122,51,126
3155,119,0.4848,41,68
3156,887,4.4126,66,139
3157,396,1.7473,45,258
3158,168,0.6936,44,68
3159,331,1.4803,48,239
3160,159,0.6904,46,93
3161,390,1.7462,51,253
3162,93,0.3715,32,53
3163,218,0.8961,37,143
3164,1094,5.4118,71,715
3165,493,2.1823,57,63
3166,856,4.1223,67,809
3167,112,0.4437,40,62
3168,477,2.1267,56,296
3169,540,2.3473,54,245
3170,351,1.4901,48,147
3171,748,3.3274,65,272
3172,493,2.3812,49,352
3173,213,0.8953,56,159
3174,179,0.7364,47,105
3175,215,0.8952,59,186
3176,820,3.9529,52,326
3177,255,1.0848,50,72
3178,125,0.5019,57,121
3179,3920,20.1526,58,184
3180,394,1.7963,51,316
3181,266,1.1236,51,190
3182,452,1.9623,46,124
3183,716,3.1535,51,272
3184,87,0.3513,38,60
3185,392,1.7294,47,178
3186,609,2.6003,50,56
3187,186,0.769,48,181
3188,532,2.3452,67,445
3189,400,1.7456,46,102
3190,495,2.7006,56,270
3191,953,4.9018,55,730
3192,611,2.7725,44,513
3193,1184,6.146,66,612
3194,541,2.3917,47,82
3195,1077,5.3301,72,50
3196,334,1.4188,49,178
3197,379,1.7247,76,174
3198,766,3.4493,53,104
3199,628,2.7978,60,617
3200,504,2.1714,56,500
3201,1191,6.0384,68,131
3202,1515,7.9557,56,684
3203,218,1.1823,46,127
3204,1215,6.1997,64,96
3205,289,1.2415,41,284
3206,608,3.042,52,77
3207,335,1.4122,53,49
3208,277,1.3987,50,41
3209,591,2.7479,50,73
3210,344,1.5175,45,114
3211,624,2.7101,70,51
3212,2143,10.7883,55,232
3213,638,3.4335,61,438
3214,1227,6.0512,92,83
3215,672,3.5601,66,468
3216,699,3.2687,54,325
3217,1192,5.7649,61,248
3218,140,0.6463,32,125
3219,91,0.5296,59,41
3220,192,0.9219,49,177
3221,348,1.4986,53,239
3222,193,0.7924,45,186
3223,468,2.0181,47,449
3224,842,4.1679,52,582
3225,227,1.2319,71,207
3226,317,1.4865,49,83
3227,183,0.7471,48,99
3228,144,0.7052,47,55
3229,333,1.4289,55,305
3230,79,0.3197,47,68
3231,556,2.5184,53,73
3232,397,1.9862,59,47
3233,269,1.1727,41,240
3234,370,1.5553,47,49
3235,405,1.9296,44,311
3236,212,0.8825,48,80
3237,890,4.2809,52,184
3238,269,1.1604,40,234
3239,123,0.5783,35,47
3240,820,3.8177,74,122
3241,421,2.0221,71,420
3242,681,2.9948,82,332
3243,1008,4.9388,59,520
3244,227,0.9767,43,60
3245,595,2.8329,63,74
3246,630,2.8336,57,226
3247,338,1.4308,55,187
3248,226,1.0263,54,95
3249,847,4.383,61,177
3250,511,2.3222,46,455
3251,170,0.7154,48,72
3252,497,2.1766,60,289
3253,540,2.5305,68,70
3254,462,2.0043,50,144
3255,197,0.8092,49,183
3256,525,2.3922,55,118
3257,177,0.9379,67,174
3258,591,2.6577,66,435
3259,289,1.213,48,60
3260,182,0.825,51,85
3261,526,2.2754,49,524
3262,329,1.4903,47,239
3263,929,4.8022,66,524
3264,387,1.8857,41,237
3265,328,1.4177,44,251
3266,412,1.8943,52,238
3267,301,1.2835,48,116
3268,246,1.0827,64,78
3269,695,3.1071,73,329
3270,498,2.204,58,268
3271,682,3.0252,60,351
3272,1748,8.8544,52,61
3273,126,0.591,61,83
3274,408,1.7424,61,117
3275,2227,11.2669,71,741
3276,432,2.0881,50,324
3277,718,3.5552,72,689
3278,505,2.4819,61,450
3279,2532,12.9884,90,2297
3280,1060,5.6028,77,649
3281,126,0.5071,38,117
3282,1308,6.7187,62,548
3283,4700,24.8831,70,4251
3284,163,0.711,43,140
3285,891,4.5974,63,95
3286,220,1.1098,58,144
3287,204,0.8376,45,92
3288,263,1.1175,55,94
3289,1351,7.1689,54,995
3290,249,1.1201,54,172
3291,1747,9.1975,63,647
3292,1597,8.0603,77,873
3293,581,2.586,65,516
3294,410,1.892,51,42
3295,1283,6.2111,64,998
3296,2112,10.6881,75,1987
3297,69,0.2975,37,52
3298,2007,10.0436,73,125
3299,388,1.8957,51,262
3300,388,1.7921,52,55
3301,161,0.7275,49,130
3302,378,1.6509,44,70
3303,73,0.2916,49,50
3304,184,0.746,55,119
3305,212,0.8859,52,203
3306,326,1.4311,58,54
3307,420,2.1039,58,162
3308,1151,5.6528,73,610
3309,561,2.6772,52,193
3310,2104,10.544,79,1386
3311,574,2.6131,54,57
3312,484,2.0873,59,58
3313,491,2.1472,59,427
3314,575,2.4804,56,129
3315,873,4.2746,76,585
3316,332,1.3966,55,104
3317,344,1.4991,51,75
3318,395,1.7037,52,84
3319,308,1.3023,47,306
3320,526,2.6368,53,302
3321,360,1.5429,64,70
3322,188,0.7658,45,180
3323,329,1.5653,60,276
3324,608,2.7085,59,275
3325,163,0.6559,44,45
3326,210,0.8841,49,191
3327,1106,5.5499,57,537
3328,1562,8.1796,62,1137
3329,321,1.4724,51,80
3330,835,4.2209,80,408
3331,1825,9.8488,57,753
3332,190,0.9251,45,144
3333,413,1.9073,49,318
3334,376,1.587,50,105
3335,247,1.022,67,107
3336,174,0.8153,49,98
3337,234,1.1982,45,230
3338,177,0.7684,51,58
3339,455,1.9757,71,454
3340,677,3.1134,66,78
3341,77,0.3046,44,68
3342,640,2.8676,67,194
3343,1884,9.7742,66,1191
3344,585,3.1159,65,86
3345,1960,9.9882,65,1466
3346,512,2.9392,73,83
3347,2518,13.2352,54,1708
3348,682,3.4283,73,55
3349,1103,5.8356,49,923
3350,599,2.9301,48,455
3351,274,1.2013,46,211
3352,465,2.0285,65,187
3353,419,2.0693,67,200
3354,378,1.5784,51,285
3355,62,0.2593,36,61
3356,666,3.2036,48,126
3357,346,1.442,54,134
3358,226,0.9457,47,134
3359,334,1.4312,50,137
3360,688,3.3149,78,257
3361,333,1.4887,56,323
3362,318,1.3322,47,68
3363,94,0.3654,53,89
3364,496,2.3766,57,416
3365,2085,10.3997,63,963
3366,181,0.7515,60,39
3367,353,1.5667,50,314
3368,658,2.9031,53,575
3369,168,0.6785,55,164
3370,729,3.393,75,60
3371,261,1.0993,56,121
3372,225,0.948,49,67
3373,228,0.9498,43,183
3374,1202,5.8548,58,772
3375,788,4.0285,59,380
3376,1385,7.3357,53,1383
3377,284,1.2462,50,165
3378,250,1.1204,67,193
3379,500,2.2057,60,455
3380,2314,11.8564,73,455
3381,96,0.3869,35,61
3382,356,1.5142,51,275
3383,302,1.4042,56,56
3384,507,2.2685,58,439
3385,516,2.231,63,111
3386,241,1.0033,54,127
3387,180,0.8435,52,140
3388,700,3.2195,62,257
3389,3005,15.4258,73,1590
3390,173,0.718,51,90
3391,537,2.4492,57,475
3392,484,2.2401,53,79
3393,1130,6.529,61,297
3394,218,0.9235,46,202
3395,1181,5.8109,70,1006
3396,1374,6.9653,71,833
3397,335,1.5754,59,172
3398,506,2.2323,62,440
3399,417,1.8946,42,256
3400,620,2.8866,55,411
3401,239,1.0012,46,85
3402,102,0.398,39,101
3403,204,0.8452,46,169
3404,200,0.8575,47,96
3405,405,1.8162,53,393
3406,575,2.5474,51,567
3407,808,3.9212,50,543
3408,407,1.7678,52,148
3409,374,1.6388,50,54
3410,1713,8.4991,61,1239
3411,190,0.7965,62,123
3412,152,0.6347,55,73
3413,217,0.8978,45,147
3414,161,0.7358,49,132
3415,185,0.755,53,174
3416,244,1.0496,50,236
3417,506,2.3536,62,73
3418,239,1.0546,43,54
3419,148,0.586,43,142
3420,325,1.3887,55,107
3421,360,1.5069,45,70
3422,692,3.3304,52,69
3423,1327,6.921,76,566
3424,292,1.2878,44,45
3425,1048,5.2943,75,333
3426,1074,5.3294,62,325
3427,709,3.2315,67,93
3428,418,1.8229,63,308
3429,339,1.4543,48,199
3430,486,2.0662,53,280
3431,121,0.4792,45,119
3432,513,2.4036,55,323
3433,562,2.7337,53,113
3434,632,3.2231,55,569
3435,752,3.3794,68,279
3436,722,3.3201,78,223
3437,111,0.4377,42,58
3438,145,0.5744,39,123
3439,443,1.9204,48,332
3440,2301,11.6917,64,2137
3441,501,2.2347,60,295
3442,266,1.1011,46,131
3443,413,1.7809,59,68
3444,550,2.5869,75,491
3445,421,1.8634,46,393
3446,388,1.618,59,201
3447,522,2.2396,57,81
3448,1528,7.9047,58,922
3449,879,4.4794,52,612
3450,511,2.6926,56,48
3451,855,4.1325,61,328
3452,151,0.6322,46,149
3453,685,3.1986,52,539
3454,1755,8.5998,55,282
3455,452,2.1597,75,437
3456,517,2.2552,54,61
3457,3536,18.4393,59,2043
3458,479,2.1216,69,169
3459,671,3.3968,56,581
3460,432,2.169,54,132
3461,485,2.1077,54,474
3462,1032,5.1281,60,518
3463,184,0.8866,59,180
3464,198,0.8079,58,150
3465,1545,7.8203,59,1284
3466,794,4.0647,48,77
3467,549,2.4746,56,518
3468,254,1.0638,46,91
3469,139,0.5727,47,77
3470,308,1.2997,50,193
3471,252,1.08,54,181
3472,593,2.7497,49,300
3473,491,2.0716,62,199
3474,1068,5.2067,70,945
3475,978,4.7177,73,503
3476,1979,9.9801,66,1338
3477,437,2.1751,51,245
3478,1228,6.1113,48,974
3479,996,4.9954,69,218
3480,319,1.3452,77,137
3481,351,1.6027,49,187
3482,1554,8.1174,79,1110
3483,586,3.129,50,39
3484,514,2.261,57,357
3485,410,1.7724,61,62
3486,927,4.5365,49,266
3487,164,0.6724,40,128
3488,1774,9.1864,65,260
3489,2670,13.8363,59,159
3490,957,4.8267,64,847
3491,837,4.1716,62,483
3492,493,2.3942,53,324
3493,310,1.4112,55,262
3494,168,0.6978,42,125
3495,158,0.8189,44,64
3496,914,4.9567,51,868
3497,2845,15.0637,66,497
3498,465,2.3231,54,312
3499,496,2.4067,52,495
3500,523,2.2949,64,464
3501,519,2.3785,54,494
3502,303,1.3014,52,292
3503,108,0.4261,46,60
3504,584,2.7894,45,182
3505,732,3.3042,61,242
3506,972,4.6846,74,668
3507,588,2.6127,54,220
3508,320,1.5497,50,139
3509,785,3.7869,51,641
3510,798,3.5588,65,288
3511,1638,8.1038,58,992
3512,2054,11.3284,59,477
3513,127,0.5989,48,58
3514,617,2.9775,52,326
3515,332,1.492,42,130
3516,748,3.6126,63,74
3517,1216,6.0858,57,768
3518,456,2.1502,53,70
3519,656,2.9072,70,56
3520,113,0.4842,45,44
3521,498,2.2802,48,250
3522,407,1.7156,47,105
3523,1001,5.2365,62,826
3524,407,1.8112,55,81
3525,400,1.7819,58,368
3526,412,1.7944,45,318
3527,399,1.803,48,91
3528,1396,6.8378,62,215
3529,1855,9.523,69,1737
3530,627,2.8242,57,620
3531,398,2.036,63,122
3532,90,0.3695,47,84
3533,691,3.1766,51,551
3534,345,1.4544,51,271
3535,684,3.1024,56,624
3536,453,2.1138,60,251
3537,197,1.1136,53,102
3538,1712,9.2638,74,1096
3539,1440,7.5392,58,967
3540,322,1.6711,47,200
3541,258,1.1304,63,230
3542,204,0.8492,39,103
3543,513,2.4624,50,416
3544,149,0.6107,46,78
3545,1319,6.6214,55,1249
3546,156,0.6439,66,61
3547,776,3.7189,77,255
3548,465,2.0098,51,349
3549,678,3.1772,64,674
3550,819,4.149,55,149
3551,409,1.9428,58,408
3552,413,1.8979,49,292
3553,398,1.9359,48,229
3554,93,0.3704,38,53
3555,223,0.9432,44,158
3556,1871,9.3491,80,83
3557,347,1.647,48,227
3558,1545,7.8692,72,839
3559,179,0.7661,39,83
3560,542,2.4102,55,69
3561,597,2.6072,66,208
3562,287,1.2054,51,184
3563,566,2.4691,46,535
3564,874,4.0429,71,486
3565,190,0.8044,45,80
3566,622,2.78,67,457
3567,793,3.5623,59,520
3568,723,3.5018,58,251
3569,610,2.6346,68,471
3570,393,1.9239,51,332
3571,115,0.5463,35,71
3572,231,0.9648,55,72
3573,443,1.9441,50,386
3574,314,1.3484,51,205
3575,3751,19.1813,67,3194
3576,66,0.265,38,55
3577,935,4.7179,66,397
3578,827,4.0082,74,179
3579,467,1.9903,57,343
3580,664,2.9524,63,165
3581,917,4.3718,65,760
3582,386,1.8907,50,324
3583,388,1.6155,53,306
3584,288,1.2163,46,45
3585,458,2.3139,51,63
3586,78,0.3015,58,57
3587,191,0.8092,50,136
3588,1248,6.3398,52,514
3589,238,0.9905,62,214
3590,1009,4.7629,54,671
3591,479,2.1644,55,136
3592,315,1.3678,47,157
3593,1672,8.7392,64,708
3594,1023,5.6298,52,883
3595,1196,5.892,85,1189
3596,526,2.4729,51,131
3597,414,1.8009,49,95
3598,499,2.3514,45,142
3599,744,3.3047,57,509
3600,718,3.6858,73,575
3601,543,2.6138,53,310
3602,572,2.7251,59,477
3603,2220,11.3559,62,1489
3604,487,2.389,47,414
3605,837,4.2942,48,743
3606,270,1.1689,38,230
3607,80,0.3193,46,41
3608,150,0.6164,51,100
3609,538,2.3323,47,80
3610,512,2.6333,53,266
3611,457,1.9672,63,111
3612,187,0.7653,55,119
3613,163,0.6636,49,150
3614,978,4.7551,77,727
3615,737,3.424,61,128
3616,395,1.9601,47,251
3617,465,1.9843,49,102
3618,545,2.4266,53,325
3619,425,1.9766,48,111
3620,1832,9.2181,77,1789
3621,222,1.075,69,33
3622,353,1.6079,57,104
3623,850,4.5399,64,101
3624,194,0.8246,56,49
3625,183,0.753,46,133
3626,559,2.4162,52,532
3627,986,5.3845,57,914
3628,1285,6.6968,65,1206
3629,981,4.9848,56,783
3630,445,2.1686,54,103
3631,1127,5.6484,64,745
3632,642,3.2144,54,30
3633,942,4.8416,69,147
3634,3467,18.0681,75,1445
3635,253,1.0892,56,208
3636,253,1.0438,44,147
3637,596,2.7043,64,127
3638,65,0.2625,41,61
3639,189,0.7825,39,66
3640,747,3.9109,58,46
3641,789,3.7655,48,521
3642,912,4.6541,49,286
3643,351,1.5197,42,163
3644,160,0.6453,53,141
3645,583,2.8168,52,326
3646,718,3.643,61,103
3647,984,4.8938,76,114
3648,1210,6.4303,89,355
3649,429,1.8725,58,149
3650,270,1.1363,49,113
3651,722,3.4952,52,423
3652,670,3.0837,66,656
3653,108,0.4359,54,96
3654,1742,8.9085,70,919
3655,671,3.3997,64,616
3656,1519,7.5262,78,697
3657,177,0.7533,41,105
3658,479,2.2675,53,432
3659,612,2.783,64,114
3660,491,2.0918,56,46
3661,607,2.6458,53,548
3662,429,1.9889,53,93
3663,5496,28.4097,90,730
3664,656,3.6495,63,512
3665,390,1.798,62,334
3666,108,0.4404,44,106
3667,1821,8.9742,75,688
3668,766,4.0049,53,478
3669,1301,6.5066,75,1063
3670,109,0.4623,54,83
3671,1134,5.7737,56,750
3672,393,1.7099,51,241
3673,267,1.1479,47,112
3674,71,0.2704,37,46
3675,143,0.5817,46,59
3676,300,1.2571,45,254
3677,2287,11.6073,70,798
3678,288,1.3191,60,213
3679,787,4.0722,49,460
3680,845,4.2195,52,651
3681,711,3.2386,46,94
3682,969,4.6837,58,342
3683,56,0.2298,28,54
3684,451,1.9423,53,246
3685,272,1.4371,56,183
3686,206,0.8619,43,59
3687,853,4.1541,53,57
3688,918,4.8229,53,463
3689,266,1.1766,53,161
3690,721,3.5731,52,227
3691,820,3.9846,58,689
3692,1141,5.8463,55,87
3693,824,4.2724,63,699
3694,973,4.9665,59,581
3695,880,4.3141,49,699
3696,321,1.4841,47,99
3697,777,3.5438,49,584
3698,1417,7.1421,73,937
3699,118,0.4731,41,107
3700,328,1.3879,61,251
3701,174,0.84,46,151
3702,122,0.4909,39,86
3703,118,0.4813,53,66
3704,245,1.0138,55,89
3705,293,1.3097,62,74
3706,65,0.255,43,54
3707,614,2.9926,76,574
3708,218,0.8944,43,118
3709,251,1.0465,47,188
3710,147,0.7529,46,44
3711,976,4.888,53,183
3712,537,2.3636,66,401
3713,199,0.8151,62,126
3714,2263,11.4787,62,400
3715,950,4.8579,62,257
3716,425,1.8264,63,171
3717,118,0.4757,43,111
3718,448,1.8863,60,409
3719,638,3.047,52,118
3720,420,1.9309,46,273
3721,840,4.4236,62,70
3722,779,3.6978,53,409
3723,369,1.6205,50,356
3724,595,2.6366,50,174
3725,539,3.0076,57,231
3726,668,2.9904,59,486
3727,432,2.1122,64,294
3728,557,2.5206,48,499
3729,327,1.3728,55,281
3730,750,3.397,62,389
3731,718,3.3449,51,230
3732,89,0.3909,35,34
3733,258,1.1084,52,221
3734,618,2.9926,50,190
3735,1076,5.5311,59,1025
3736,1026,5.2647,56,769
3737,634,2.7922,51,224
3738,410,1.9722,52,170
3739,275,1.3047,46,121
3740,501,2.1916,65,319
3741,500,2.2143,56,287
3742,674,2.9588,72,656
3743,1448,7.5786,72,1216
3744,474,2.3203,56,201
3745,992,4.6639,68,326
3746,1150,5.5763,60,128
3747,475,2.0832,51,219
3748,252,1.0696,74,139
3749,336,1.424,47,328
3750,899,4.3531,50,736
3751,564,2.5851,60,231
3752,277,1.4099,41,53
3753,950,4.566,69,69
3754,3990,21.168,106,513
3755,487,2.0913,74,236
3756,2083,10.68,57,937
3757,666,3.3937,49,43
3758,853,4.1008,68,696
3759,557,2.529,73,179
3760,2010,10.6725,72,1272
3761,1089,5.9123,71,297
3762,538,2.6245,65,529
3763,602,2.9031,67,52
3764,47,0.1884,30,40
3765,418,1.8744,46,84
3766,1017,5.0122,71,224
3767,281,1.1859,50,228
3768,98,0.5593,56,83
3769,194,0.8024,39,191
3770,1295,6.4559,66,142
3771,538,2.395,83,401
3772,850,4.1823,59,754
3773,512,2.2877,57,278
3774,603,2.8608,54,128
3775,138,0.7094,50,118
3776,717,3.2538,75,701
3777,841,4.3163,65,427
3778,197,0.834,53,102
3779,140,0.5914,46,90
3780,543,2.3672,52,532
3781,85,0.3363,49,26
3782,68,0.2693,40,46
3783,539,2.3892,62,489
3784,1214,6.2177,65,962
3785,557,2.7821,87,212
3786,2931,15.1501,76,102
3787,65,0.2617,34,44
3788,452,1.9699,45,369
3789,2930,14.7553,76,102
3790,3190,16.5765,73,1304
3791,1818,9.2496,61,281
3792,147,0.735,46,135
3793,1100,5.6088,61,155
3794,212,0.8978,59,139
3795,534,2.557,57,279
3796,2241,11.2595,63,501
3797,67,0.2764,38,54
3798,991,5.0446,56,114
3799,541,2.6329,57,536
3800,297,1.341,48,117
3801,2029,10.2491,72,1290
3802,1035,5.5983,71,297
3803,720,3.3775,73,291
3804,538,2.3615,64,515
3805,214,1.0969,54,55
3806,750,3.4219,71,543
3807,1355,6.6736,79,898
3808,751,3.883,66,555
3809,764,3.5358,51,359
3810,326,1.3863,42,147
3811,1083,5.3132,48,1032
3812,469,2.0999,53,418
3813,386,1.6307,73,239
3814,405,1.7065,52,197
3815,512,2.1757,49,63
3816,1046,5.0186,71,297
3817,136,0.5556,49,82
3818,993,4.7779,71,297
3819,585,2.6385,64,562
3820,889,4.3532,76,404
3821,1789,9.1586,66,1733
3822,644,3.119,62,642
3823,416,1.7806,61,394
3824,130,0.5368,36,72
3825,570,2.4326,75,554
3826,279,1.1631,45,135
3827,978,4.5545,68,813
3828,250,1.0871,49,113
3829,154,0.6448,68,82
3830,529,2.4108,57,522
3831,1064,5.3315,59,538
3832,1293,6.3704,86,211
3833,1980,10.0526,56,1089
3834,898,4.6606,71,532
3835,46,0.1839,36,34
3836,2737,13.8206,76,102
3837,3580,18.6491,63,3128
3838,914,4.7822,82,894
3839,202,1.0342,53,91
3840,63,0.2443,35,24
3841,189,0.7975,39,187
3842,73,0.2796,41,69
3843,1367,6.9537,64,138
3844,447,1.985,52,141
3845,952,4.6984,71,86
3846,7906,41.5596,85,7227
3847,71,0.2995,36,58
3848,141,0.5801,48,117
3849,571,2.6154,75,555
3850,77,0.3083,42,69
3851,513,2.1735,54,380
3852,618,2.7632,61,523
3853,135,0.7144,38,114
3854,1965,9.9595,56,1089
3855,1323,7.0548,65,1071
3856,1146,6.0007,58,1055
3857,3140,16.1185,76,102
3858,771,3.795,69,475
3859,90,0.3727,46,70
3860,109,0.4501,44,108
3861,555,2.5978,54,528
3862,2738,14.0223,76,102
3863,604,2.7109,61,385
3864,243,1.0243,46,214
3865,869,4.2888,71,771
3866,219,0.9255,47,40
3867,1560,8.1663,66,878
3868,1845,9.7022,61,281
3869,1265,7.0684,67,387
3870,732,3.6772,73,699
3871,98,0.4836,38,62
3872,139,0.5508,50,109
3873,818,3.9332,55,725
3874,405,1.8996,73,240
3875,95,0.3788,47,51
3876,230,1.1233,45,222
3877,90,0.3611,42,53
3878,264,1.1039,42,241
3879,729,3.2855,73,300
3880,923,4.3747,62,754
3881,832,3.9003,69,493
3882,62,0.2468,45,59
3883,123,0.4834,54,99
3884,814,3.6979,60,226
3885,957,4.7656,56,114
3886,649,3.1568,76,273
3887,152,0.6122,52,140
3888,782,3.9331,54,131
3889,363,1.6042,49,79
3890,490,2.1492,50,432
3891,2173,11.0251,67,331
3892,573,2.5974,52,262
3893,551,2.8171,50,455
3894,103,0.4966,41,84
3895,1149,5.6779,58,44
3896,926,5.0235,63,312
3897,1542,7.808,76,273
3898,1345,6.8244,68,693
3899,861,4.2811,72,142
3900,966,5.0308,54,280
3901,459,1.9717,54,52
3902,125,0.503,50,56
3903,214,0.9074,76,99
3904,1836,9.5188,79,280
3905,686,3.1824,52,262
3906,564,2.4609,73,503
3907,1919,9.6811,57,1192
3908,1548,7.9674,68,1538
3909,1035,5.1772,72,739
3910,135,0.5474,52,88
3911,153,0.7549,45,111
3912,785,3.5741,55,414
3913,130,0.5337,48,123
3914,920,4.5972,63,393
3915,1944,9.721,63,1631
3916,3735,19.5946,68,859
3917,150,0.6169,44,69
3918,251,1.0664,49,109
3919,1570,8.0705,78,923
3920,2075,10.6019,59,1463
3921,809,3.8902,69,470
3922,1497,7.5233,68,1487
3923,188,0.7966,53,104
3924,74,0.3585,35,40
3925,1622,8.0769,87,843
3926,1966,10.0658,87,1153
3927,692,3.361,60,524
3928,1316,6.489,69,979
3929,181,0.9712,43,154
3930,60,0.2821,31,59
3931,846,4.266,79,802
3932,282,1.3995,52,145
3933,943,4.5591,62,554
3934,1552,7.729,79,933
3935,569,3.0073,59,217
3936,85,0.3531,37,72
3937,522,2.5677,54,98
3938,2142,10.8263,77,199
3939,1159,6.123,63,785
3940,800,4.1787,69,470
3941,336,1.5606,49,53
3942,1169,6.0797,71,871
3943,474,2.1427,54,52
3944,467,2.4074,49,357
3945,961,4.9095,54,871
3946,1121,6.0926,83,187
3947,117,0.5426,54,61
3948,318,1.3569,63,143
3949,2793,14.4618,87,1153
3950,123,0.5193,49,80
3951,1937,10.0196,57,1169
3952,1656,8.4979,87,843
3953,480,2.1272,59,192
3954,870,4.1806,58,164
3955,57,0.2481,42,44
3956,1035,5.2282,59,496
3957,99,0.4023,47,60
3958,1286,6.512,64,281
3959,1052,5.1192,54,889
3960,1418,6.9875,69,1112
3961,4744,24.5469,65,1280
3962,1276,6.5143,65,959
3963,1384,6.9058,72,1155
3964,974,5.1264,54,884
3965,1950,9.9652,63,1637
3966,115,0.5035,50,39
3967,107,0.4209,37,74
3968,374,1.788,73,371
3969,854,4.1839,58,737
3970,315,1.505,60,137
3971,2019,10.054,70,408
3972,136,0.6254,42,78
3973,715,3.3404,68,209
3974,2461,12.5187,79,1916
3975,728,3.5285,50,54
3976,534,2.3448,72,305
3977,512,2.4211,54,262
3978,1152,5.9062,69,979
3979,2555,12.8981,68,555
3980,554,2.6346,57,158
3981,509,2.2559,42,396
3982,1226,6.1326,65,974
3983,983,4.9065,78,923
3984,732,3.3219,70,533
3985,1897,9.2749,77,1598
3986,138,0.5626,53,40
3987,944,4.6725,60,639
3988,479,2.2734,54,52
3989,463,2.1711,49,357
3990,70,0.2774,38,47
3991,58,0.2344,31,51
3992,943,4.4892,83,158
3993,783,3.6752,53,447
3994,606,2.8418,62,169
3995,1410,7.0952,74,1363
3996,582,2.6366,50,486
3997,129,0.5327,50,127
3998,2520,12.7608,74,726
3999,547,2.5563,46,423
4000,710,3.3407,73,281
4001,1632,8.1745,87,843
4002,54,0.2145,33,46
4003,2799,14.443,87,1153
4004,2516,13.0097,68,555
4005,878,4.2597,64,646
4006,126,0.6424,61,49
4007,990,4.7682,76,644
4008,209,0.8917,45,64
4009,521,2.2395,55,315
4010,568,2.7374,73,45
4011,597,2.5821,60,563
4012,3030,15.5641,65,1257
4013,2455,12.9424,67,1136
4014,912,4.9182,63,385
4015,800,4.115,54,168
4016,1504,7.4844,87,881
4017,155,0.6506,41,66
4018,1009,5.0249,60,724
4019,187,0.7866,50,166
4020,387,1.6616,46,136
4021,366,1.5666,52,100
4022,1675,8.4228,79,280
4023,97,0.3804,53,76
4024,2036,10.3842,64,1992
4025,865,5.269,71,567
4026,205,0.8911,58,62
4027,2036,10.2316,64,1992
4028,1502,7.9872,76,273
4029,2020,11.2968,64,1976
4030,890,4.6113,70,365
4031,361,1.7837,73,358
4032,2037,10.1759,64,1993
4033,122,0.5137,49,65
4034,268,1.1196,51,139
4035,104,0.4772,47,97
4036,1181,5.911,68,529
4037,450,2.1435,57,313
4038,1301,6.5316,65,1050
4039,1644,8.6355,63,229
4040,781,3.8726,54,131
4041,5131,26.7489,63,3624
4042,486,2.5308,54,52
4043,143,0.6089,44,113
4044,571,2.4159,62,561
4045,2307,11.6449,79,1916
4046,1261,6.7734,79,804
4047,972,5.1073,83,187
4048,309,1.4232,53,254
4049,95,0.3943,50,93
4050,188,0.7815,38,129
4051,1782,8.7655,56,1398
4052,708,3.5507,55,507
4053,674,3.0827,52,262
4054,138,0.5801,44,96
4055,623,2.7557,60,589
4056,544,2.4121,46,67
4057,2459,12.41,85,728
4058,942,4.8779,64,219
4059,2762,14.3726,68,79
4060,1872,9.4689,57,1169
4061,1857,9.6315,73,1305
4062,1554,8.012,69,1248
4063,899,4.8478,85,293
4064,154,0.6642,57,152
4065,96,0.3764,54,77
4066,3579,18.4861,63,3128
4067,280,1.2522,46,252
4068,122,0.4819,65,82
4069,1121,5.6837,69,784
4070,525,2.4679,52,315
4071,324,1.4765,56,78
4072,115,0.4835,37,101
4073,600,2.8073,58,257
4074,2396,12.2642,82,1553
4075,162,0.6939,46,141
4076,2021,10.2186,64,1977
4077,1134,5.8113,72,905
4078,215,0.9482,59,184
4079,736,3.4341,59,366
4080,2020,10.0986,64,1976
4081,982,5.289,78,923
4082,165,0.72,46,148
4083,2017,11.0676,64,1973
4084,501,2.4172,51,53
4085,2083,10.5517,59,1463
4086,2797,14.491,73,1445
4087,4733,25.0633,65,1280
4088,756,4.1216,53,251
4089,445,2.2199,60,416
4090,413,2.0107,66,277
4091,5116,26.6377,63,3602
4092,1499,7.8525,68,734
4093,4101,21.1827,63,4061
4094,5135,26.9678,63,3620
4095,1915,9.9114,63,1603
0,775,3.7985,58,208
1,89,0.3552,37,84
2,2719,13.9004,67,2022
3,1867,9.3515,57,1776
4,966,4.9858,61,923
5,781,3.9682,67,151
6,344,1.5553,47,56
7,835,4.045,58,88
8,2037,10.6809,74,1691
9,401,2.2597,57,258
10,2177,11.5892,245,577
11,447,2.2002,62,239
12,669,3.2282,55,572
13,280,1.2312,46,252
14,1877,9.6558,61,1696
15,524,2.5793,48,214
16,286,1.283,49,213
17,341,1.501,50,340
18,397,1.7506,57,245
19,636,3.008,49,172
20,1300,6.5647,69,1249
21,3322,17.7792,63,1433
22,466,2.1712,51,446
23,1156,5.9797,74,817
24,635,3.3077,60,192
25,1698,8.9187,63,283
26,1242,6.6951,63,1003
27,1482,7.8112,64,1439
28,520,2.7799,59,426
29,1191,6.2544,68,158
30,41,0.1633,22,38
31,1135,5.9181,64,284
32,1351,7.1199,71,693
33,157,0.6787,50,91
34,460,2.0294,49,83
35,487,2.192,46,71
36,546,2.5583,52,336
37,2347,12.3177,71,1833
38,352,1.6142,54,71
39,1978,10.6874,59,357
40,164,0.7637,39,136
41,653,3.1646,57,234
42,951,5.1221,58,394
43,884,4.4722,63,865
44,218,0.9135,46,113
45,1243,6.1798,79,277
46,1577,8.1784,70,1108
47,1229,6.3919,60,485
48,148,0.6214,41,84
49,607,2.8776,48,250
50,2195,11.1997,63,397
51,379,2.0965,46,215
52,175,0.737,50,138
53,996,5.0825,69,452
54,1449,7.3625,69,91
55,747,3.6854,59,231
56,360,1.5473,49,126
57,544,2.4208,55,43
58,626,2.9315,55,82
59,1671,8.7319,66,1163
60,1008,5.1918,59,78
61,1631,8.5158,74,926
62,1337,7.0062,60,1075
63,1723,8.7619,56,1612
64,216,1.5075,58,130
65,500,2.2704,57,320
66,911,4.2623,68,904
67,356,1.5388,44,174
68,145,0.6524,50,126
69,77,0.3126,41,69
70,41,0.1555,40,40
71,41,0.1552,35,39
72,610,2.6902,61,295
73,541,2.556,52,517
74,913,4.5702,55,235
75,2600,13.5225,75,1476
76,267,1.1925,60,189
77,253,1.0774,52,213
78,1470,7.864,69,286
79,651,3.204,44,402
80,526,2.289,57,301
81,694,2.988,67,409
82,12,0.056,17,11
83,33,0.1251,33,30
84,529,2.872,53,384
85,659,3.0174,64,314
86,2024,10.5427,62,92
87,88,0.3463,37,85
88,4219,22.0297,69,3564
89,460,2.4579,52,119
90,144,0.6577,42,110
91,617,2.8737,75,326
92,145,0.5981,49,62
93,1896,9.5571,57,1169
94,643,3.0774,52,113
95,256,1.3179,61,218
96,1584,8.0434,74,494
97,638,2.9131,77,296
98,1654,8.1669,80,133
99,723,3.4376,69,353
100,1070,5.4908,54,489
101,159,0.6508,44,54
102,1032,5.2777,61,668
103,391,1.9123,79,386
104,887,4.4144,58,426
105,155,0.6214,47,70
106,1694,8.5807,65,812
107,835,4.0222,61,305
108,556,2.4066,53,130
109,130,0.5212,55,75
110,1040,5.1552,56,641
111,352,1.7459,53,73
112,823,3.8977,69,493
113,179,0.7379,49,88
114,1577,7.9189,97,376
115,62,0.2519,39,60
116,30,0.1225,22,29
117,29,0.1168,30,22
118,12,0.0536,14,11
119,12,0.0568,14,11
120,620,3.0308,68,127
121,164,0.6725,63,141
122,132,0.5472,59,119
123,186,0.7941,55,121
124,186,0.858,55,121
125,152,0.6223,40,141
126,152,0.607,40,141
127,254,1.1534,53,67
128,254,1.1395,53,67
129,254,1.0794,53,67
130,266,1.1375,53,189
131,266,1.1729,53,189
132,64,0.2911,30,62
133,64,0.2443,30,62
134,105,0.4663,41,51
135,105,0.419,41,51
136,106,0.4235,50,71
137,106,0.4189,50,71
138,137,0.6867,47,64
139,137,0.5614,47,64
140,258,1.3137,52,133
141,258,1.0895,52,133
142,378,1.6093,62,127
143,368,1.5606,53,263
144,1877,9.8272,69,497
145,557,2.5207,45,312
146,288,1.23,56,104
147,1602,8.2026,76,290
148,948,4.8941,54,646
149,549,2.6191,65,212
150,741,3.2591,56,664
151,110,0.5633,43,87
152,12346,64.4035,69,9422
153,178,0.7457,44,129
154,741,3.5694,57,91
155,2552,13.5306,61,657
156,3124,16.2228,60,3090
157,1913,9.7,70,921
158,2861,14.935,85,172
159,474,2.2558,59,324
160,1716,8.3633,59,536
161,2180,11.1907,65,1982
162,353,1.6884,61,106
163,2463,12.4592,68,1575
164,458,2.243,60,427
165,249,1.0674,39,81
166,406,1.9022,53,267
167,366,1.5239,57,85
168,298,1.2922,43,130
169,370,1.595,62,132
170,575,2.4967,51,509
171,324,1.4397,48,66
172,828,4.0655,62,116
173,542,2.6789,57,390
174,327,1.3722,44,165
175,154,0.7386,45,145
176,477,2.1171,60,61
177,574,2.8427,44,571
178,3098,16.0568,65,470
179,643,2.9961,62,570
180,298,1.3277,59,296
181,893,4.5408,58,888
182,454,1.9533,55,82
183,52,0.2056,34,48
184,417,1.7718,54,317
185,925,4.6305,58,247
186,64,0.2528,31,62
187,1202,6.0164,67,95
188,399,1.7355,65,349
189,417,1.9928,55,357
190,579,2.6684,61,345
191,205,0.8413,56,86
192,1048,5.0732,64,459
193,214,0.9547,40,125
194,209,0.8572,46,63
195,399,1.7181,48,90
196,858,4.1982,73,423
197,885,4.0839,64,397
198,332,1.4077,52,179
199,510,2.3536,62,277
200,256,1.0827,43,41
201,271,1.1742,51,250
202,494,2.1953,54,158
203,719,3.4011,54,238
204,406,2.0652,53,354
205,2060,10.4842,70,1282
206,319,1.3867,45,93
207,509,2.1958,55,507
208,276,1.2002,52,82
209,258,1.163,44,52
210,1116,5.4149,58,135
211,502,2.3532,54,457
212,152,0.6315,45,143
213,590,2.836,70,341
214,477,2.0567,48,476
215,962,4.6654,65,793
216,463,2.1859,53,161
217,724,3.6216,58,53
218,508,2.4399,57,454
219,497,2.3564,43,33
220,1193,6.2641,63,638
221,398,1.8783,50,265
222,488,2.2248,66,146
223,290,1.4071,57,54
224,1103,5.7678,51,80
225,93,0.4569,43,51
226,245,1.0929,50,194
227,613,2.7847,54,539
228,504,2.2567,51,95
229,440,1.8688,53,67
230,395,1.7024,42,103
231,235,1.0039,49,55
232,121,0.4939,44,70
233,82,0.3296,46,79
234,26,0.1157,23,20
235,116,0.467,47,112
236,253,1.0612,63,83
237,48,0.196,36,44
238,488,2.101,67,248
239,410,1.7559,62,325
240,219,0.9202,47,46
241,477,2.1459,43,152
242,461,1.9815,50,112
243,2732,13.9839,72,342
244,738,3.4677,59,587
245,536,2.5186,46,359
246,1303,6.5663,69,1237
247,366,1.748,52,278
248,427,1.8812,49,354
249,439,1.8677,49,298
250,473,2.0118,48,75
251,947,4.8086,74,206
252,513,2.5155,58,343
253,177,0.7345,44,90
254,414,1.7799,57,251
255,1028,5.235,71,912
256,532,2.5976,59,175
257,367,1.6105,50,363
258,534,2.3691,60,153
259,915,4.3585,54,83
260,154,0.7841,47,51
261,441,2.1462,60,399
262,193,0.7958,51,84
263,785,4.1941,62,64
264,461,2.0149,45,370
265,322,1.4767,56,163
266,208,0.9088,40,201
267,213,0.9146,48,73
268,444,1.8618,55,432
269,261,1.0711,54,87
270,317,1.5966,52,245
271,983,4.9324,61,52
272,238,1.0186,51,192
273,867,4.1279,67,69
274,510,2.2685,53,137
275,84,0.3493,47,50
276,308,1.3156,50,103
277,371,1.7965,54,241
278,543,2.3873,49,225
279,1572,8.1469,67,216
280,46,0.1851,38,36
281,589,2.8499,70,447
282,425,2.0722,56,258
283,257,1.0679,56,90
284,362,1.6073,43,161
285,341,1.6688,47,328
286,88,0.3519,52,87
287,436,2.1227,47,400
288,582,2.5903,71,123
289,602,2.7283,63,305
290,339,1.4526,49,317
291,393,1.6941,67,85
292,1098,5.3718,68,388
293,485,2.1474,60,140
294,969,4.8836,54,283
295,876,4.4222,49,708
296,103,0.4741,55,54
297,223,0.9282,42,106
298,1810,9.6053,75,459
299,90,0.3589,39,77
300,220,0.9194,47,19
301,187,0.7824,53,79
302,420,1.982,46,221
303,636,3.0738,44,275
304,770,3.7136,51,303
305,515,2.5035,52,94
306,1983,9.9586,70,1682
307,100,0.4015,43,41
308,157,0.8083,55,55
309,219,0.9402,56,156
310,139,0.5695,50,105
311,71,0.2789,38,64
312,2225,11.2749,59,2092
313,97,0.3896,48,95
314,307,1.3418,47,236
315,566,2.423,60,359
316,257,1.2368,46,33
317,512,2.5889,48,237
318,229,1.0009,44,113
319,263,1.222,43,207
320,1621,8.0987,80,1124
321,553,2.6319,57,95
322,225,1.1936,46,69
323,1354,7.0163,58,100
324,257,1.1559,42,88
325,124,0.6563,48,56
326,137,0.5577,45,64
327,175,0.7229,52,86
328,187,0.7817,37,184
329,209,0.859,50,64
330,214,0.892,41,33
331,377,1.6475,39,144
332,377,1.6145,45,376
333,643,2.8745,49,641
334,718,3.1058,54,703
335,379,1.8364,63,240
336,411,1.8249,57,202
337,553,2.5729,66,411
338,131,0.5363,47,55
339,308,1.2928,58,121
340,75,0.3384,41,74
341,76,0.3053,47,75
342,440,2.1092,50,203
343,443,1.8662,54,46
344,342,1.5368,43,341
345,1888,9.297,59,167
346,658,2.9829,74,380
347,41,0.1568,46,40
348,135,0.5374,51,87
349,193,0.8001,48,57
350,1427,7.1103,61,1355
351,106,0.4272,36,53
352,522,2.3403,59,454
353,257,1.0884,52,61
354,384,1.6463,57,230
355,511,2.215,68,138
356,436,1.8778,51,241
357,759,3.3991,73,697
358,680,3.2889,61,301
359,207,0.8698,61,137
360,463,2.0445,56,267
361,114,0.4506,42,46
362,577,2.8021,61,94
363,263,1.1356,48,118
364,56,0.2876,63,53
365,1963,9.9428,58,1599
366,698,3.2319,59,532
367,446,1.924,66,296
368,2225,11.2302,57,2018
369,374,1.6026,54,221
370,614,2.7207,61,231
371,377,1.7435,51,90
372,451,2.0953,55,357
373,450,1.93,55,357
374,451,1.9363,55,357
375,463,1.9558,64,368
376,421,1.9481,43,389
377,156,0.7708,42,76
378,340,1.4325,51,196
379,650,2.8888,67,173
380,285,1.1766,50,103
381,307,1.2933,69,52
382,173,0.7023,51,79
383,116,0.4809,51,48
384,174,0.7087,59,101
385,127,0.5057,42,115
386,113,0.4483,50,72
387,113,0.4652,51,50
388,578,2.7912,70,220
389,568,2.4142,75,225
390,575,2.7769,80,219
391,2704,13.8578,81,2198
392,503,2.2639,63,501
393,333,1.4038,53,256
394,333,1.4813,53,256
395,587,2.542,82,140
396,1225,6.2039,70,768
397,434,1.9837,58,146
398,357,1.5872,48,165
399,531,2.1871,52,503
400,722,3.3502,51,598
401,164,0.6576,56,137
402,589,2.7244,66,161
403,362,1.8203,49,75
404,366,1.5388,69,286
405,391,1.6526,57,111
406,382,1.712,52,216
407,1162,5.6134,57,561
408,1780,8.8082,68,852
409,495,2.6041,59,460
410,846,4.4737,55,516
411,545,2.3818,52,63
412,57,0.372,42,28
413,337,1.4804,45,109
414,236,0.9991,41,234
415,379,1.637,51,52
416,1177,6.017,52,1106
417,656,2.9411,59,466
418,113,0.4594,47,88
419,787,3.5992,78,301
420,185,0.7763,40,54
421,190,0.9386,48,115
422,464,2.1736,46,141
423,247,1.0556,43,230
424,455,2.1766,46,452
425,154,0.6215,41,50
426,623,2.7092,59,613
427,1098,5.4246,54,935
428,942,4.5977,64,219
429,142,0.5739,48,84
430,142,0.5819,44,72
431,662,3.0237,57,294
432,418,1.8652,73,306
433,495,2.0886,73,272
434,428,1.8863,50,192
435,450,1.9022,62,295
436,428,1.8863,74,171
437,494,2.2791,58,195
438,354,1.4928,60,254
439,253,1.0694,58,122
440,402,1.9215,59,330
441,2145,11.0865,82,2136
442,568,2.763,65,453
443,285,1.2071,59,130
444,469,2.0942,75,382
445,258,1.0656,56,190
446,487,2.1499,58,147
447,576,2.4104,57,219
448,542,2.3371,57,254
449,91,0.3708,36,49
450,764,3.3474,35,72
451,88,0.3835,40,48
452,419,1.9567,76,298
453,2147,10.8941,69,922
454,834,4.2567,66,683
455,202,0.8665,51,81
456,346,1.671,61,131
457,688,3.1796,54,269
458,636,3.0838,80,368
459,2176,11.1044,79,769
460,351,1.5455,53,77
461,265,1.1294,45,41
462,91,0.4163,45,54
463,1336,6.9422,60,183
464,489,2.355,46,180
465,854,4.2779,65,523
466,348,1.4907,51,213
467,491,2.3058,57,144
468,653,2.8335,53,448
469,1502,7.4237,65,1424
470,430,2.0564,62,380
471,141,0.5746,43,94
472,377,1.6314,45,376
473,377,1.8626,39,144
474,1789,8.9587,63,930
475,634,3.0806,54,172
476,652,3.3654,47,644
477,740,3.4108,66,346
478,711,3.3099,67,163
479,142,0.5748,46,50
480,283,1.1838,58,153
481,429,1.8332,48,235
482,884,4.1425,71,494
483,847,4.3279,64,577
484,198,0.8282,84,117
485,315,1.368,56,202
486,1092,5.2178,64,914
487,44,0.2147,34,21
488,817,3.9837,50,759
489,790,4.0025,50,732
490,773,3.633,51,595
491,1316,6.5036,55,465
492,1397,6.9475,55,352
493,1071,5.4054,68,1039
494,964,4.8231,80,880
495,354,1.5634,52,265
496,183,0.7551,52,87
497,676,3.1155,49,71
498,558,2.5793,47,53
499,525,2.299,49,203
500,280,1.2209,52,279
501,303,1.2956,58,213
502,1334,6.5273,65,82
503,115,0.4724,45,59
504,648,3.4713,63,466
505,1413,7.0195,74,445
506,845,4.3563,50,843
507,153,0.6203,43,106
508,179,0.7454,41,163
509,187,0.7629,53,180
510,180,0.7394,44,135
511,1096,5.5749,74,545
512,169,0.6977,45,53
513,605,2.7001,67,124
514,2555,13.2352,65,2063
515,2416,12.6031,56,650
516,464,2.1825,78,97
517,543,2.5705,57,178
518,1266,6.3746,59,388
519,393,1.8511,56,131
520,1042,5.1409,50,166
521,701,3.3053,58,312
522,740,3.53,52,390
523,364,1.5803,54,219
524,2039,10.552,71,1818
525,338,1.4368,60,170
526,1047,5.1687,69,253
527,600,2.722,72,302
528,185,0.7729,44,181
529,185,0.7691,48,108
530,888,4.23,72,400
531,511,2.1976,68,59
532,921,4.2638,62,482
533,492,2.2676,52,327
534,64,0.2513,43,48
535,501,2.1366,54,71
536,1640,8.1704,58,760
537,509,2.2347,61,435
538,1000,4.9611,65,528
539,1448,7.3312,68,1110
540,157,0.6648,44,91
541,334,1.5273,49,312
542,374,1.5791,63,128
543,365,1.5438,46,154
544,238,0.998,47,98
545,870,4.3035,62,243
546,353,1.503,38,350
547,428,1.8232,69,91
548,731,3.296,73,302
549,544,2.4594,62,138
550,747,3.414,62,613
551,355,1.4607,46,336
552,806,3.7088,93,557
553,53,0.2666,40,52
554,557,2.6067,62,77
555,783,3.7745,50,777
556,1463,7.4155,58,122
557,2030,10.1651,53,1373
558,377,1.7826,49,114
559,216,0.9726,52,209
560,355,1.5505,44,90
561,584,2.7145,68,193
562,484,2.0745,58,169
563,449,1.9278,65,335
564,273,1.2476,47,93
565,976,4.6983,52,92
566,453,2.2372,52,244
567,507,2.2816,49,381
568,577,2.6287,52,370
569,1200,5.9035,62,1017
570,1356,7.0692,62,1173
571,132,0.5301,44,90
572,183,0.7636,50,101
573,644,2.856,62,642
574,703,3.554,53,43
575,261,1.1063,38,245
576,986,5.0406,67,817
577,572,2.6975,55,435
578,499,2.125,56,381
579,265,1.1249,46,83
580,925,4.8983,46,77
581,129,0.5177,35,72
582,453,1.9819,52,374
583,667,2.9777,53,486
584,1326,7.008,60,192
585,545,2.5338,49,135
586,1405,7.1985,56,705
587,1209,6.5932,67,893
588,951,4.8496,67,893
589,1591,8.3168,69,1321
590,626,3.1547,52,139
591,290,1.3525,61,96
592,515,2.2137,60,459
593,223,0.9454,62,80
594,580,2.7257,55,158
595,924,4.7832,60,668
596,511,2.8462,62,107
597,505,2.2031,61,477
598,498,2.4761,60,148
599,153,0.6191,63,71
600,3414,17.7987,80,1816
601,200,0.8512,45,138
602,1287,6.5433,64,478
603,582,2.6385,57,303
604,844,4.067,64,821
605,313,1.3761,54,215
606,118,0.5084,47,62
607,447,1.9576,46,132
608,573,2.58,56,468
609,175,0.7473,32,130
610,97,0.4186,42,46
611,379,1.7048,57,333
612,265,1.1823,64,95
613,402,1.9205,49,124
614,720,3.2738,60,66
615,1276,6.1794,58,1110
616,355,1.8341,62,99
617,398,1.7017,61,394
618,1398,6.8483,61,919
619,318,1.4981,52,83
620,437,2.1428,53,203
621,648,2.9979,51,265
622,328,1.4171,83,242
623,1130,5.621,51,523
624,830,3.9952,71,440
625,509,2.2363,53,93
626,1251,6.0998,67,551
627,354,1.6823,68,161
628,511,2.2119,45,37
629,314,1.3083,58,115
630,425,1.9303,60,155
631,1303,6.3502,73,434
632,136,0.7172,44,61
633,141,0.5656,49,126
634,356,1.5689,55,172
635,380,1.8382,47,206
636,356,1.5176,49,337
637,386,1.6991,56,226
638,511,2.2392,55,268
639,210,1.0771,39,57
640,531,2.5384,58,225
641,400,1.8101,47,124
642,370,1.6476,59,112
643,701,3.5735,62,59
644,1384,7.397,72,1155
645,480,2.1768,53,252
646,3727,19.7383,73,70
647,565,2.7016,74,117
648,635,2.8097,57,465
649,315,1.3452,75,52
650,1595,7.8822,98,1017
651,800,4.0281,58,537
652,475,2.1499,75,51
653,756,3.7372,69,386
654,58,0.2409,39,46
655,143,0.5773,48,87
656,298,1.2873,51,80
657,356,1.5378,70,102
658,955,4.6122,78,338
659,602,2.7024,61,466
660,1326,6.8042,79,1187
661,325,1.5671,51,52
662,322,1.3798,46,208
663,195,0.8436,47,177
664,91,0.359,47,90
665,1021,5.1224,53,164
666,417,2.1552,67,307
667,443,1.8654,59,440
668,250,1.253,58,78
669,660,2.8547,73,72
670,724,3.2802,68,291
671,383,1.7346,56,89
672,543,2.5236,76,163
673,463,1.9821,60,318
674,692,2.982,61,355
675,511,2.2091,59,351
676,897,4.1782,57,83
677,333,1.7569,79,103
678,991,5.0211,53,533
679,139,0.5834,38,108
680,112,0.4403,46,104
681,200,0.8581,50,147
682,550,2.4164,74,272
683,460,1.9601,48,459
684,1186,5.7705,60,1086
685,476,2.018,53,152
686,160,0.6668,53,117
687,84,0.3436,45,76
688,84,0.4153,49,54
689,298,1.3067,45,220
690,315,1.4089,47,306
691,354,1.5519,45,207
692,697,3.1105,75,346
693,806,3.6994,64,515
694,847,4.2611,63,98
695,310,1.3522,48,296
696,371,1.7691,64,175
697,426,1.7793,60,418
698,127,0.5129,40,109
699,569,2.7421,78,76
700,393,1.6569,58,91
701,108,0.4298,56,70
702,1505,7.8572,61,750
703,277,1.2163,41,53
704,397,1.816,48,339
705,107,0.4433,55,58
706,1294,6.7091,64,1219
707,228,0.9931,52,192
708,268,1.1395,42,189
709,697,3.5588,61,305
710,607,2.5726,77,418
711,152,0.7564,52,140
712,458,1.8816,52,41
713,607,2.6623,58,410
714,1027,4.8008,67,216
715,181,0.7513,53,111
716,495,2.1424,45,491
717,520,2.2444,49,475
718,1138,5.7351,50,1132
719,548,2.5483,56,547
720,1369,7.1446,76,1142
721,221,0.9522,43,58
722,1639,8.3056,60,355
723,1319,6.9562,71,585
724,350,1.5464,50,325
725,1068,5.5023,62,543
726,402,1.791,62,303
727,1534,7.8849,85,269
728,2516,13.6129,65,967
729,127,0.6309,35,89
730,148,0.6121,45,103
731,465,2.0547,55,75
732,471,2.0458,54,307
733,766,3.9797,59,616
734,1003,5.304,70,271
735,1270,6.7069,75,938
736,391,1.9101,66,127
737,1489,7.5447,64,1202
738,173,0.8158,78,54
739,339,1.5664,64,73
740,341,1.4331,44,122
741,1597,7.894,61,35
742,377,1.8414,88,329
743,688,3.0626,57,110
744,456,1.9574,48,353
745,1595,8.2536,68,827
746,878,4.4391,59,805
747,363,1.7297,55,337
748,123,0.514,53,98
749,189,0.7968,48,73
750,160,0.6704,57,69
751,680,3.3009,64,354
752,595,2.865,70,581
753,1055,5.5173,74,598
754,3006,15.5375,69,713
755,835,4.0455,66,499
756,618,2.7499,60,85
757,353,1.5021,53,184
758,1005,5.0324,62,377
759,297,1.3301,49,237
760,1715,8.8692,63,1242
761,533,2.3662,72,443
762,316,1.4803,45,256
763,249,1.0616,41,92
764,249,1.0998,48,242
765,846,4.1011,77,767
766,407,1.7309,65,271
767,755,3.6042,60,328
768,591,2.5638,69,583
769,248,1.1204,39,194
770,142,0.5896,48,78
771,1704,8.4375,79,280
772,470,2.2837,53,152
773,467,2.0097,73,232
774,1679,8.5037,50,538
775,443,2.0233,64,413
776,517,2.1633,63,376
777,491,2.2438,61,159
778,519,2.2097,60,128
779,476,2.0829,75,204
780,347,1.4918,48,273
781,642,2.9384,53,150
782,657,3.294,53,54
783,687,3.1342,52,503
784,2839,15.0575,62,2598
785,441,1.946,59,183
786,973,5.3131,72,72
787,1102,5.7293,57,656
788,1680,8.5273,63,912
789,505,2.2537,65,445
790,520,2.3056,71,63
791,971,4.7178,61,169
792,268,1.1592,48,39
793,783,3.5444,67,478
794,602,2.759,65,151
795,499,2.0442,59,411
796,488,2.2182,63,206
797,491,2.2079,49,372
798,935,4.463,57,386
799,509,2.4398,93,415
800,373,1.5426,53,119
801,272,1.1786,48,117
802,323,1.3799,57,77
803,452,2.184,67,139
804,253,1.0263,41,187
805,369,1.5805,47,47
806,419,1.7892,56,312
807,406,1.7253,51,49
808,214,1.0229,49,71
809,701,3.0606,50,380
810,715,3.3271,64,245
811,2249,11.9388,73,1796
812,373,1.8919,59,326
813,1028,5.0908,83,500
814,513,2.3245,46,511
815,507,2.1756,54,473
816,1027,4.9822,71,825
817,5148,26.5657,62,189
818,879,4.7182,67,220
819,874,4.1105,68,825
820,1062,5.3006,62,92
821,254,1.1414,58,67
822,257,1.0828,50,188
823,228,0.9447,47,165
824,152,0.6213,58,129
825,918,4.6795,49,663
826,553,2.3823,48,303
827,880,4.5503,52,846
828,641,3.1662,64,150
829,1355,6.7373,61,1193
830,2132,10.7924,56,1503
831,183,0.7647,57,68
832,987,5.1741,58,194
833,1602,8.764,72,1056
834,1302,7.0863,62,1128
835,995,5.4988,50,890
836,1991,10.1349,57,1961
837,592,3.2002,44,369
838,270,1.2919,53,92
839,93,0.3761,45,36
840,65,0.2555,52,39
841,204,0.8547,52,97
842,500,2.0995,53,64
843,265,1.132,49,115
844,130,0.5181,48,123
845,213,0.8865,56,209
846,141,0.5858,54,88
847,141,0.6169,41,86
848,143,0.5724,45,93
849,173,0.8005,41,110
850,188,0.7867,51,180
851,4640,24.159,55,2748
852,71,0.293,36,66
853,271,1.1837,56,96
854,157,0.656,42,153
855,602,2.717,55,368
856,309,1.3299,54,81
857,449,1.9374,56,365
858,548,2.4103,71,388
859,610,2.7446,54,419
860,1590,8.36,64,150
861,1366,7.2698,73,142
862,113,0.4498,56,70
863,147,0.5889,62,133
864,58,0.297,36,31
865,235,0.9766,44,126
866,236,0.9914,49,92
867,409,1.729,56,152
868,377,1.647,54,303
869,662,3.0359,48,201
870,175,0.7145,42,98
871,377,1.6199,55,308
872,540,2.3105,64,115
873,670,3.0764,63,431
874,785,3.6719,68,355
875,549,2.8404,65,425
876,354,1.4984,53,216
877,541,2.2121,68,442
878,193,0.8366,53,68
879,192,0.8014,43,68
880,304,1.2563,72,270
881,731,3.3451,61,463
882,391,1.7199,59,168
883,540,2.4376,73,105
884,1107,5.7967,66,281
885,395,1.9412,49,234
886,394,1.7263,46,82
887,385,1.6559,56,82
888,181,0.7512,46,124
889,176,0.7216,46,131
890,262,1.2455,47,181
891,250,1.1439,52,46
892,311,1.456,53,149
893,551,2.8024,62,388
894,717,3.6218,73,46
895,150,0.608,56,51
896,178,0.7453,46,89
897,153,0.6784,53,133
898,219,0.8974,44,64
899,342,1.5271,53,340
900,313,1.4098,51,129
901,482,2.0916,47,158
902,512,2.2231,54,262
903,385,1.667,56,68
904,278,1.1186,46,276
905,71,0.2881,44,49
906,456,1.9025,65,249
907,761,3.7723,53,41
908,362,1.5537,49,327
909,458,2.1836,53,150
910,263,1.117,53,204
911,263,1.1063,57,235
912,281,1.1924,49,77
913,87,0.3662,33,29
914,814,3.7736,60,226
915,892,4.5655,63,211
916,550,2.3949,63,211
917,1380,7.0294,79,1256
918,296,1.3476,68,162
919,191,0.7812,66,184
920,598,2.5776,68,270
921,175,0.7217,42,174
922,1407,6.8259,52,1014
923,1260,6.3648,57,319
924,918,4.8469,49,172
925,217,0.8963,67,145
926,965,4.8305,58,525
927,863,4.4339,75,100
928,149,0.7656,36,101
929,667,3.2715,51,67
930,225,0.9689,50,104
931,400,1.7407,57,99
932,377,1.556,56,311
933,399,1.758,54,362
934,377,1.6556,46,138
935,636,2.6496,57,168
936,579,2.582,67,505
937,185,0.7576,48,58
938,272,1.1551,46,74
939,380,1.6103,51,330
940,746,3.5031,50,429
941,509,2.1703,59,196
942,1067,5.3165,62,1041
943,785,3.705,57,448
944,922,4.8456,60,893
945,108,0.4368,40,80
946,155,0.6339,41,66
947,156,0.6209,42,105
948,156,0.626,48,105
949,437,1.8524,84,283
950,193,0.8069,58,138
951,131,0.6944,49,101
952,141,0.5824,41,106
953,109,0.4298,42,70
954,1164,5.9006,68,1156
955,171,0.7024,52,120
956,623,3.078,60,589
957,328,1.4355,57,213
958,331,1.4162,56,155
959,193,0.7898,53,68
960,202,0.8479,49,197
961,118,0.4697,53,49
962,813,3.7486,56,544
963,394,1.7117,56,78
964,194,0.7971,54,119
965,325,1.3063,47,116
966,260,1.0893,56,67
967,440,1.9641,54,158
968,615,2.6155,55,432
969,277,1.1514,49,207
970,214,0.9068,50,97
971,545,2.3884,48,318
972,327,1.3891,58,113
973,1092,5.5454,61,1031
974,295,1.3052,50,235
975,357,1.7093,46,182
976,169,0.6794,44,60
977,396,1.6386,66,394
978,453,2.1039,52,444
979,422,1.8156,65,271
980,386,1.6387,70,368
981,313,1.3878,50,178
982,1125,5.7033,60,655
983,1399,7.0774,66,315
984,148,0.6084,50,121
985,360,1.5344,49,77
986,149,0.6097,56,106
987,597,2.8514,57,491
988,400,1.6901,64,124
989,519,2.219,62,443
990,116,0.4749,44,114
991,909,4.7079,85,704
992,888,5.0574,54,367
993,833,4.4659,80,391
994,705,3.4817,63,490
995,607,2.6891,53,431
996,145,0.6132,49,102
997,705,3.3635,64,79
998,1074,5.4803,72,122
999,197,0.8117,75,92
1000,197,0.8389,49,102
1001,161,0.65,61,155
1002,493,2.1192,53,273
1003,336,1.4225,62,304
1004,774,3.778,66,756
1005,1040,5.29,79,90
1006,513,2.3388,53,181
1007,191,0.782,44,179
1008,300,1.2614,45,206
1009,719,3.1182,71,456
1010,2130,10.9376,67,288
1011,624,2.9688,69,619
1012,437,1.9117,49,324
1013,1352,6.7017,84,526
1014,2886,15.0553,63,146
1015,623,2.8703,56,250
1016,559,2.7284,43,154
1017,789,3.5581,57,566
1018,541,2.3423,63,315
1019,1265,6.3204,70,1066
1020,523,2.3027,48,151
1021,654,3.1824,62,402
1022,577,2.5313,56,405
1023,233,0.962,56,82
1024,200,0.8608,52,94
1025,154,0.6281,51,152
1026,367,1.9401,52,142
1027,107,0.4793,42,61
1028,253,1.1331,51,161
1029,332,1.4006,42,58
1030,508,2.2575,53,121
1031,377,1.6092,45,376
1032,668,2.9716,48,128
1033,93,0.374,41,80
1034,270,1.1216,51,264
1035,211,0.8796,57,145
1036,149,0.6134,43,62
1037,151,0.6926,44,54
1038,155,0.6381,44,154
1039,176,0.74,39,61
1040,144,0.7226,34,104
1041,694,3.0953,61,606
1042,610,2.7103,58,194
1043,753,3.5923,51,466
1044,519,2.2149,66,92
1045,167,0.6679,45,52
1046,250,1.0585,62,150
1047,148,0.6124,37,102
1048,1093,5.4964,54,71
1049,420,1.9844,53,384
1050,584,2.5895,58,432
1051,255,1.1016,52,128
1052,1035,5.3305,59,692
1053,416,1.799,65,312
1054,338,1.4521,44,223
1055,563,2.4338,55,506
1056,358,1.8351,51,266
1057,257,1.086,39,220
1058,497,2.1304,46,52
1059,227,0.9487,42,67
1060,147,0.5902,39,142
1061,1321,6.6143,60,914
1062,401,1.7746,52,98
1063,710,3.409,67,93
1064,397,1.7603,67,282
1065,1127,5.501,57,82
1066,2779,14.4087,68,79
1067,121,0.5556,47,91
1068,269,1.3229,46,85
1069,167,0.6773,49,81
1070,196,0.817,51,195
1071,698,3.3859,71,544
1072,448,1.9772,54,261
1073,385,1.6525,48,298
1074,246,1.0314,48,85
1075,121,0.6035,43,105
1076,410,1.7767,65,108
1077,576,2.6283,48,328
1078,409,2.0288,50,162
1079,395,1.661,59,55
1080,384,1.6562,67,52
1081,390,1.7089,53,370
1082,379,1.6567,62,54
1083,392,1.8644,48,167
1084,373,1.6347,54,141
1085,382,1.6445,46,191
1086,382,1.6641,56,128
1087,372,1.9491,45,311
1088,370,1.6053,43,248
1089,415,2.2265,47,184
1090,396,1.8326,48,145
1091,391,1.6918,45,124
1092,183,0.7619,50,124
1093,101,0.4401,36,96
1094,154,0.7809,58,50
1095,80,0.3174,50,63
1096,447,1.9184,45,98
1097,150,0.6083,55,99
1098,140,0.5718,48,113
1099,55,0.2434,35,53
1100,495,2.2558,59,460
1101,161,0.6545,50,97
1102,378,1.6242,49,77
1103,398,1.7296,50,100
1104,398,1.7128,59,95
1105,403,1.8529,54,206
1106,380,1.6509,54,216
1107,399,1.8109,57,211
1108,379,1.6478,57,247
1109,380,1.7904,49,249
1110,385,1.7392,51,192
1111,377,1.7917,50,199
1112,404,1.823,67,64
1113,382,1.6459,46,220
1114,386,1.6779,56,190
1115,413,1.851,48,206
1116,398,1.7182,49,165
1117,262,1.1009,46,178
1118,188,0.8009,43,186
1119,1014,5.2017,62,947
1120,93,0.4626,36,74
1121,72,0.3509,65,56
1122,43,0.1759,27,42
1123,46,0.1937,43,43
1124,504,2.2436,62,492
1125,522,2.674,66,467
1126,539,2.3292,54,483
1127,208,0.8613,61,109
1128,156,0.7026,41,48
1129,165,0.7959,37,154
1130,643,2.864,49,641
1131,418,1.8986,46,214
1132,407,1.7488,51,368
1133,411,1.9321,51,400
1134,394,1.7831,46,224
1135,386,1.7342,61,194
1136,426,1.819,53,289
1137,571,2.5621,50,468
1138,792,3.5253,56,533
1139,347,1.5767,45,90
1140,672,3.0435,64,67
1141,357,1.7057,45,279
1142,502,2.1944,63,409
1143,829,4.1012,70,613
1144,567,2.9478,48,282
1145,394,1.6559,56,300
1146,533,2.3759,46,511
1147,489,2.1213,49,359
1148,375,1.6259,58,49
1149,457,2.046,56,195
1150,407,1.9779,52,138
1151,420,1.8277,65,320
1152,452,2.084,57,394
1153,470,2.0264,56,39
1154,572,2.4682,66,342
1155,449,1.9728,61,123
1156,524,2.6832,50,148
1157,605,2.8996,53,489
1158,47,0.1876,26,41
1159,390,1.66,60,147
1160,377,1.861,45,376
1161,141,0.7263,54,86
1162,109,0.4877,34,58
1163,104,0.4114,58,36
1164,125,0.6203,40,25
1165,387,1.6825,55,368
1166,388,2.4808,56,51
1167,54,0.2207,34,52
1168,273,1.1757,51,168
1169,2062,10.4364,70,621
1170,2073,11.0762,75,472
1171,414,2.0397,54,335
1172,487,2.0822,62,407
1173,253,1.0798,40,246
1174,1852,9.2983,58,1778
1175,383,2.0049,43,204
1176,1375,7.2079,62,772
1177,162,0.6646,52,81
1178,744,3.4151,56,30
1179,1037,5.2045,73,743
1180,977,5.2642,62,494
1181,1643,8.6024,50,733
1182,340,1.4765,45,339
1183,941,4.7656,60,712
1184,1014,5.0436,60,960
1185,740,3.3388,56,53
1186,408,1.7473,52,375
1187,348,1.4888,48,82
1188,597,2.6686,57,305
1189,752,3.4438,70,745
1190,218,0.9075,51,157
1191,263,1.069,40,93
1192,322,1.3542,52,132
1193,281,1.1913,58,83
1194,373,1.5933,49,291
1195,2225,11.3311,73,2002
1196,668,3.2754,63,121
1197,2617,13.351,64,1593
1198,1985,10.5937,72,1887
1199,531,2.6488,51,418
1200,3713,19.3778,65,567
1201,1303,6.8147,64,787
1202,218,0.9343,47,135
1203,298,1.2723,75,88
1204,1303,6.5954,53,1098
1205,445,2.2532,53,211
1206,2292,11.8678,58,2144
1207,225,0.9965,50,93
1208,196,0.8196,58,182
1209,206,0.914,51,143
1210,174,0.7339,43,172
1211,235,0.9998,49,71
1212,728,3.4313,79,307
1213,1212,6.5238,69,951
1214,691,3.0979,54,100
1215,607,2.9038,62,135
1216,494,2.0829,45,386
1217,64,0.2858,45,36
1218,75,0.337,48,39
1219,56,0.2339,48,50
1220,73,0.2907,53,57
1221,683,3.1537,59,77
1222,570,2.7445,52,413
1223,733,3.2115,72,235
1224,1254,6.1903,56,976
1225,1175,5.8063,70,1148
1226,1078,5.3157,79,755
1227,366,1.5646,70,320
1228,457,2.1753,64,89
1229,145,0.6169,86,117
1230,450,1.9181,74,294
1231,1157,5.7348,62,957
1232,404,1.7945,49,388
1233,799,3.6217,55,419
1234,865,4.2481,61,372
1235,472,2.0917,68,420
1236,472,1.9383,49,272
1237,501,2.299,55,144
1238,427,1.8127,49,219
1239,769,3.5617,51,122
1240,1089,5.3995,60,211
1241,152,0.6403,44,27
1242,516,2.3798,72,303
1243,622,3.1515,57,93
1244,992,5.3439,59,696
1245,1201,6.4376,67,722
1246,250,1.0805,55,205
1247,701,3.1269,84,132
1248,1694,8.6365,70,1118
1249,310,1.3293,58,97
1250,682,3.0003,55,113
1251,1478,7.4743,66,791
1252,465,2.2539,56,322
1253,1030,5.0641,54,858
1254,430,1.9192,71,153
1255,809,3.724,56,158
1256,767,3.8145,67,128
1257,788,3.8316,80,479
1258,400,1.7151,54,224
1259,724,4.1049,59,560
1260,303,1.3549,58,213
1261,502,2.3004,57,197
1262,848,4.0041,52,797
1263,113,0.4457,40,98
1264,506,2.2696,40,150
1265,200,0.8049,55,129
1266,578,2.4987,60,471
1267,462,2.09,50,461
1268,409,1.8345,52,74
1269,120,0.4759,40,98
1270,247,1.0192,60,236
1271,185,0.7661,55,118
1272,112,0.459,53,71
1273,677,2.9901,44,479
1274,538,2.6819,54,447
1275,799,4.006,49,181
1276,598,2.8466,55,597
1277,730,3.3326,60,173
1278,1428,6.7919,65,1307
1279,1164,6.0862,52,673
1280,522,2.6053,49,231
1281,98,0.4011,47,55
1282,212,1.0103,45,208
1283,765,3.6506,55,298
1284,345,1.5219,53,254
1285,582,2.6748,64,324
1286,141,0.5712,54,86
1287,497,2.4618,57,394
1288,268,1.0883,48,160
1289,959,4.612,67,183
1290,1458,7.408,68,792
1291,1053,5.3435,52,397
1292,1549,7.8948,62,293
1293,451,1.9842,45,83
1294,819,4.077,57,145
1295,691,3.0887,61,257
1296,82,0.3378,36,81
1297,1332,6.4917,73,1131
1298,156,0.6338,46,70
1299,835,4.0037,63,634
1300,2017,9.9221,64,1973
1301,1040,5.5548,63,517
1302,675,3.2411,71,359
1303,534,2.4941,53,83
1304,722,3.2779,54,314
1305,1455,7.6402,58,1423
1306,161,0.6806,44,107
1307,1855,9.5539,72,344
1308,710,3.4488,61,555
1309,1373,7.2515,76,273
1310,616,3.1068,57,517
1311,829,4.0216,64,384
1312,430,2.0473,52,317
1313,142,0.5695,40,141
1314,136,0.5624,64,97
1315,1000,4.9364,61,72
1316,218,0.9201,57,133
1317,632,3.4001,55,409
1318,1179,6.3591,79,607
1319,1012,5.0904,53,333
1320,1036,5.3248,51,574
1321,67,0.2816,40,57
1322,293,1.2651,46,95
1323,739,3.163,59,485
1324,889,4.4803,61,677
1325,453,2.1017,49,211
1326,675,3.0354,59,171
1327,906,4.3947,65,698
1328,1257,6.0355,49,96
1329,1039,5.5753,60,958
1330,214,0.8918,47,57
1331,214,0.9212,47,148
1332,310,1.2791,49,242
1333,324,1.4905,47,61
1334,181,0.8972,67,137
1335,263,1.1932,57,242
1336,962,5.5373,52,483
1337,399,2.0268,52,149
1338,411,1.9371,74,180
1339,627,2.9102,68,103
1340,90,0.3651,39,77
1341,916,4.5896,52,302
1342,1023,5.1795,60,273
1343,1060,5.0979,65,494
1344,335,1.6189,50,77
1345,579,2.7112,49,193
1346,371,1.6886,49,340
1347,402,1.7035,60,240
1348,602,2.9021,60,348
1349,724,3.1874,65,150
1350,940,5.0432,53,478
1351,762,3.5776,57,534
1352,75,0.3156,30,74
1353,77,0.3016,54,66
1354,227,1.0815,51,174
1355,326,1.3953,55,56
1356,1508,7.3328,75,1406
1357,619,2.8411,59,247
1358,461,1.9695,46,389
1359,905,4.4422,72,275
1360,250,1.0584,53,82
1361,640,2.9456,54,376
1362,577,2.683,70,222
1363,680,3.1099,47,523
1364,229,0.9585,44,60
1365,209,0.8806,46,55
1366,191,0.9022,47,165
1367,881,4.6887,79,307
1368,229,1.022,55,224
1369,476,2.1359,55,126
1370,899,4.4589,49,786
1371,851,4.5517,67,706
1372,1263,6.1584,90,454
1373,171,0.7061,53,120
1374,597,2.7177,59,447
1375,355,1.4636,59,52
1376,664,3.0486,58,224
1377,1147,5.5817,52,322
1378,718,3.6511,58,123
1379,179,0.7391,51,178
1380,545,2.603,69,195
1381,646,3.0054,76,634
1382,645,2.926,62,539
1383,2517,13.1908,65,267
1384,390,1.9362,50,157
1385,666,3.1786,65,252
1386,3504,18.3566,62,3317
1387,89,0.3796,35,88
1388,1508,7.6106,53,122
1389,439,1.8915,53,238
1390,499,2.2088,49,106
1391,775,4.2386,54,287
1392,734,3.6496,52,55
1393,1003,5.2321,65,111
1394,439,2.0772,58,160
1395,446,1.8294,52,162
1396,450,1.946,41,129
1397,132,0.538,49,63
1398,900,4.8299,56,886
1399,725,3.701,68,224
1400,397,1.6777,50,72
1401,1222,6.1905,61,1080
1402,105,0.4403,43,52
1403,426,1.8908,62,39
1404,413,1.8752,50,144
1405,687,3.6495,59,89
1406,1028,5.5176,60,808
1407,770,3.808,79,707
1408,360,1.7123,51,87
1409,702,3.2824,49,686
1410,53,0.2103,39,50
1411,496,2.1164,55,390
1412,107,0.4276,45,100
1413,998,5.0029,55,991
1414,538,2.3534,63,202
1415,973,5.0223,76,156
1416,480,2.3949,57,142
1417,24,0.1134,20,12
1418,210,0.9643,38,178
1419,1109,5.5705,59,84
1420,1044,5.1045,71,929
1421,846,4.0602,49,355
1422,66,0.2629,38,57
1423,1097,5.351,69,822
1424,686,3.077,61,394
1425,198,0.8202,53,172
1426,604,2.625,57,174
1427,5128,26.9246,63,3620
1428,468,2.0677,62,186
1429,220,0.9403,52,51
1430,1332,6.8247,73,267
1431,513,2.5286,56,112
1432,383,1.9775,70,127
1433,450,2.0765,59,353
1434,220,0.9518,54,182
1435,394,1.8274,51,279
1436,1026,5.0495,65,744
1437,292,1.445,48,117
1438,733,3.4335,55,446
1439,448,1.9421,47,447
1440,417,1.7918,66,48
1441,540,2.3954,56,361
1442,636,3.0541,56,351
1443,727,3.2413,66,665
1444,794,3.6814,56,642
1445,139,0.5731,53,63
1446,431,1.8344,55,116
1447,912,4.4892,78,426
1448,1557,7.8496,61,237
1449,125,0.4967,43,124
1450,1178,6.1456,52,340
1451,1294,6.7174,66,284
1452,436,1.8631,60,191
1453,475,2.2795,69,434
1454,313,1.3076,54,135
1455,454,1.9617,61,263
1456,155,0.6423,63,132
1457,136,0.5561,37,101
1458,867,4.045,71,148
1459,521,2.2666,59,101
1460,425,2.0413,49,224
1461,279,1.1877,55,275
1462,400,1.7015,67,77
1463,337,1.4259,50,95
1464,611,2.7601,61,241
1465,615,2.7362,55,432
1466,511,2.2654,48,456
1467,417,1.8085,75,294
1468,492,2.2909,43,269
1469,806,4.4938,58,632
1470,156,0.6728,39,152
1471,505,2.3049,63,263
1472,153,0.6275,46,121
1473,1567,7.6155,66,1436
1474,1350,7.1003,69,90
1475,253,1.0784,41,164
1476,433,1.8759,46,216
1477,502,2.1019,54,57
1478,800,3.6139,66,39
1479,507,2.1568,63,451
1480,505,2.1502,52,74
1481,680,3.137,54,241
1482,547,2.3348,46,423
1483,527,2.3203,50,451
1484,1146,5.6287,63,508
1485,227,0.9811,47,215
1486,304,1.3009,45,194
1487,571,2.4945,62,322
1488,225,0.9956,44,129
1489,401,1.7829,55,379
1490,168,0.6993,45,49
1491,554,2.5639,64,500
1492,1263,6.2208,62,183
1493,1841,9.3681,73,1783
1494,1659,8.5269,75,1065
1495,396,1.7548,58,216
1496,1257,6.2956,67,700
1497,537,2.6676,62,118
1498,183,0.7633,61,133
1499,898,4.2679,52,453
1500,486,2.066,64,333
1501,164,0.7336,50,98
1502,461,1.9391,52,442
1503,490,2.489,66,447
1504,109,0.4333,47,66
1505,235,1.0167,55,109
1506,963,4.6345,89,106
1507,179,0.7744,47,78
1508,151,0.7689,41,57
1509,187,0.8762,41,155
1510,277,1.4068,50,103
1511,591,2.5708,73,565
1512,626,2.7838,62,63
1513,1323,6.8111,65,127
1514,1450,7.7258,54,1405
1515,2768,14.3937,56,2603
1516,565,2.6344,51,412
1517,1642,8.071,75,276
1518,1239,6.2639,77,535
1519,1034,5.1248,68,678
1520,187,0.8072,54,156
1521,1361,7.2572,70,1143
1522,73,0.2894,39,62
1523,1189,5.9291,52,98
1524,544,2.5023,49,126
1525,711,3.1723,68,524
1526,277,1.1679,55,250
1527,723,3.2438,66,496
1528,1046,5.166,71,657
1529,915,4.6869,52,139
1530,761,3.5384,54,706
1531,422,1.888,70,157
1532,667,3.1194,77,111
1533,631,3.0376,48,548
1534,634,2.7747,64,220
1535,602,3.0277,54,158
1536,400,1.6951,64,358
1537,3219,16.5028,62,62
1538,191,0.8102,53,68
1539,1430,7.1595,63,991
1540,1526,7.9375,66,1213
1541,646,3.1626,63,450
1542,378,1.881,51,296
1543,380,1.6374,46,329
1544,182,0.8234,50,133
1545,651,2.8883,60,69
1546,505,2.267,67,328
1547,324,1.3425,52,161
1548,731,3.3341,49,553
1549,161,0.6619,53,159
1550,541,2.544,47,321
1551,447,2.0028,69,95
1552,518,2.2046,57,342
1553,194,0.8068,43,191
1554,477,2.078,76,71
1555,227,0.9561,53,184
1556,388,1.8011,52,245
1557,331,1.4755,70,254
1558,1431,6.8286,68,121
1559,68,0.3641,32,41
1560,272,1.2004,46,61
1561,500,2.2097,51,154
1562,337,1.454,46,118
1563,127,0.5121,45,106
1564,222,0.9105,59,107
1565,405,1.7172,58,50
1566,344,1.5803,47,69
1567,98,0.4236,47,85
1568,419,1.7989,61,182
1569,395,1.6717,51,106
1570,190,0.8766,50,71
1571,1298,6.5124,76,800
1572,175,0.7771,41,37
1573,242,1.0164,55,57
1574,176,0.7245,43,62
1575,233,1.0268,54,209
1576,370,1.6845,50,349
1577,167,0.6825,57,57
1578,118,0.4745,50,100
1579,565,2.5712,55,195
1580,224,0.9233,57,171
1581,317,1.3748,50,272
1582,631,3.0701,52,623
1583,327,1.5145,55,116
1584,385,1.6503,54,138
1585,785,4.2167,59,130
1586,392,1.733,61,236
1587,255,1.0827,50,53
1588,198,0.8822,47,172
1589,336,1.4236,49,214
1590,165,0.7462,44,98
1591,389,1.7635,54,315
1592,424,1.9055,48,41
1593,359,1.5613,52,76
1594,381,1.6427,45,86
1595,390,1.6372,64,157
1596,355,1.498,53,319
1597,206,0.8452,54,160
1598,306,1.2702,70,251
1599,434,1.849,60,64
1600,922,4.698,58,731
1601,730,3.441,59,437
1602,1368,7.0859,69,113
1603,465,2.0694,41,234
1604,795,3.9672,56,653
1605,686,3.1599,53,131
1606,927,4.5934,69,233
1607,654,2.993,59,208
1608,650,3.0711,72,247
1609,801,3.8344,59,82
1610,663,2.9117,66,371
1611,245,1.0803,43,89
1612,553,2.4244,63,548
1613,632,3.0101,66,142
1614,274,1.2713,61,68
1615,237,0.9744,49,150
1616,476,2.2155,57,294
1617,304,1.5913,50,52
1618,366,1.6855,49,196
1619,656,2.9068,62,294
1620,472,2.2287,51,192
1621,155,0.6134,56,152
1622,386,1.6459,49,309
1623,189,0.9858,48,38
1624,1487,7.4581,72,884
1625,1447,7.1792,63,1086
1626,713,3.6834,63,514
1627,423,1.9684,52,112
1628,426,2.0317,57,327
1629,794,3.7438,63,67
1630,670,3.0427,51,537
1631,802,3.9864,56,519
1632,494,2.3665,56,483
1633,742,3.8527,53,397
1634,700,3.271,52,299
1635,225,0.9306,55,76
1636,412,1.8097,50,91
1637,332,1.3954,56,69
1638,1575,7.7984,71,252
1639,788,4.028,63,211
1640,131,0.6394,47,101
1641,522,2.2403,66,467
1642,128,0.6396,38,80
1643,632,2.8697,49,157
1644,1665,8.8813,74,1034
1645,206,0.9031,39,132
1646,810,3.883,56,710
1647,1067,5.3163,78,81
1648,600,2.9346,58,595
1649,1852,9.4147,68,530
1650,156,0.6821,47,99
1651,108,0.4343,43,100
1652,563,2.7512,54,321
1653,949,4.8081,53,206
1654,183,0.8171,44,98
1655,483,2.2008,58,238
1656,2619,13.2659,73,968
1657,1884,9.9769,70,173
1658,102,0.4333,41,75
1659,109,0.5548,55,39
1660,1025,5.3952,73,280
1661,173,0.7831,53,152
1662,173,0.7036,53,152
1663,173,0.7315,53,152
1664,173,0.8392,53,152
1665,173,0.7214,53,152
1666,173,0.7089,51,152
1667,173,0.8068,53,152
1668,877,4.1093,54,666
1669,189,0.9338,44,107
1670,1002,4.7902,81,856
1671,928,4.6075,67,91
1672,334,1.5316,57,63
1673,1031,5.0784,66,186
1674,1235,6.5885,76,1080
1675,521,2.3697,60,92
1676,794,3.9411,66,123
1677,842,4.0529,49,110
1678,2078,10.356,54,306
1679,749,3.6682,57,96
1680,868,4.145,49,350
1681,1069,5.3532,64,194
1682,373,1.7905,47,301
1683,811,3.9532,58,143
1684,1052,5.063,62,814
1685,1215,6.0055,66,595
1686,1232,6.1752,67,489
1687,3242,16.7229,74,925
1688,1198,6.2306,48,262
1689,111,0.459,59,87
1690,971,4.8667,67,595
1691,496,2.4888,46,122
1692,2899,14.7851,66,1372
1693,976,5.2283,69,220
1694,999,5.164,56,700
1695,671,3.0738,48,339
1696,600,2.6828,58,257
1697,611,2.6552,59,192
1698,1514,7.8399,77,1309
1699,4724,24.3611,65,1257
1700,102,0.4375,53,70
1701,203,0.8491,61,116
1702,515,2.2913,55,422
1703,149,0.602,53,64
1704,201,0.8317,38,125
1705,1163,5.8791,68,137
1706,326,1.4216,51,274
1707,1236,6.4811,63,260
1708,378,1.7846,62,127
1709,607,3.4134,57,398
1710,1252,6.314,74,475
1711,389,1.9384,68,260
1712,461,2.157,62,302
1713,355,1.584,49,334
1714,1376,6.6444,67,1050
1715,884,4.4979,52,719
1716,759,3.7649,74,48
1717,658,3.1621,66,410
1718,991,5.1948,65,749
1719,3791,19.6785,57,3226
1720,556,2.6262,57,381
1721,45,0.1813,30,29
1722,558,2.492,60,299
1723,645,2.8147,49,119
1724,631,2.6398,65,356
1725,564,2.4332,47,223
1726,158,0.6397,40,156
1727,835,3.9813,48,417
1728,1194,6.4871,64,1193
1729,1011,5.5131,66,810
1730,205,0.9136,58,62
1731,1193,6.0782,70,1186
1732,1263,6.6688,66,802
1733,220,0.932,52,196
1734,413,1.8126,61,165
1735,409,1.8037,51,147
1736,582,2.727,63,356
1737,424,1.8511,62,80
1738,291,1.2129,46,99
1739,653,3.0687,49,43
1740,405,1.8614,59,61
1741,854,4.0799,62,215
1742,396,1.7431,56,98
1743,759,3.5101,55,32
1744,143,0.5779,43,93
1745,148,0.6054,51,83
1746,130,0.6264,46,46
1747,130,0.5214,41,46
1748,387,1.9748,45,59
1749,196,0.8041,50,128
1750,956,4.9696,86,457
1751,2717,14.0692,86,510
1752,612,2.7329,57,57
1753,1098,5.5712,57,1093
1754,343,1.4961,48,301
1755,846,4.156,48,325
1756,642,3.4149,46,275
1757,233,0.9684,50,103
1758,209,0.8668,60,197
1759,1421,6.9394,70,152
1760,398,1.7652,51,255
1761,142,0.5796,45,53
1762,1849,9.1021,70,473
1763,1484,7.5062,61,271
1764,135,0.5442,45,38
1765,308,1.532,53,55
1766,411,1.8045,50,304
1767,391,1.6899,56,136
1768,173,0.715,51,136
1769,516,2.1271,53,80
1770,2893,14.8718,68,813
1771,613,2.9188,48,368
1772,143,0.5965,53,70
1773,450,2.0027,46,417
1774,549,2.666,75,410
1775,233,0.976,51,81
1776,122,0.4847,51,41
1777,994,4.9453,57,115
1778,160,0.6845,63,146
1779,939,4.6095,77,231
1780,183,0.7786,48,104
1781,367,1.5909,46,356
1782,372,1.6064,44,170
1783,224,0.9596,54,152
1784,566,2.6072,49,134
1785,567,2.7664,65,94
1786,339,1.4493,53,148
1787,2091,10.6667,62,1505
1788,184,0.7813,52,171
1789,1258,6.391,65,1142
1790,1466,7.5529,73,978
1791,276,1.2459,47,102
1792,1084,5.4142,63,1081
1793,734,3.4829,60,169
1794,1441,7.1365,75,809
1795,289,1.2701,52,203
1796,342,1.6343,50,308
1797,526,2.2585,50,145
1798,313,1.3327,58,263
1799,912,4.6842,48,286
1800,912,4.7301,49,286
1801,663,3.0279,68,631
1802,2432,12.1729,63,1424
1803,495,2.456,43,130
1804,388,1.8169,54,171
1805,906,4.3502,56,409
1806,478,2.0801,57,141
1807,431,1.8736,55,90
1808,142,0.5843,31,127
1809,170,0.7061,39,138
1810,168,0.7494,44,59
1811,327,1.3753,56,100
1812,767,3.5357,55,465
1813,107,0.5281,42,95
1814,243,1.023,67,75
1815,742,3.3814,62,194
1816,209,0.8805,45,64
1817,442,1.9516,51,385
1818,440,1.8788,50,399
1819,272,1.1728,65,145
1820,137,0.5483,48,46
1821,246,1.0255,55,107
1822,83,0.3226,41,28
1823,1790,8.9752,84,120
1824,1175,5.8272,74,197
1825,768,3.5934,65,536
1826,571,2.3392,69,196
1827,394,1.6567,58,391
1828,241,0.9993,49,239
1829,651,2.8604,60,104
1830,695,3.1744,51,317
1831,641,3.003,52,303
1832,179,0.7564,40,59
1833,518,2.2104,55,354
1834,96,0.4009,38,45
1835,663,3.0984,66,662
1836,2780,14.4774,74,385
1837,648,2.9432,75,242
1838,1166,6.0657,53,795
1839,591,2.7627,65,55
1840,1819,9.304,80,745
1841,250,1.1833,52,248
1842,741,3.5986,46,601
1843,582,2.6638,65,521
1844,480,2.0946,49,150
1845,1428,7.0937,63,615
1846,697,3.3589,59,159
1847,416,1.7793,55,247
1848,592,2.6246,52,47
1849,633,2.6488,46,258
1850,1479,7.2324,55,359
1851,559,2.6073,52,205
1852,323,1.4448,43,248
1853,521,2.8705,47,272
1854,436,2.1999,52,60
1855,1085,5.7493,64,835
1856,398,1.6666,65,47
1857,493,2.2856,45,484
1858,168,0.7038,45,165
1859,225,0.9647,52,111
1860,610,2.6339,53,601
1861,831,4.0608,51,242
1862,5561,28.8695,78,2953
1863,315,1.5343,52,69
1864,1123,6.085,71,626
1865,137,0.5688,56,87
1866,370,1.5538,59,284
1867,500,2.2986,51,108
1868,439,1.8821,53,318
1869,699,3.0575,69,639
1870,207,0.9721,46,176
1871,1385,6.8252,72,1232
1872,1123,5.7142,71,1009
1873,132,0.695,38,120
1874,59,0.2427,39,37
1875,284,1.2463,64,113
1876,370,1.5373,53,53
1877,446,2.0469,46,439
1878,377,1.6211,50,63
1879,478,2.1521,48,66
1880,534,2.3089,51,102
1881,121,0.5094,52,105
1882,517,2.1854,51,250
1883,153,0.614,44,127
1884,685,3.2057,53,420
1885,412,1.7869,56,229
1886,435,1.7643,65,349
1887,1041,5.0722,60,731
1888,603,2.6369,53,385
1889,499,2.1137,55,493
1890,300,1.3357,53,60
1891,630,2.9518,57,365
1892,227,1.2156,54,224
1893,445,1.9958,57,389
1894,670,3.1476,54,491
1895,370,1.6994,60,285
1896,380,1.5999,43,183
1897,144,0.5799,46,119
1898,131,0.5195,51,72
1899,352,1.6147,43,283
1900,1581,7.922,74,1030
1901,356,1.6125,59,320
1902,981,5.176,86,914
1903,1241,6.464,65,234
1904,638,3.2747,56,446
1905,450,2.0548,61,280
1906,166,0.6718,62,63
1907,335,1.4295,48,105
1908,382,1.5942,45,314
1909,181,0.8462,47,85
1910,661,2.9729,55,188
1911,281,1.1966,46,106
1912,732,3.3683,54,157
1913,150,0.5967,50,105
1914,322,1.4901,50,118
1915,244,1.0802,42,85
1916,522,2.2841,71,455
1917,218,0.8937,53,55
1918,153,0.6364,48,124
1919,276,1.4158,46,137
1920,329,1.5223,51,235
1921,662,3.2055,52,462
1922,112,0.4631,44,91
1923,1002,5.0159,62,800
1924,972,4.7653,63,75
1925,232,0.9741,43,194
1926,265,1.1056,71,241
1927,557,2.5113,60,244
1928,726,3.2178,70,269
1929,586,2.7057,70,364
1930,1285,6.4897,55,217
1931,661,3.4702,69,131
1932,445,2.1559,56,345
1933,457,2.1407,56,451
1934,353,1.4413,57,291
1935,289,1.3162,48,140
1936,261,1.1013,44,94
1937,624,2.7023,67,268
1938,283,1.1542,42,37
1939,504,2.2338,53,40
1940,333,1.4887,50,196
1941,372,2.0114,49,235
1942,539,2.4253,59,533
1943,245,1.0139,45,85
1944,242,1.021,55,61
1945,568,2.5306,56,424
1946,220,0.9189,56,162
1947,251,1.0687,46,186
1948,378,1.5941,80,156
1949,732,3.2416,67,577
1950,419,1.7996,73,408
1951,701,3.0792,80,157
1952,326,1.386,57,43
1953,282,1.2387,54,84
1954,684,3.2128,50,290
1955,791,3.7331,56,751
1956,645,2.8548,55,342
1957,346,1.6239,56,270
1958,488,2.12,64,227
1959,600,2.5834,68,359
1960,510,2.4006,57,219
1961,627,3.0075,66,625
1962,237,0.9893,57,87
1963,595,2.6783,53,327
1964,277,1.1721,56,138
1965,422,2.0649,50,145
1966,195,0.8396,46,131
1967,465,2.0093,45,353
1968,369,1.5572,56,210
1969,567,2.4512,58,227
1970,439,2.0753,49,61
1971,777,3.6305,54,345
1972,655,3.2192,51,189
1973,1073,5.4036,58,130
1974,960,5.1021,44,625
1975,1162,5.7971,70,720
1976,614,2.8221,63,230
1977,374,1.8013,43,71
1978,810,3.7987,72,552
1979,586,2.5171,48,419
1980,484,2.0919,52,416
1981,552,2.3991,64,529
1982,1123,5.4832,59,493
1983,517,2.3968,54,205
1984,542,2.9393,75,231
1985,761,3.4433,68,355
1986,806,3.8341,65,725
1987,278,1.2398,51,115
1988,1470,7.4102,70,1126
1989,906,4.643,51,99
1990,605,2.7256,61,123
1991,1532,7.7459,69,1368
1992,2058,10.6261,56,1167
1993,642,3.167,46,275
1994,642,3.0086,46,275
1995,968,5.7016,60,112
1996,283,1.2168,50,150
1997,521,2.1873,56,94
1998,322,1.5573,58,311
1999,1504,7.7063,87,881
2000,1228,6.3633,72,851
2001,1099,5.5825,52,1088
2002,1312,6.5331,67,326
2003,606,2.7692,60,540
2004,2131,10.9489,71,1236
2005,160,0.6633,43,91
2006,134,0.5339,35,81
2007,703,3.3326,58,95
2008,388,1.7042,59,54
2009,221,0.917,52,39
2010,962,4.6343,71,896
2011,1338,6.5204,69,994
2012,537,2.3847,50,390
2013,576,2.5697,56,348
2014,356,1.5722,51,340
2015,209,0.8609,61,151
2016,217,0.9104,57,185
2017,493,2.4469,69,235
2018,384,1.6418,45,189
2019,1527,8.049,74,342
2020,430,1.9344,59,377
2021,1532,7.691,69,1013
2022,18142,94.55,70,4292
2023,429,1.9384,55,408
2024,440,2.0363,48,432
2025,388,1.8685,53,171
2026,1081,5.5004,79,285
2027,82,0.3322,44,59
2028,542,2.532,67,169
2029,872,4.2207,61,501
2030,5234,27.3947,75,2608
2031,1492,8.0471,62,705
2032,464,2.128,67,348
2033,706,3.2898,59,54
2034,3199,16.5168,70,351
2035,393,2.0163,47,263
2036,250,1.106,50,216
2037,559,2.5193,58,329
2038,159,0.6669,50,80
2039,487,2.1224,49,387
2040,466,2.0308,53,52
2041,685,2.9508,67,482
2042,73,0.3402,35,62
2043,1251,6.1031,65,901
2044,996,5.0737,62,840
2045,490,2.3784,59,44
2046,491,2.1491,54,113
2047,495,2.285,52,89
2048,185,0.8555,43,178
2049,1448,7.3726,60,842
2050,794,4.1057,64,62
2051,123,0.5198,58,97
2052,534,2.3812,51,375
2053,677,3.0329,55,602
2054,152,0.6712,51,84
2055,1163,5.7945,57,534
2056,173,0.7614,54,152
2057,1082,5.3075,65,665
2058,901,4.6498,90,858
2059,1712,8.4217,68,1202
2060,293,1.4739,50,131
2061,377,1.6376,59,375
2062,488,2.1751,76,479
2063,1064,5.5879,50,441
2064,196,0.8278,63,164
2065,117,0.4662,44,113
2066,1833,9.9176,65,1540
2067,303,1.3331,46,109
2068,673,3.1402,52,70
2069,786,3.5595,66,541
2070,1021,4.9743,57,695
2071,388,1.6888,47,237
2072,1025,4.9582,67,311
2073,2080,10.7582,68,164
2074,366,1.8099,50,354
2075,128,0.5042,38,109
2076,571,2.5998,53,159
2077,301,1.2925,51,126
2078,720,3.4691,55,703
2079,285,1.4585,68,103
2080,345,1.4187,51,344
2081,615,2.7697,69,210
2082,40,0.1589,38,35
2083,168,0.6889,62,166
2084,166,0.6705,48,141
2085,882,4.4364,77,285
2086,352,1.6117,80,108
2087,971,4.8687,72,907
2088,378,1.674,72,240
2089,410,1.7766,79,89
2090,611,2.9653,60,583
2091,1426,7.4188,74,1346
2092,274,1.3784,49,137
2093,339,1.5108,51,91
2094,701,3.1614,65,48
2095,496,2.3172,58,314
2096,408,2.0316,53,304
2097,211,0.8825,43,114
2098,504,2.146,61,52
2099,450,1.9545,57,297
2100,484,2.0702,53,177
2101,240,0.9874,45,200
2102,260,1.2107,71,90
2103,620,2.7219,50,178
2104,179,0.7233,43,120
2105,1430,7.1412,64,590
2106,391,1.8433,53,330
2107,441,1.994,45,369
2108,723,3.8287,86,88
2109,757,3.8445,75,450
2110,411,1.9454,44,75
2111,257,1.1926,48,245
2112,301,1.2363,52,255
2113,636,2.9965,50,93
2114,390,1.9381,49,374
2115,309,1.2961,50,154
2116,134,0.6136,51,80
2117,220,0.9027,51,213
2118,1208,6.3597,68,72
2119,344,1.4865,42,70
2120,469,2.0369,51,190
2121,77,0.3057,35,66
2122,357,1.7386,53,347
2123,362,1.5528,56,56
2124,482,2.0318,52,333
2125,1049,5.1334,74,123
2126,155,0.6511,43,50
2127,448,1.9795,59,78
2128,385,1.6849,52,378
2129,287,1.2147,49,259
2130,195,0.7979,44,47
2131,1021,4.8085,70,946
2132,410,1.7963,42,68
2133,679,3.2095,63,657
2134,913,4.3022,75,280
2135,395,1.7349,49,327
2136,360,1.8633,53,42
2137,557,2.4948,55,86
2138,667,2.9934,69,66
2139,467,1.9978,56,77
2140,682,3.1046,47,417
2141,216,0.8906,42,207
2142,259,1.0748,79,206
2143,223,0.958,50,158
2144,139,0.5661,41,46
2145,439,2.0154,55,437
2146,371,1.6516,56,335
2147,939,4.5559,60,473
2148,216,0.9316,55,161
2149,249,1.0719,51,170
2150,160,0.7457,42,71
2151,485,2.0488,58,44
2152,392,1.8205,58,110
2153,2168,11.0385,56,1133
2154,746,3.7841,63,215
2155,976,4.7845,67,61
2156,653,3.1895,51,406
2157,248,1.0318,49,99
2158,506,2.2131,50,446
2159,585,2.5334,51,152
2160,368,1.5862,52,118
2161,107,0.4332,37,67
2162,537,2.3733,75,535
2163,434,2.0124,50,160
2164,144,0.5678,40,55
2165,129,0.5472,44,47
2166,277,1.2087,50,45
2167,141,0.5645,46,110
2168,1079,5.6177,60,74
2169,818,4.2457,50,210
2170,1366,6.7589,55,1242
2171,219,0.9268,66,186
2172,846,3.9823,68,333
2173,1261,6.2806,76,864
2174,1347,6.9419,58,1301
2175,3352,17.9309,61,2088
2176,979,5.3664,51,976
2177,2052,10.8695,57,1362
2178,464,2.229,74,281
2179,1501,7.8492,57,116
2180,1484,7.7212,65,288
2181,506,2.3552,61,449
2182,506,2.1722,65,449
2183,428,1.8447,51,338
2184,202,0.8377,52,85
2185,833,4.2254,62,494
2186,135,0.5631,41,71
2187,1240,6.3516,56,641
2188,431,1.9001,49,79
2189,266,1.2703,58,210
2190,279,1.2681,47,265
2191,517,2.2278,52,52
2192,532,2.3005,47,451
2193,510,2.4363,55,468
2194,494,2.3039,63,435
2195,678,3.3865,55,359
2196,185,0.7914,48,120
2197,859,4.3287,62,84
2198,685,3.1275,65,630
2199,166,0.677,50,66
2200,521,2.6617,49,56
2201,514,2.4307,51,56
2202,516,2.4038,45,80
2203,631,2.887,45,77
2204,379,1.6399,51,186
2205,222,0.9233,52,193
2206,380,1.639,64,168
2207,237,1.1978,43,159
2208,397,1.7358,58,32
2209,357,1.685,46,159
2210,125,0.5024,45,98
2211,254,1.0681,43,108
2212,542,2.3906,59,82
2213,590,2.5342,58,514
2214,879,4.1278,65,602
2215,964,4.5805,67,958
2216,3580,18.7068,63,3128
2217,227,0.9658,47,116
2218,246,1.1039,56,73
2219,385,1.6248,52,297
2220,271,1.1397,67,224
2221,69,0.3303,37,52
2222,525,2.2822,45,229
2223,520,2.4701,63,467
2224,502,2.1684,56,451
2225,1891,9.9609,61,1234
2226,397,1.838,50,163
2227,611,2.8488,55,139
2228,554,2.3993,57,117
2229,379,1.5703,54,96
2230,519,2.3102,53,462
2231,376,1.6343,44,240
2232,1442,7.3978,53,268
2233,725,3.8156,51,257
2234,591,2.6702,62,570
2235,256,1.0842,46,122
2236,226,0.9508,63,77
2237,451,1.8609,56,372
2238,358,1.6864,53,294
2239,403,1.728,42,310
2240,130,0.5157,42,124
2241,570,2.6329,55,385
2242,1456,7.6734,59,340
2243,1670,8.4853,64,617
2244,761,4.0188,60,568
2245,219,0.903,52,75
2246,500,2.3121,57,445
2247,502,2.1632,67,451
2248,503,2.1603,69,452
2249,502,2.307,64,445
2250,505,2.3037,54,70
2251,519,2.3113,65,457
2252,632,2.9608,57,535
2253,850,3.9501,59,754
2254,444,1.9198,49,404
2255,478,2.2615,50,214
2256,1070,5.1066,57,549
2257,337,1.4272,53,214
2258,247,1.0887,49,141
2259,511,2.5644,55,294
2260,1568,8.3437,79,1332
2261,837,4.3652,63,402
2262,507,2.2864,52,123
2263,530,2.5149,64,143
2264,621,2.7702,77,314
2265,450,1.9563,58,59
2266,546,2.4117,61,433
2267,290,1.2124,53,43
2268,518,2.3817,50,257
2269,512,2.285,50,260
2270,196,0.8193,48,34
2271,1062,5.16,75,382
2272,629,2.9521,69,83
2273,262,1.1421,46,181
2274,120,0.5863,47,107
2275,118,0.5191,50,116
2276,40,0.1619,36,38
2277,126,0.54,35,79
2278,739,3.5024,53,335
2279,536,2.3182,49,498
2280,325,1.3806,55,285
2281,1039,5.1278,78,769
2282,1699,8.8493,69,1534
2283,512,2.4817,50,357
2284,140,0.5746,50,73
2285,420,1.8222,53,194
2286,135,0.5723,38,114
2287,150,0.6017,50,41
2288,137,0.5749,45,119
2289,219,0.9397,63,162
2290,417,1.8149,52,310
2291,489,2.3121,56,430
2292,74,0.3066,33,43
2293,579,2.7905,49,174
2294,881,4.51,58,241
2295,1035,5.0145,57,144
2296,407,1.9181,48,103
2297,400,1.699,46,257
2298,518,2.4933,55,52
2299,944,4.6588,74,891
2300,515,2.4111,53,450
2301,294,1.2225,47,159
2302,733,3.2221,57,555
2303,562,2.6214,47,70
2304,344,1.453,56,163
2305,1867,9.1226,73,1315
2306,385,1.6436,44,167
2307,303,1.4568,47,116
2308,201,0.8148,48,136
2309,816,3.8194,73,424
2310,365,1.5415,41,283
2311,527,2.3406,46,480
2312,365,1.54,55,293
2313,196,0.7867,43,93
2314,308,1.2908,55,271
2315,642,2.7953,59,266
2316,252,1.0983,44,85
2317,536,2.6084,49,481
2318,188,0.7607,50,62
2319,1106,5.2475,69,616
2320,705,3.7115,60,311
2321,696,3.1317,55,495
2322,228,0.9601,54,215
2323,195,0.7919,42,122
2324,458,1.9581,52,457
2325,733,3.3164,68,517
2326,473,2.0051,49,264
2327,743,3.4838,47,311
2328,356,1.5089,61,147
2329,1707,8.5537,68,937
2330,202,0.8598,47,156
2331,448,1.9094,49,34
2332,315,1.3234,51,297
2333,598,2.8809,49,236
2334,220,0.947,48,101
2335,297,1.2475,50,178
2336,150,0.6297,44,78
2337,512,2.6736,56,385
2338,143,0.5722,47,77
2339,116,0.4669,55,83
2340,99,0.4624,46,92
2341,134,0.6715,55,51
2342,180,0.7426,39,90
2343,365,1.8173,46,111
2344,277,1.3915,67,164
2345,655,3.1386,54,536
2346,797,4.0365,55,612
2347,772,3.82,60,628
2348,307,1.3773,43,224
2349,575,3.0121,73,511
2350,396,1.8464,48,173
2351,622,3.1459,62,354
2352,316,1.421,50,269
2353,385,1.8437,57,83
2354,1674,8.447,74,1627
2355,380,1.6857,46,359
2356,360,1.7742,48,208
2357,398,1.902,51,228
2358,436,1.8426,70,179
2359,3304,17.4824,85,717
2360,164,0.6993,58,126
2361,1266,6.2181,57,865
2362,404,1.9314,52,157
2363,392,1.7858,54,78
2364,508,2.2756,59,73
2365,580,2.5056,68,570
2366,610,2.634,47,90
2367,378,1.8004,58,48
2368,990,4.7388,76,644
2369,464,2.0905,77,64
2370,1959,10.0072,65,721
2371,329,1.4972,61,276
2372,655,2.9438,65,475
2373,370,1.6112,47,295
2374,76,0.378,39,57
2375,41,0.1598,54,40
2376,284,1.2214,51,205
2377,1182,6.0694,54,832
2378,653,3.0832,51,614
2379,190,0.7914,62,155
2380,321,1.4153,43,161
2381,250,1.0711,49,53
2382,430,1.8271,50,143
2383,178,0.743,57,93
2384,774,3.7344,69,240
2385,679,2.9112,62,605
2386,420,1.7795,53,68
2387,993,4.8034,62,258
2388,368,1.6844,62,316
2389,1154,6.035,57,572
2390,701,3.172,66,342
2391,323,1.5663,67,269
2392,408,1.7711,57,393
2393,696,3.1656,54,188
2394,528,2.3512,57,70
2395,152,0.6199,60,50
2396,1955,9.9994,56,519
2397,1465,7.6778,61,363
2398,68,0.2716,33,48
2399,3913,20.8069,73,3723
2400,542,2.5088,50,445
2401,756,3.4087,71,483
2402,738,3.5503,84,521
2403,1431,7.222,52,1036
2404,261,1.1322,46,67
2405,549,2.4678,62,469
2406,590,2.605,51,480
2407,4002,20.8869,76,459
2408,180,0.8091,38,55
2409,365,1.561,60,207
2410,355,1.47,62,104
2411,166,0.6842,53,103
2412,517,2.2744,62,341
2413,423,2.0382,50,227
2414,268,1.1346,46,53
2415,752,3.5907,62,468
2416,244,1.0321,49,94
2417,154,0.6202,57,97
2418,256,1.0717,47,181
2419,579,2.8581,49,254
2420,1961,9.7514,59,461
2421,212,0.9596,62,172
2422,432,1.8409,55,425
2423,183,0.7724,46,176
2424,401,1.6933,52,348
2425,561,2.4533,58,144
2426,208,0.8804,43,81
2427,217,0.8898,52,66
2428,2237,11.2748,56,1302
2429,644,2.9151,64,146
2430,425,1.9758,64,75
2431,351,1.5105,50,276
2432,630,2.7842,56,629
2433,609,2.706,61,390
2434,384,1.6396,56,183
2435,388,1.6962,61,188
2436,324,1.3694,54,135
2437,692,3.1986,61,187
2438,2250,11.45,67,487
2439,156,0.6489,51,46
2440,516,2.4301,51,48
2441,1201,5.7985,61,50
2442,1542,7.6324,66,492
2443,362,1.5608,52,256
2444,741,3.2669,50,617
2445,342,1.6408,43,151
2446,445,1.9066,51,255
2447,509,2.2403,59,116
2448,169,0.8035,40,108
2449,274,1.1316,48,86
2450,294,1.2823,46,95
2451,300,1.2532,55,70
2452,409,1.8671,60,387
2453,1365,6.9273,74,538
2454,681,3.5132,67,83
2455,229,0.9467,55,205
2456,398,1.9159,65,138
2457,420,1.9538,60,68
2458,174,0.8042,54,89
2459,157,0.8045,36,121
2460,1490,7.5921,72,651
2461,880,4.3564,46,700
2462,552,2.4687,47,538
2463,339,1.5562,48,264
2464,321,1.3764,45,111
2465,287,1.2342,40,110
2466,461,1.9256,53,344
2467,767,4.3059,54,255
2468,81,0.3204,43,50
2469,626,2.8025,60,43
2470,951,4.6656,54,861
2471,139,0.5697,43,115
2472,869,4.2642,61,621
2473,280,1.2071,49,234
2474,409,1.9386,55,60
2475,274,1.2429,56,224
2476,44,0.177,39,21
2477,563,2.6605,60,238
2478,949,4.571,50,887
2479,864,4.4858,88,790
2480,741,3.468,78,586
2481,325,1.4005,63,175
2482,251,1.0487,48,226
2483,547,2.3536,48,41
2484,1670,7.9992,67,414
2485,3599,18.962,67,1700
2486,1639,8.1293,65,1387
2487,536,2.523,75,157
2488,434,1.8407,54,311
2489,537,2.7939,55,397
2490,537,2.4838,61,482
2491,108,0.4292,48,103
2492,509,2.3594,45,270
2493,201,0.8345,44,45
2494,146,0.5985,44,99
2495,2456,12.4687,67,1137
2496,615,2.7891,66,404
2497,233,0.9761,58,54
2498,685,3.125,48,368
2499,148,0.6321,40,133
2500,354,1.6851,49,52
2501,605,2.7702,75,87
2502,877,4.2648,49,202
2503,140,0.582,47,65
2504,321,1.3891,50,320
2505,561,2.672,49,286
2506,277,1.373,47,176
2507,643,2.7679,53,202
2508,649,3.0815,61,423
2509,677,3.1154,55,521
2510,810,4.1607,65,741
2511,254,1.3224,36,175
2512,466,2.1919,58,71
2513,593,2.5866,65,433
2514,235,1.1169,45,226
2515,853,4.0565,61,429
2516,642,2.8938,75,171
2517,2211,11.1911,63,471
2518,303,1.3684,41,207
2519,629,3.023,54,566
2520,198,0.8487,50,93
2521,103,0.4099,45,102
2522,363,1.6015,53,241
2523,2241,11.4885,61,2203
2524,670,3.4189,62,288
2525,668,2.974,57,70
2526,1068,5.5083,63,964
2527,61,0.2438,45,59
2528,1115,5.6065,59,833
2529,690,3.1021,52,146
2530,605,2.9514,51,45
2531,151,0.623,46,145
2532,2043,10.2635,62,1462
2533,752,3.8919,57,67
2534,142,0.5651,52,141
2535,1435,7.1842,57,760
2536,218,0.9801,46,124
2537,886,4.4017,56,835
2538,103,0.4253,38,49
2539,242,1.0679,49,144
2540,264,1.3852,42,241
2541,711,3.2831,52,470
2542,706,3.2248,61,236
2543,1292,6.8997,51,1231
2544,249,1.0651,41,68
2545,174,0.7118,48,173
2546,1146,5.7509,53,455
2547,633,2.903,49,596
2548,428,1.8137,51,280
2549,710,3.3389,53,706
2550,665,3.2656,52,194
2551,231,1.037,43,154
2552,277,1.419,62,63
2553,901,4.5597,70,838
2554,1289,6.7326,62,1239
2555,819,4.1495,71,563
2556,1119,5.8867,58,524
2557,493,2.2113,64,49
2558,197,0.8228,45,136
2559,423,1.8242,55,58
2560,148,0.6125,49,96
2561,692,3.5649,60,524
2562,583,3.4713,51,579
2563,344,1.6411,54,94
2564,402,1.7518,59,216
2565,509,2.2179,50,404
2566,830,3.8168,72,252
2567,298,1.2739,58,70
2568,215,1.0724,61,67
2569,621,2.7298,70,585
2570,981,4.7638,61,848
2571,995,4.9364,51,464
2572,221,0.9421,52,161
2573,252,1.1265,46,48
2574,310,1.3138,53,254
2575,138,0.5716,50,65
2576,453,1.9977,52,419
2577,430,2.1376,48,249
2578,511,2.2768,58,52
2579,495,2.1084,67,60
2580,192,0.834,47,181
2581,642,2.8333,46,275
2582,397,1.7213,54,109
2583,373,1.7134,49,175
2584,182,0.74,55,141
2585,517,2.2775,60,460
2586,225,0.9787,44,222
2587,216,0.8919,39,183
2588,217,0.9275,43,183
2589,216,0.8981,48,183
2590,200,0.8266,39,167
2591,216,0.9509,47,183
2592,223,0.9354,46,64
2593,1170,5.7948,62,821
2594,493,2.1672,62,51
2595,494,2.1224,50,403
2596,488,2.0949,62,59
2597,887,4.2031,53,876
2598,552,2.492,56,137
2599,460,2.1772,63,88
2600,290,1.3385,64,91
2601,1976,10.1445,56,893
2602,251,1.0759,46,84
2603,497,2.278,51,302
2604,521,2.3754,53,64
2605,1194,6.1018,64,1053
2606,1488,8.3934,60,78
2607,196,0.8379,52,171
2608,1253,6.3582,50,182
2609,364,1.7687,60,361
2610,584,2.8785,64,55
2611,192,0.9157,45,96
2612,159,0.6548,46,140
2613,2244,11.7766,60,1831
2614,582,2.9358,53,565
2615,1019,5.0499,55,976
2616,195,0.8094,47,118
2617,87,0.3527,37,84
2618,438,1.8721,53,70
2619,300,1.2652,50,126
2620,173,0.7296,41,81
2621,873,4.3288,71,775
2622,1944,9.6063,63,1631
2623,734,3.8068,47,303
2624,357,1.5084,46,104
2625,785,3.7246,62,528
2626,523,2.2904,50,493
2627,584,2.6751,58,374
2628,699,3.0969,63,323
2629,675,3.061,62,504
2630,457,2.1792,49,47
2631,318,1.3032,52,82
2632,211,0.8889,52,199
2633,684,2.962,53,574
2634,873,4.5389,52,563
2635,586,2.599,58,190
2636,453,1.9531,64,452
2637,204,0.8919,41,142
2638,531,2.2697,54,393
2639,258,1.1266,49,153
2640,57,0.2354,50,52
2641,815,3.556,52,524
2642,679,3.1368,51,273
2643,858,4.1043,71,526
2644,779,4.3128,54,220
2645,878,4.5371,64,646
2646,875,4.1259,66,282
2647,259,1.0832,47,80
2648,328,1.5331,41,261
2649,522,2.3238,59,518
2650,228,0.9483,53,59
2651,247,1.0284,50,171
2652,393,1.8053,38,218
2653,351,1.5228,46,199
2654,834,3.8982,57,728
2655,321,1.4696,48,121
2656,338,1.4195,49,192
2657,1346,6.9277,79,1071
2658,86,0.3464,40,76
2659,381,1.6845,75,87
2660,593,2.5619,83,156
2661,943,4.6309,48,137
2662,313,1.4952,50,107
2663,155,0.6183,45,40
2664,276,1.223,56,74
2665,307,1.4743,51,299
2666,827,3.8481,50,548
2667,799,3.711,63,118
2668,503,2.4333,53,45
2669,413,1.985,46,180
2670,390,1.7045,45,161
2671,391,1.7227,48,286
2672,524,2.2557,47,382
2673,787,3.6132,53,483
2674,90,0.3633,46,51
2675,398,1.7968,42,107
2676,393,1.6911,60,233
2677,400,2.0341,50,39
2678,338,1.553,56,107
2679,141,0.5703,42,121
2680,614,2.714,52,589
2681,738,3.8114,56,595
2682,187,0.7852,44,85
2683,330,1.4378,59,123
2684,480,2.2786,62,179
2685,120,0.4793,49,42
2686,705,3.1421,75,52
2687,537,2.4079,55,534
2688,724,3.2942,47,520
2689,783,4.2758,53,447
2690,561,2.4266,79,214
2691,96,0.382,38,28
2692,609,3.0177,62,593
2693,469,2.2015,52,262
2694,823,4.113,64,500
2695,252,1.0832,46,77
2696,947,4.8083,70,431
2697,777,3.5541,65,114
2698,767,3.8105,66,83
2699,626,2.9729,53,60
2700,982,4.7953,60,131
2701,508,2.4837,56,66
2702,887,4.0941,49,673
2703,588,2.7432,49,416
2704,148,0.7559,45,89
2705,149,0.684,46,90
2706,167,0.6846,52,113
2707,675,3.0658,63,619
2708,674,2.9317,49,483
2709,1321,6.7746,61,395
2710,302,1.2801,44,228
2711,603,2.8291,48,168
2712,473,2.3286,49,135
2713,284,1.4144,53,190
2714,368,1.7125,55,84
2715,282,1.1659,48,108
2716,2198,10.808,76,545
2717,126,0.5225,45,60
2718,1844,9.3851,64,987
2719,256,1.1776,44,194
2720,190,0.8062,47,137
2721,242,1.0078,45,140
2722,1063,5.4668,74,288
2723,406,1.7084,45,364
2724,597,2.7835,49,430
2725,507,2.1752,53,172
2726,106,0.4232,53,98
2727,955,4.9646,57,782
2728,218,0.9151,52,217
2729,922,4.6723,51,413
2730,586,2.5552,47,214
2731,179,0.7485,57,62
2732,565,2.4971,60,232
2733,493,2.2847,49,202
2734,1452,7.1258,74,1376
2735,242,1.0949,45,178
2736,1331,6.6836,79,318
2737,426,2.2212,48,111
2738,1800,8.9591,58,791
2739,319,1.6364,38,232
2740,125,0.5095,40,82
2741,752,3.6196,51,62
2742,118,0.5222,36,74
2743,1691,8.6541,59,630
2744,392,1.8118,43,170
2745,614,3.0257,50,485
2746,312,1.3391,51,100
2747,1129,5.8043,73,715
2748,298,1.2426,42,65
2749,139,0.5687,39,95
2750,471,2.0605,59,247
2751,252,1.0639,44,77
2752,184,0.7469,53,169
2753,142,0.5789,40,95
2754,554,2.7378,65,106
2755,362,1.6322,57,95
2756,156,0.6611,47,86
2757,286,1.314,71,175
2758,466,2.062,61,251
2759,688,3.0162,61,513
2760,697,3.0875,59,226
2761,207,0.852,59,83
2762,1221,6.1076,75,701
2763,824,4.0192,70,144
2764,656,3.1084,54,232
2765,2471,13.0699,55,1793
2766,1124,5.8896,54,1121
2767,212,0.884,43,83
2768,894,4.4652,61,201
2769,579,2.7868,70,555
2770,396,1.6724,66,335
2771,152,0.7888,48,122
2772,1094,5.5072,66,314
2773,476,2.5688,51,262
2774,395,1.7811,54,137
2775,1342,6.7264,71,948
2776,463,2.4048,66,79
2777,232,0.9755,51,95
2778,254,1.0607,47,214
2779,598,2.6002,59,270
2780,571,2.8041,51,396
2781,289,1.2092,48,211
2782,117,0.4666,50,91
2783,440,1.9282,45,152
2784,1413,7.3808,73,1331
2785,1412,7.5835,52,435
2786,462,2.0727,51,327
2787,637,2.8756,49,617
2788,817,3.7175,61,130
2789,1355,6.8043,73,877
2790,970,4.7707,53,509
2791,844,4.2571,68,47
2792,352,1.6062,57,176
2793,330,1.3833,50,248
2794,421,1.8236,71,123
2795,945,4.5113,57,594
2796,135,0.5648,55,75
2797,651,2.9671,48,460
2798,320,1.3585,46,132
2799,200,0.8183,43,198
2800,583,2.7169,63,439
2801,219,1.1417,47,164
2802,476,2.3576,56,342
2803,269,1.1268,48,81
2804,1249,6.2561,53,1032
2805,371,1.608,53,172
2806,263,1.1055,42,84
2807,2728,13.8866,61,688
2808,221,0.9554,51,166
2809,119,0.5946,52,55
2810,257,1.068,49,153
2811,695,3.1162,60,104
2812,198,0.8077,56,49
2813,2172,10.9192,62,1256
2814,1477,7.6454,55,1307
2815,514,2.3716,52,220
2816,845,3.8687,52,84
2817,614,2.8796,62,180
2818,440,1.8766,46,406
2819,517,2.1928,57,93
2820,431,2.1167,48,281
2821,527,2.3025,47,41
2822,628,2.8512,60,479
2823,410,1.7796,58,231
2824,607,2.6446,57,83
2825,941,4.9103,76,87
2826,445,1.9355,61,443
2827,316,1.3203,65,186
2828,378,1.6618,42,158
2829,223,0.9281,52,111
2830,152,0.6064,52,99
2831,631,2.7957,54,525
2832,454,1.9231,53,442
2833,175,0.7198,48,62
2834,682,3.3675,61,649
2835,117,0.4619,49,114
2836,559,2.4475,54,399
2837,1013,5.0049,56,1011
2838,754,3.3256,65,311
2839,113,0.4681,40,66
2840,200,0.8291,48,151
2841,967,4.7391,49,813
2842,318,1.3978,49,105
2843,123,0.5141,40,60
2844,650,2.8548,62,208
2845,327,1.4203,50,105
2846,327,1.5096,60,237
2847,111,0.4369,56,48
2848,371,1.6256,45,102
2849,1094,5.3621,60,1079
2850,293,1.2949,52,227
2851,1685,8.4813,59,325
2852,5323,27.9688,68,3053
2853,177,0.7388,69,154
2854,91,0.3697,39,54
2855,537,2.4781,59,90
2856,410,1.8183,46,47
2857,119,0.4648,51,118
2858,95,0.3722,41,47
2859,612,2.9089,68,97
2860,1132,6.1248,70,437
2861,512,2.4735,55,441
2862,471,2.2051,47,133
2863,451,1.9964,46,69
2864,205,0.8336,49,198
2865,670,3.4058,56,127
2866,746,3.9525,54,476
2867,307,1.3519,73,75
2868,80,0.313,47,47
2869,300,1.2701,47,79
2870,606,2.7647,54,194
2871,887,4.6303,61,819
2872,316,1.5571,62,304
2873,909,4.4154,63,810
2874,457,2.1226,53,71
2875,993,4.9191,66,47
2876,757,3.4331,54,91
2877,489,2.2855,66,60
2878,236,1.01,54,208
2879,351,1.5008,55,96
2880,1118,5.3875,74,787
2881,1431,7.2923,62,593
2882,112,0.4741,47,97
2883,301,1.3058,48,57
2884,1660,8.6087,60,337
2885,490,2.2038,58,367
2886,660,2.903,54,166
2887,2189,11.217,54,2025
2888,217,1.0092,53,92
2889,658,3.0303,53,76
2890,224,0.9381,47,193
2891,1839,9.5689,80,1618
2892,336,1.4553,52,151
2893,692,3.1157,65,355
2894,670,2.9862,82,473
2895,250,1.0373,51,48
2896,577,2.8544,48,362
2897,274,1.2072,40,164
2898,478,2.0251,47,208
2899,438,2.142,81,247
2900,132,0.5493,42,120
2901,510,2.1937,52,454
2902,512,2.3208,50,76
2903,510,2.2099,52,65
2904,503,2.1542,59,227
2905,502,2.2074,47,446
2906,93,0.3693,39,41
2907,722,3.3055,58,487
2908,389,1.72,48,151
2909,199,0.8324,42,55
2910,192,0.8193,48,59
2911,253,1.09,49,120
2912,396,1.9106,59,46
2913,303,1.2707,53,96
2914,601,2.6822,49,87
2915,756,3.4664,59,104
2916,248,1.0759,60,175
2917,449,1.963,59,345
2918,764,3.4412,58,763
2919,634,3.0502,68,387
2920,322,1.5423,43,211
2921,1391,6.8224,70,819
2922,340,1.5231,54,148
2923,1141,5.592,61,573
2924,235,0.9903,56,218
2925,298,1.2387,48,190
2926,554,2.5327,57,158
2927,281,1.1895,49,43
2928,199,0.9888,44,48
2929,615,2.6896,57,425
2930,257,1.1233,39,198
2931,225,0.9538,48,61
2932,180,0.8565,49,58
2933,228,0.9479,59,218
2934,269,1.1304,46,54
2935,569,2.6552,49,381
2936,454,2.095,52,226
2937,487,2.1696,55,330
2938,183,0.7642,42,165
2939,199,0.8149,37,134
2940,423,1.777,55,109
2941,86,0.3599,47,53
2942,206,0.8618,44,71
2943,294,1.2972,47,235
2944,672,2.9376,69,491
2945,986,4.6946,53,733
2946,450,1.9775,61,76
2947,1219,5.9925,80,143
2948,398,1.768,47,85
2949,130,0.518,47,64
2950,455,1.9864,59,332
2951,486,2.2626,50,432
2952,1060,5.2225,56,903
2953,460,2.3402,45,69
2954,517,2.2664,52,225
2955,728,3.2462,62,167
2956,886,4.5916,69,788
2957,639,2.8986,59,539
2958,1487,7.5483,53,1018
2959,155,0.6482,44,50
2960,1476,7.5867,65,1349
2961,1158,6.0529,72,409
2962,815,3.9081,58,99
2963,389,1.9961,56,234
2964,671,3.109,56,484
2965,125,0.5106,38,83
2966,1719,8.7463,65,898
2967,276,1.2513,49,226
2968,538,2.5188,64,79
2969,953,5.1118,65,83
2970,261,1.1127,44,244
2971,499,2.2778,56,171
2972,355,1.5752,56,58
2973,106,0.4399,44,87
2974,1536,7.6074,74,1267
2975,510,2.3038,63,501
2976,870,4.2875,75,125
2977,534,2.6041,69,485
2978,439,1.8795,60,405
2979,490,2.3714,53,143
2980,843,4.2093,63,451
2981,501,2.1785,51,155
2982,249,1.0403,53,97
2983,540,2.2909,79,117
2984,506,2.1351,60,421
2985,348,1.4579,54,172
2986,355,1.5195,54,111
2987,1192,5.6773,68,411
2988,489,2.2123,51,332
2989,154,0.6304,54,146
2990,649,2.8179,57,410
2991,455,2.0376,62,266
2992,298,1.2258,47,261
2993,256,1.0901,47,128
2994,297,1.4225,47,64
2995,346,1.4191,63,314
2996,855,4.1405,61,412
2997,250,1.1176,53,42
2998,588,2.5574,61,242
2999,428,1.7545,59,296
3000,917,4.404,53,558
3001,231,0.9496,68,163
3002,605,2.7998,62,179
3003,952,4.5211,65,878
3004,366,1.5703,61,87
3005,612,2.6957,58,107
3006,246,1.205,47,220
3007,149,0.6186,56,99
3008,65,0.3143,48,33
3009,740,3.3086,60,252
3010,868,4.3421,50,376
3011,577,2.909,54,571
3012,295,1.2615,46,113
3013,521,2.2231,56,332
3014,488,2.0951,49,198
3015,507,2.2652,49,452
3016,382,1.9298,55,262
3017,211,0.874,41,155
3018,860,4.6254,54,464
3019,153,0.6273,55,147
3020,135,0.6673,38,26
3021,239,1.0388,48,117
3022,307,1.3099,44,225
3023,1538,8.0857,58,550
3024,1674,8.5521,77,1282
3025,1042,5.3609,52,226
3026,581,2.7123,52,306
3027,524,2.2727,63,178
3028,150,0.6533,50,47
3029,399,1.9253,61,374
3030,895,4.4775,49,725
3031,406,1.9288,48,221
3032,82,0.3421,35,77
3033,579,2.675,60,230
3034,745,3.4433,61,75
3035,556,2.4316,47,456
3036,204,0.9918,49,194
3037,553,2.4853,50,503
3038,347,1.4597,50,42
3039,944,4.6289,56,568
3040,364,1.4771,59,193
3041,380,1.5993,48,329
3042,496,2.2249,54,415
3043,654,2.9278,62,577
3044,529,2.3086,58,68
3045,374,1.7243,53,67
3046,396,1.6427,49,228
3047,1697,8.5545,80,64
3048,418,2.0983,55,121
3049,482,2.2899,49,444
3050,241,1.0,44,77
3051,4913,25.5245,69,1703
3052,64,0.2502,36,61
3053,147,0.6008,42,38
3054,721,3.2492,79,82
3055,782,4.0175,48,460
3056,521,2.2697,49,104
3057,1255,6.705,52,1221
3058,244,1.0678,50,181
3059,697,3.2752,54,294
3060,530,2.3414,59,78
3061,727,3.6767,59,524
3062,1013,4.6903,50,604
3063,424,1.8809,70,259
3064,109,0.4641,42,77
3065,348,1.6454,54,93
3066,659,3.0432,50,100
3067,217,0.9021,52,158
3068,139,0.6601,42,57
3069,544,2.4146,56,473
3070,519,2.2463,47,296
3071,226,0.931,62,209
3072,196,0.7993,49,164
3073,1039,5.2504,75,721
3074,1045,5.1072,60,203
3075,526,2.3488,55,507
3076,341,1.4618,47,339
3077,672,2.965,54,373
3078,122,0.4766,43,39
3079,643,2.8368,43,324
3080,1230,6.0966,56,824
3081,463,2.3021,57,453
3082,368,1.8889,58,80
3083,260,1.1027,47,183
3084,677,2.9468,61,73
3085,995,4.9033,61,519
3086,2075,10.6238,76,1816
3087,189,0.7877,53,70
3088,332,1.4135,51,264
3089,259,1.0694,54,255
3090,725,3.4387,42,402
3091,1146,5.6726,60,128
3092,1053,5.2236,69,274
3093,202,0.8501,64,115
3094,601,2.6949,55,579
3095,481,2.5427,46,222
3096,485,2.3519,57,152
3097,464,1.9817,50,409
3098,187,0.7691,47,63
3099,420,1.8627,52,377
3100,1406,6.7939,63,733
3101,377,1.8629,62,298
3102,78,0.3061,34,49
3103,535,2.5561,68,282
3104,1052,5.0244,58,571
3105,492,2.1997,57,402
3106,994,4.7282,54,861
3107,182,0.8897,51,173
3108,369,1.5407,38,322
3109,347,1.4267,57,195
3110,528,2.3147,56,285
3111,246,1.0744,51,103
3112,653,2.7614,74,566
3113,439,2.0235,48,68
3114,694,3.2587,52,630
3115,598,2.8377,59,94
3116,735,3.4714,60,543
3117,244,1.0327,46,122
3118,707,3.6139,62,82
3119,705,3.5007,60,459
3120,612,2.985,58,156
3121,605,2.9578,46,408
3122,251,1.191,75,144
3123,251,1.0728,61,89
3124,462,2.0098,83,359
3125,271,1.1916,40,50
3126,419,1.8587,48,242
3127,472,2.2387,54,64
3128,408,1.9895,44,147
3129,422,1.8757,58,230
3130,3480,18.606,66,2874
3131,1002,5.2569,64,88
3132,155,0.6569,44,104
3133,138,0.5702,44,116
3134,121,0.605,43,114
3135,135,0.5489,61,102
3136,455,1.9609,53,431
3137,926,4.5749,69,555
3138,187,0.7867,49,107
3139,318,1.3486,45,278
3140,405,1.98,56,190
3141,392,1.7128,44,200
3142,170,0.7035,42,94
3143,157,0.6288,45,31
3144,160,0.6536,48,67
3145,963,5.1104,68,481
3146,144,0.5974,44,79
3147,1175,5.8708,64,1100
3148,525,2.5688,48,279
3149,317,1.3583,52,227
3150,480,2.2698,53,331
3151,722,3.5944,54,688
3152,281,1.1765,74,69
3153,300,1.2842,62,108
3154,495,2.1463,51,126
3155,119,0.4684,41,68
3156,887,4.2676,66,139
3157,396,1.8289,45,258
3158,168,0.6774,44,68
3159,331,1.4006,48,239
3160,159,0.6487,46,93
3161,390,1.7013,51,253
3162,93,0.3744,32,53
3163,218,0.9144,37,143
3164,1094,5.5375,71,715
3165,493,2.1284,57,63
3166,856,4.5684,67,809
3167,112,0.4447,40,62
3168,477,2.2016,56,296
3169,540,2.3989,54,245
3170,351,1.6389,48,147
3171,748,3.7337,65,272
3172,493,2.181,49,352
3173,213,0.9019,56,159
3174,179,0.7456,47,105
3175,215,0.881,59,186
3176,820,3.902,52,326
3177,255,1.0636,50,72
3178,125,0.5237,57,121
3179,3920,20.5682,58,184
3180,394,1.7926,51,316
3181,266,1.1322,51,190
3182,452,1.8999,46,124
3183,716,3.1688,51,272
3184,87,0.3496,38,60
3185,392,1.6644,47,178
3186,609,2.8233,50,56
3187,186,0.7914,48,181
3188,532,2.2555,67,445
3189,400,1.6966,46,102
3190,495,2.2499,56,270
3191,953,4.7874,55,730
3192,611,2.7995,44,513
3193,1184,6.1432,66,612
3194,541,2.6791,47,82
3195,1077,5.1999,72,50
3196,334,1.3858,49,178
3197,379,1.6639,76,174
3198,766,3.4295,53,104
3199,628,2.7857,60,617
3200,504,2.3289,56,500
3201,1191,6.3,68,131
3202,1515,7.8166,56,684
3203,218,0.9355,46,127
3204,1215,5.8891,64,96
3205,289,1.3329,41,284
3206,608,3.1016,52,77
3207,335,1.4682,53,49
3208,277,1.196,50,41
3209,591,2.5786,50,73
3210,344,1.4987,45,114
3211,624,3.0433,70,51
3212,2143,11.169,55,232
3213,638,3.2365,61,438
3214,1227,6.1452,92,83
3215,672,3.1341,66,468
3216,699,3.2688,54,325
3217,1192,5.7989,61,248
3218,140,0.5775,32,125
3219,91,0.3658,59,41
3220,192,0.7774,49,177
3221,348,1.521,53,239
3222,193,0.8119,45,186
3223,468,2.0323,47,449
3224,842,4.0713,52,582
3225,227,0.959,71,207
3226,317,1.374,49,83
3227,183,0.9298,48,99
3228,144,0.5693,47,55
3229,333,1.3944,55,305
3230,79,0.3264,47,68
3231,556,2.598,53,73
3232,397,1.8183,59,47
3233,269,1.1374,41,240
3234,370,1.5404,47,49
3235,405,1.922,44,311
3236,212,0.8796,48,80
3237,890,4.2442,52,184
3238,269,1.2876,40,234
3239,123,0.4933,35,47
3240,820,3.8507,74,122
3241,421,1.912,71,420
3242,681,3.0529,82,332
3243,1008,4.9679,59,520
3244,227,0.9747,43,60
3245,595,3.053,63,74
3246,630,2.9029,57,226
3247,338,1.5856,55,187
3248,226,1.0896,54,95
3249,847,4.0319,61,177
3250,511,2.2443,46,455
3251,170,0.7204,48,72
3252,497,2.2531,60,289
3253,540,2.3238,68,70
3254,462,1.97,50,144
3255,197,0.8001,49,183
3256,525,2.3878,55,118
3257,177,0.7258,67,174
3258,591,2.6084,66,435
3259,289,1.2491,48,60
3260,182,0.7532,51,85
3261,526,2.2616,49,524
3262,329,1.4248,47,239
3263,929,4.4604,66,524
3264,387,1.8685,41,237
3265,328,1.461,44,251
3266,412,1.7869,52,238
3267,301,1.2757,48,116
3268,246,1.2937,64,78
3269,695,3.232,73,329
3270,498,2.5301,58,268
3271,682,3.0944,60,351
3272,1748,8.8571,52,61
3273,126,0.5276,61,83
3274,408,1.7522,61,117
3275,2227,11.4118,71,741
3276,432,1.9668,50,324
3277,718,3.2857,72,689
3278,505,2.2714,61,450
3279,2532,13.0564,90,2297
3280,1060,5.3371,77,649
3281,126,0.6344,38,117
3282,1308,6.4154,62,548
3283,4700,24.8969,70,4251
3284,163,0.7391,43,140
3285,891,4.436,63,95
3286,220,0.9241,58,144
3287,204,0.8326,45,92
3288,263,1.1095,55,94
3289,1351,7.0487,54,995
3290,249,1.0647,54,172
3291,1747,9.1496,63,647
3292,1597,8.2058,77,873
3293,581,2.9437,65,516
3294,410,1.8033,51,42
3295,1283,6.5232,64,998
3296,2112,10.7745,75,1987
3297,69,0.3405,37,52
3298,2007,9.8476,73,125
3299,388,1.6727,51,262
3300,388,1.6697,52,55
3301,161,0.6656,49,130
3302,378,1.678,44,70
3303,73,0.2972,49,50
3304,184,0.7387,55,119
3305,212,0.8967,52,203
3306,326,1.6736,58,54
3307,420,1.8088,58,162
3308,1151,5.7463,73,610
3309,561,2.493,52,193
3310,2104,10.6101,79,1386
3311,574,2.8766,54,57
3312,484,2.2609,59,58
3313,491,2.1114,59,427
3314,575,2.5283,56,129
3315,873,4.2242,76,585
3316,332,1.3863,55,104
3317,344,1.482,51,75
3318,395,1.6796,52,84
3319,308,1.2971,47,306
3320,526,2.4188,53,302
3321,360,1.6173,64,70
3322,188,0.7776,45,180
3323,329,1.4504,60,276
3324,608,2.6993,59,275
3325,163,0.6755,44,45
3326,210,0.8993,49,191
3327,1106,5.4882,57,537
3328,1562,7.8965,62,1137
3329,321,1.5141,51,80
3330,835,4.3347,80,408
3331,1825,9.3694,57,753
3332,190,0.7935,45,144
3333,413,1.9399,49,318
3334,376,1.5967,50,105
3335,247,1.0346,67,107
3336,174,0.7023,49,98
3337,234,0.9761,45,230
3338,177,0.7726,51,58
3339,455,2.2484,71,454
3340,677,2.9671,66,78
3341,77,0.3046,44,68
3342,640,2.7805,67,194
3343,1884,9.2743,66,1191
3344,585,2.766,65,86
3345,1960,10.0369,65,1466
3346,512,2.3551,73,83
3347,2518,12.8774,54,1708
3348,682,3.1041,73,55
3349,1103,5.63,49,923
3350,599,2.6722,48,455
3351,274,1.1894,46,211
3352,465,2.3165,65,187
3353,419,1.8454,67,200
3354,378,1.6717,51,285
3355,62,0.2854,36,61
3356,666,3.0099,48,126
3357,346,1.4763,54,134
3358,226,0.9187,47,134
3359,334,1.4319,50,137
3360,688,3.4465,78,257
3361,333,1.479,56,323
3362,318,1.3259,47,68
3363,94,0.4376,53,89
3364,496,2.2,57,416
3365,2085,10.5925,63,963
3366,181,0.7525,60,39
3367,353,1.5067,50,314
3368,658,3.0255,53,575
3369,168,0.8125,55,164
3370,729,3.1766,75,60
3371,261,1.1198,56,121
3372,225,0.9758,49,67
3373,228,0.9674,43,183
3374,1202,6.165,58,772
3375,788,3.9605,59,380
3376,1385,7.0195,53,1383
3377,284,1.2025,50,165
3378,250,1.2886,67,193
3379,500,2.2552,60,455
3380,2314,11.8135,73,455
3381,96,0.3795,35,61
3382,356,1.6699,51,275
3383,302,1.2921,56,56
3384,507,2.4992,58,439
3385,516,2.3744,63,111
3386,241,1.0728,54,127
3387,180,0.7473,52,140
3388,700,3.2562,62,257
3389,3005,15.8423,73,1590
3390,173,0.7158,51,90
3391,537,2.6987,57,475
3392,484,2.2362,53,79
3393,1130,5.6477,61,297
3394,218,0.9345,46,202
3395,1181,5.7963,70,1006
3396,1374,6.9317,71,833
3397,335,1.4544,59,172
3398,506,2.2033,62,440
3399,417,1.7776,42,256
3400,620,2.7108,55,411
3401,239,0.9911,46,85
3402,102,0.4011,39,101
3403,204,0.8566,46,169
3404,200,0.9604,47,96
3405,405,1.9165,53,393
3406,575,2.6888,51,567
3407,808,3.8797,50,543
3408,407,1.8387,52,148
3409,374,1.6739,50,54
3410,1713,8.5769,61,1239
3411,190,0.822,62,123
3412,152,0.6298,55,73
3413,217,0.9205,45,147
3414,161,0.6482,49,132
3415,185,0.7701,53,174
3416,244,1.0491,50,236
3417,506,2.2275,62,73
3418,239,0.9989,43,54
3419,148,0.6015,43,142
3420,325,1.4102,55,107
3421,360,1.5382,45,70
3422,692,3.2664,52,69
3423,1327,6.662,76,566
3424,292,1.3428,44,45
3425,1048,5.5325,75,333
3426,1074,5.654,62,325
3427,709,3.6354,67,93
3428,418,1.8373,63,308
3429,339,1.4485,48,199
3430,486,2.3371,53,280
3431,121,0.4823,45,119
3432,513,2.24,55,323
3433,562,2.5045,53,113
3434,632,2.7823,55,569
3435,752,3.3209,68,279
3436,722,3.1773,78,223
3437,111,0.4478,42,58
3438,145,0.6735,39,123
3439,443,1.9338,48,332
3440,2301,11.8903,64,2137
3441,501,2.6671,60,295
3442,266,1.1599,46,131
3443,413,1.8032,59,68
3444,550,2.3885,75,491
3445,421,1.9188,46,393
3446,388,1.6393,59,201
3447,522,2.4692,57,81
3448,1528,7.7176,58,922
3449,879,4.3766,52,612
3450,511,2.4506,56,48
3451,855,4.088,61,328
3452,151,0.6122,46,149
3453,685,3.1058,52,539
3454,1755,8.7208,55,282
3455,452,2.1113,75,437
3456,517,2.2494,54,61
3457,3536,18.4153,59,2043
3458,479,2.3313,69,169
3459,671,3.0087,56,581
3460,432,2.0002,54,132
3461,485,2.1489,54,474
3462,1032,5.2015,60,518
3463,184,0.763,59,180
3464,198,0.7915,58,150
3465,1545,7.8818,59,1284
3466,794,4.0567,48,77
3467,549,2.4131,56,518
3468,254,1.1091,46,91
3469,139,0.5651,47,77
3470,308,1.3403,50,193
3471,252,1.3112,54,181
3472,593,2.775,49,300
3473,491,2.266,62,199
3474,1068,5.2258,70,945
3475,978,4.9192,73,503
3476,1979,10.206,66,1338
3477,437,2.1985,51,245
3478,1228,6.0133,48,974
3479,996,4.8908,69,218
3480,319,1.4557,77,137
3481,351,1.6843,49,187
3482,1554,7.8052,79,1110
3483,586,2.6018,50,39
3484,514,2.4772,57,357
3485,410,1.902,61,62
3486,927,4.7304,49,266
3487,164,0.669,40,128
3488,1774,8.8174,65,260
3489,2670,13.8575,59,159
3490,957,5.1038,64,847
3491,837,4.0671,62,483
3492,493,2.4381,53,324
3493,310,1.3015,55,262
3494,168,0.6863,42,125
3495,158,0.646,44,64
3496,914,4.2512,51,868
3497,2845,14.6272,66,497
3498,465,2.2222,54,312
3499,496,2.3405,52,495
3500,523,2.249,64,464
3501,519,2.2957,54,494
3502,303,1.2721,52,292
3503,108,0.4328,46,60
3504,584,2.7982,45,182
3505,732,3.4044,61,242
3506,972,4.5452,74,668
3507,588,2.4994,54,220
3508,320,1.3616,50,139
3509,785,3.8176,51,641
3510,798,3.9182,65,288
3511,1638,8.4104,58,992
3512,2054,10.4431,59,477
3513,127,0.5279,48,58
3514,617,2.8272,52,326
3515,332,1.4108,42,130
3516,748,3.5745,63,74
3517,1216,6.1816,57,768
3518,456,2.1396,53,70
3519,656,3.1011,70,56
3520,113,0.4416,45,44
3521,498,2.1535,48,250
3522,407,2.1251,47,105
3523,1001,5.1391,62,826
3524,407,1.9937,55,81
3525,400,1.7755,58,368
3526,412,1.8392,45,318
3527,399,1.9403,48,91
3528,1396,7.6065,62,215
3529,1855,9.9136,69,1737
3530,627,3.3615,57,620
3531,398,1.8464,63,122
3532,90,0.3538,47,84
3533,691,3.4651,51,551
3534,345,1.7493,51,271
3535,684,3.7523,56,624
3536,453,2.088,60,251
3537,197,0.7994,53,102
3538,1712,9.0945,74,1096
3539,1440,7.461,58,967
3540,322,1.418,47,200
3541,258,1.1935,63,230
3542,204,0.852,39,103
3543,513,2.2781,50,416
3544,149,0.6886,46,78
3545,1319,6.7818,55,1249
3546,156,0.6435,66,61
3547,776,3.7288,77,255
3548,465,2.0111,51,349
3549,678,3.453,64,674
3550,819,4.0125,55,149
3551,409,2.0529,58,408
3552,413,1.7366,49,292
3553,398,1.677,48,229
3554,93,0.3719,38,53
3555,223,0.9513,44,158
3556,1871,9.2817,80,83
3557,347,1.6398,48,227
3558,1545,7.7831,72,839
3559,179,0.8687,39,83
3560,542,2.5868,55,69
3561,597,2.806,66,208
3562,287,1.2468,51,184
3563,566,2.4177,46,535
3564,874,4.2016,71,486
3565,190,0.795,45,80
3566,622,2.7128,67,457
3567,793,3.7267,59,520
3568,723,3.3511,58,251
3569,610,2.7141,68,471
3570,393,1.7199,51,332
3571,115,0.4693,35,71
3572,231,0.9825,55,72
3573,443,1.8935,50,386
3574,314,1.3412,51,205
3575,3751,19.7481,67,3194
3576,66,0.2675,38,55
3577,935,4.7071,66,397
3578,827,3.9422,74,179
3579,467,2.0087,57,343
3580,664,3.1323,63,165
3581,917,4.3111,65,760
3582,386,1.8344,50,324
3583,388,1.6412,53,306
3584,288,1.2231,46,45
3585,458,1.964,51,63
3586,78,0.3034,58,57
3587,191,0.7851,50,136
3588,1248,6.0531,52,514
3589,238,0.9979,62,214
3590,1009,4.8292,54,671
3591,479,2.1527,55,136
3592,315,1.3506,47,157
3593,1672,8.4605,64,708
3594,1023,5.1686,52,883
3595,1196,5.7883,85,1189
3596,526,2.5918,51,131
3597,414,1.7932,49,95
3598,499,2.3671,45,142
3599,744,3.231,57,509
3600,718,3.7926,73,575
3601,543,2.4446,53,310
3602,572,2.4566,59,477
3603,2220,11.4193,62,1489
3604,487,2.1948,47,414
3605,837,3.9701,48,743
3606,270,1.1537,38,230
3607,80,0.3106,46,41
3608,150,0.6118,51,100
3609,538,2.4345,47,80
3610,512,2.4613,53,266
3611,457,2.167,63,111
3612,187,0.89,55,119
3613,163,0.6606,49,150
3614,978,4.7348,77,727
3615,737,3.3037,61,128
3616,395,1.722,47,251
3617,465,1.9276,49,102
3618,545,2.3558,53,325
3619,425,1.8231,48,111
3620,1832,9.1832,77,1789
3621,222,0.9345,69,33
3622,353,1.5669,57,104
3623,850,4.186,64,101
3624,194,0.8202,56,49
3625,183,0.7433,46,133
3626,559,2.5798,52,532
3627,986,4.6264,57,914
3628,1285,6.2945,65,1206
3629,981,5.6955,56,783
3630,445,1.9267,54,103
3631,1127,5.5535,64,745
3632,642,3.0736,54,30
3633,942,4.6509,69,147
3634,3467,17.8608,75,1445
3635,253,1.1216,56,208
3636,253,1.072,44,147
3637,596,2.7406,64,127
3638,65,0.2559,41,61
3639,189,0.7951,39,66
3640,747,3.5462,58,46
3641,789,3.6502,48,521
3642,912,4.7586,49,286
3643,351,1.5093,42,163
3644,160,0.6492,53,141
3645,583,2.7445,52,326
3646,718,3.7205,61,103
3647,984,5.2318,76,114
3648,1210,6.2312,89,355
3649,429,2.0892,58,149
3650,270,1.3518,49,113
3651,722,3.3344,52,423
3652,670,2.9638,66,656
3653,108,0.4422,54,96
3654,1742,8.6492,70,919
3655,671,3.4418,64,616
3656,1519,8.1576,78,697
3657,177,0.758,41,105
3658,479,2.3801,53,432
3659,612,2.6837,64,114
3660,491,2.5987,56,46
3661,607,2.797,53,548
3662,429,1.9728,53,93
3663,5496,28.676,90,730
3664,656,3.3847,63,512
3665,390,1.873,62,334
3666,108,0.4355,44,106
3667,1821,9.1852,75,688
3668,766,3.9105,53,478
3669,1301,6.5061,75,1063
3670,109,0.4594,54,83
3671,1134,5.736,56,750
3672,393,1.6812,51,241
3673,267,1.1293,47,112
3674,71,0.2718,37,46
3675,143,0.6064,46,59
3676,300,1.2745,45,254
3677,2287,11.6153,70,798
3678,288,1.3898,60,213
3679,787,3.9702,49,460
3680,845,4.1766,52,651
3681,711,3.1228,46,94
3682,969,4.9102,58,342
3683,56,0.2837,28,54
3684,451,1.9926,53,246
3685,272,1.1381,56,183
3686,206,1.0481,43,59
3687,853,4.5095,53,57
3688,918,4.5559,53,463
3689,266,1.1245,53,161
3690,721,3.4871,52,227
3691,820,3.8704,58,689
3692,1141,5.7232,55,87
3693,824,4.3134,63,699
3694,973,4.9422,59,581
3695,880,4.4409,49,699
3696,321,1.3859,47,99
3697,777,3.5704,49,584
3698,1417,7.0078,73,937
3699,118,0.4765,41,107
3700,328,1.3769,61,251
3701,174,0.7564,46,151
3702,122,0.4886,39,86
3703,118,0.4727,53,66
3704,245,1.0228,55,89
3705,293,1.2434,62,74
3706,65,0.2566,43,54
3707,614,2.9155,76,574
3708,218,0.9069,43,118
3709,251,1.0304,47,188
3710,147,0.5957,46,44
3711,976,4.9571,53,183
3712,537,2.3271,66,401
3713,199,0.8425,62,126
3714,2263,11.5451,62,400
3715,950,4.8873,62,257
3716,425,1.9604,63,171
3717,118,0.4788,43,111
3718,448,2.0189,60,409
3719,638,2.8293,52,118
3720,420,2.0136,46,273
3721,840,4.2498,62,70
3722,779,3.7639,53,409
3723,369,1.5641,50,356
3724,595,2.5776,50,174
3725,539,2.3951,57,231
3726,668,2.9054,59,486
3727,432,1.8764,64,294
3728,557,2.4613,48,499
3729,327,1.4108,55,281
3730,750,3.315,62,389
3731,718,3.144,51,230
3732,89,0.3514,35,34
3733,258,1.0905,52,221
3734,618,2.6466,50,190
3735,1076,5.3245,59,1025
3736,1026,5.2497,56,769
3737,634,2.8396,51,224
3738,410,1.8829,52,170
3739,275,1.151,46,121
3740,501,2.3209,65,319
3741,500,2.3823,56,287
3742,674,2.9566,72,656
3743,1448,7.3299,72,1216
3744,474,2.1944,56,201
3745,992,4.7526,68,326
3746,1150,5.6652,60,128
3747,475,2.2062,51,219
3748,252,1.0799,74,139
3749,336,1.4334,47,328
3750,899,4.5107,50,736
3751,564,2.6758,60,231
3752,277,1.177,41,53
3753,950,4.7172,69,69
3754,3990,20.6984,106,513
3755,487,2.1685,74,236
3756,2083,10.5799,57,937
3757,666,3.5007,49,43
3758,853,4.0662,68,696
3759,557,2.5546,73,179
3760,2010,10.7472,72,1272
3761,1089,5.7068,71,297
3762,538,2.3668,65,529
3763,602,2.7574,67,52
3764,47,0.2249,30,40
3765,418,1.8979,46,84
3766,1017,4.9417,71,224
3767,281,1.2076,50,228
3768,98,0.491,56,83
3769,194,0.9743,39,191
3770,1295,6.31,66,142
3771,538,2.4225,83,401
3772,850,4.3514,59,754
3773,512,2.4367,57,278
3774,603,2.8467,54,128
3775,138,0.5778,50,118
3776,717,3.2808,75,701
3777,841,4.3583,65,427
3778,197,0.8372,53,102
3779,140,0.6377,46,90
3780,543,2.4771,52,532
3781,85,0.3591,49,26
3782,68,0.2762,40,46
3783,539,2.3408,62,489
3784,1214,6.0362,65,962
3785,557,2.5843,87,212
3786,2931,16.1299,76,102
3787,65,0.2712,34,44
3788,452,2.1663,45,369
3789,2930,15.7235,76,102
3790,3190,16.7499,73,1304
3791,1818,9.6837,61,281
3792,147,0.6227,46,135
3793,1100,5.7139,61,155
3794,212,0.9248,59,139
3795,534,2.3096,57,279
3796,2241,11.7102,63,501
3797,67,0.2826,38,54
3798,991,5.6071,56,114
3799,541,2.7758,57,536
3800,297,1.4885,48,117
3801,2029,11.0953,72,1290
3802,1035,5.9294,71,297
3803,720,4.2627,73,291
3804,538,2.6864,64,515
3805,214,0.9889,54,55
3806,750,3.9326,71,543
3807,1355,11.2896,79,898
3808,751,3.7985,66,555
3809,764,4.0001,51,359
3810,326,1.464,42,147
3811,1083,5.8189,48,1032
3812,469,2.3687,53,418
3813,386,1.8429,73,239
3814,405,1.7251,52,197
3815,512,2.1916,49,63
3816,1046,5.1997,71,297
3817,136,0.6944,49,82
3818,993,4.5341,71,297
3819,585,2.8407,64,562
3820,889,4.2049,76,404
3821,1789,9.126,66,1733
3822,644,3.2687,62,642
3823,416,2.0872,61,394
3824,130,0.5951,36,72
3825,570,2.7989,75,554
3826,279,1.183,45,135
3827,978,5.0741,68,813
3828,250,1.119,49,113
3829,154,0.6596,68,82
3830,529,2.4494,57,522
3831,1064,5.3835,59,538
3832,1293,6.4018,86,211
3833,1980,9.9271,56,1089
3834,898,4.8442,71,532
3835,46,0.1885,36,34
3836,2737,13.9858,76,102
3837,3580,18.7396,63,3128
3838,914,4.68,82,894
3839,202,0.8789,53,91
3840,63,0.3052,35,24
3841,189,0.7819,39,187
3842,73,0.2844,41,69
3843,1367,7.0974,64,138
3844,447,1.98,52,141
3845,952,4.7418,71,86
3846,7906,41.2243,85,7227
3847,71,0.3146,36,58
3848,141,0.6877,48,117
3849,571,2.8016,75,555
3850,77,0.3121,42,69
3851,513,2.2898,54,380
3852,618,3.0013,61,523
3853,135,0.6147,38,114
3854,1965,10.2366,56,1089
3855,1323,7.125,65,1071
3856,1146,5.6383,58,1055
3857,3140,16.438,76,102
3858,771,3.901,69,475
3859,90,0.4202,46,70
3860,109,0.4408,44,108
3861,555,2.6224,54,528
3862,2738,14.4833,76,102
3863,604,2.9659,61,385
3864,243,0.9946,46,214
3865,869,4.2041,71,771
3866,219,0.9344,47,40
3867,1560,7.7623,66,878
3868,1845,9.7596,61,281
3869,1265,6.8446,67,387
3870,732,4.4843,73,699
3871,98,0.4038,38,62
3872,139,0.56,50,109
3873,818,4.0922,55,725
3874,405,1.9385,73,240
3875,95,0.4401,47,51
3876,230,1.0021,45,222
3877,90,0.3597,42,53
3878,264,1.1138,42,241
3879,729,3.2838,73,300
3880,923,4.652,62,754
3881,832,4.2113,69,493
3882,62,0.2913,45,59
3883,123,0.4829,54,99
3884,814,3.9294,60,226
3885,957,4.5051,56,114
3886,649,3.0891,76,273
3887,152,0.6447,52,140
3888,782,3.558,54,131
3889,363,1.5799,49,79
3890,490,2.0911,50,432
3891,2173,10.7234,67,331
3892,573,2.7479,52,262
3893,551,3.023,50,455
3894,103,0.4056,41,84
3895,1149,5.6849,58,44
3896,926,4.4831,63,312
3897,1542,7.772,76,273
3898,1345,7.1952,68,693
3899,861,4.4078,72,142
3900,966,4.7579,54,280
3901,459,1.955,54,52
3902,125,0.5029,50,56
3903,214,0.8809,76,99
3904,1836,9.1904,79,280
3905,686,3.4921,52,262
3906,564,2.461,73,503
3907,1919,9.6177,57,1192
3908,1548,8.0376,68,1538
3909,1035,5.24,72,739
3910,135,0.6371,52,88
3911,153,0.6268,45,111
3912,785,3.6815,55,414
3913,130,0.5182,48,123
3914,920,4.5802,63,393
3915,1944,9.7256,63,1631
3916,3735,19.906,68,859
3917,150,0.6449,44,69
3918,251,1.0397,49,109
3919,1570,7.8062,78,923
3920,2075,10.3981,59,1463
3921,809,3.8407,69,470
3922,1497,7.355,68,1487
3923,188,0.7808,53,104
3924,74,0.3051,35,40
3925,1622,8.0617,87,843
3926,1966,10.4588,87,1153
3927,692,3.6012,60,524
3928,1316,6.5696,69,979
3929,181,0.7957,43,154
3930,60,0.3044,31,59
3931,846,4.2781,79,802
3932,282,1.2347,52,145
3933,943,4.5943,62,554
3934,1552,7.9162,79,933
3935,569,2.642,59,217
3936,85,0.3392,37,72
3937,522,2.3011,54,98
3938,2142,11.1201,77,199
3939,1159,5.9353,63,785
3940,800,4.0432,69,470
3941,336,1.4931,49,53
3942,1169,5.8602,71,871
3943,474,2.184,54,52
3944,467,2.0321,49,357
3945,961,4.5339,54,871
3946,1121,5.5769,83,187
3947,117,0.4757,54,61
3948,318,1.3125,63,143
3949,2793,14.7704,87,1153
3950,123,0.5299,49,80
3951,1937,10.0183,57,1169
3952,1656,8.3205,87,843
3953,480,2.1818,59,192
3954,870,4.2417,58,164
3955,57,0.2154,42,44
3956,1035,5.127,59,496
3957,99,0.4455,47,60
3958,1286,6.2744,64,281
3959,1052,5.8469,54,889
3960,1418,7.2514,69,1112
3961,4744,24.7856,65,1280
3962,1276,6.605,65,959
3963,1384,6.891,72,1155
3964,974,5.1626,54,884
3965,1950,9.8916,63,1637
3966,115,0.5505,50,39
3967,107,0.4787,37,74
3968,374,1.6661,73,371
3969,854,4.1083,58,737
3970,315,1.3589,60,137
3971,2019,10.4853,70,408
3972,136,0.6326,42,78
3973,715,3.2616,68,209
3974,2461,12.6137,79,1916
3975,728,3.6322,50,54
3976,534,2.3334,72,305
3977,512,2.2422,54,262
3978,1152,5.6002,69,979
3979,2555,13.249,68,555
3980,554,2.6026,57,158
3981,509,2.2405,42,396
3982,1226,6.1205,65,974
3983,983,5.2216,78,923
3984,732,3.7247,70,533
3985,1897,9.5399,77,1598
3986,138,0.5709,53,40
3987,944,4.6547,60,639
3988,479,2.1099,54,52
3989,463,2.0257,49,357
3990,70,0.2872,38,47
3991,58,0.2363,31,51
3992,943,4.7652,83,158
3993,783,3.6663,53,447
3994,606,2.8361,62,169
3995,1410,7.0763,74,1363
3996,582,2.5947,50,486
3997,129,0.5311,50,127
3998,2520,12.9806,74,726
3999,547,2.4884,46,423
4000,710,3.1707,73,281
4001,1632,8.1475,87,843
4002,54,0.2703,33,46
4003,2799,14.8583,87,1153
4004,2516,12.661,68,555
4005,878,4.3957,64,646
4006,126,0.5554,61,49
4007,990,4.9838,76,644
4008,209,0.875,45,64
4009,521,2.1903,55,315
4010,568,2.4209,73,45
4011,597,2.7283,60,563
4012,3030,15.6205,65,1257
4013,2455,12.8249,67,1136
4014,912,4.8026,63,385
4015,800,3.9428,54,168
4016,1504,7.3937,87,881
4017,155,0.646,41,66
4018,1009,5.1214,60,724
4019,187,0.7904,50,166
4020,387,1.7587,46,136
4021,366,1.8685,52,100
4022,1675,8.5639,79,280
4023,97,0.3935,53,76
4024,2036,10.1755,64,1992
4025,865,4.8317,71,567
4026,205,0.8914,58,62
4027,2036,10.2349,64,1992
4028,1502,7.6631,76,273
4029,2020,10.7828,64,1976
4030,890,4.5249,70,365
4031,361,1.5505,73,358
4032,2037,10.3147,64,1993
4033,122,0.5151,49,65
4034,268,1.1566,51,139
4035,104,0.4234,47,97
4036,1181,5.9985,68,529
4037,450,2.1887,57,313
4038,1301,6.592,65,1050
4039,1644,8.3676,63,229
4040,781,4.203,54,131
4041,5131,27.2914,63,3624
4042,486,2.3136,54,52
4043,143,0.6063,44,113
4044,571,2.6638,62,561
4045,2307,12.7382,79,1916
4046,1261,6.5703,79,804
4047,972,4.9442,83,187
4048,309,1.2892,53,254
4049,95,0.376,50,93
4050,188,0.7706,38,129
4051,1782,8.9869,56,1398
4052,708,3.3576,55,507
4053,674,2.9597,52,262
4054,138,0.5828,44,96
4055,623,2.9121,60,589
4056,544,2.597,46,67
4057,2459,12.8058,85,728
4058,942,4.6428,64,219
4059,2762,14.2593,68,79
4060,1872,9.5978,57,1169
4061,1857,9.4526,73,1305
4062,1554,8.3242,69,1248
4063,899,4.4963,85,293
4064,154,0.6411,57,152
4065,96,0.3812,54,77
4066,3579,18.5231,63,3128
4067,280,1.2149,46,252
4068,122,0.5269,65,82
4069,1121,5.7125,69,784
4070,525,2.3528,52,315
4071,324,1.4061,56,78
4072,115,0.4794,37,101
4073,600,2.5869,58,257
4074,2396,12.0006,82,1553
4075,162,0.7087,46,141
4076,2021,10.0096,64,1977
4077,1134,5.728,72,905
4078,215,0.965,59,184
4079,736,3.3664,59,366
4080,2020,10.1136,64,1976
4081,982,5.0081,78,923
4082,165,0.8249,46,148
4083,2017,10.3195,64,1973
4084,501,2.3926,51,53
4085,2083,10.446,59,1463
4086,2797,14.3226,73,1445
4087,4733,24.6672,65,1280
4088,756,3.6258,53,251
4089,445,2.1573,60,416
4090,413,1.7534,66,277
4091,5116,26.6682,63,3602
4092,1499,7.9022,68,734
4093,4101,21.394,63,4061
4094,5135,28.8071,63,3620
4095,1915,9.8612,63,1603
0,775,4.0191,58,208
1,89,0.3564,37,84
2,2719,13.7119,67,2022
3,1867,9.6071,57,1776
4,966,5.2776,61,923
5,781,4.301,67,151
6,344,1.503,47,56
7,835,4.3217,58,88
8,2037,10.6948,74,1691
9,401,2.0316,57,258
10,2177,11.1616,245,577
11,447,2.3472,62,239
12,669,2.9917,55,572
13,280,1.1741,46,252
14,1877,9.3176,61,1696
15,524,2.3531,48,214
16,286,1.2866,49,213
17,341,1.5865,50,340
18,397,1.6822,57,245
19,636,2.7793,49,172
20,1300,6.3815,69,1249
21,3322,17.6291,63,1433
22,466,2.071,51,446
23,1156,5.6376,74,817
24,635,3.1077,60,192
25,1698,8.6896,63,283
26,1242,6.4099,63,1003
27,1482,7.6545,64,1439
28,520,2.3116,59,426
29,1191,6.1603,68,158
30,41,0.1624,22,38
31,1135,5.7568,64,284
32,1351,6.8805,71,693
33,157,0.6708,50,91
34,460,1.9862,49,83
35,487,3.0653,46,71
36,546,2.4129,52,336
37,2347,11.9928,71,1833
38,352,1.7142,54,71
39,1978,9.9243,59,357
40,164,0.6764,39,136
41,653,3.3727,57,234
42,951,4.6214,58,394
43,884,4.2939,63,865
44,218,0.9015,46,113
45,1243,5.7527,79,277
46,1577,7.8943,70,1108
47,1229,6.0564,60,485
48,148,0.6917,41,84
49,607,2.6621,48,250
50,2195,10.9361,63,397
51,379,1.671,46,215
52,175,0.8235,50,138
53,996,5.2476,69,452
54,1449,7.4401,69,91
55,747,3.5783,59,231
56,360,1.5377,49,126
57,544,2.5329,55,43
58,626,3.0018,55,82
59,1671,8.8226,66,1163
60,1008,5.3077,59,78
61,1631,8.4902,74,926
62,1337,7.0413,60,1075
63,1723,8.9618,56,1612
64,216,1.0161,58,130
65,500,2.3666,57,320
66,911,4.6759,68,904
67,356,1.7243,44,174
68,145,0.5783,50,126
69,77,0.3145,41,69
70,41,0.1555,40,40
71,41,0.1547,35,39
72,610,3.145,61,295
73,541,2.5644,52,517
74,913,4.6915,55,235
75,2600,13.3122,75,1476
76,267,1.2612,60,189
77,253,1.1344,52,213
78,1470,7.5541,69,286
79,651,3.2174,44,402
80,526,2.4709,57,301
81,694,3.6319,67,409
82,12,0.0635,17,11
83,33,0.1212,33,30
84,529,2.6488,53,384
85,659,3.1904,64,314
86,2024,9.8548,62,92
87,88,0.3438,37,85
88,4219,21.8927,69,3564
89,460,2.2213,52,119
90,144,0.6244,42,110
91,617,2.8137,75,326
92,145,0.5818,49,62
93,1896,9.4846,57,1169
94,643,3.1933,52,113
95,256,1.1329,61,218
96,1584,7.991,74,494
97,638,3.1707,77,296
98,1654,8.6481,80,133
99,723,3.8787,69,353
100,1070,5.9136,54,489
101,159,0.8053,44,54
102,1032,5.1619,61,668
103,391,1.7892,79,386
104,887,4.4731,58,426
105,155,0.6378,47,70
106,1694,9.2156,65,812
107,835,4.3414,61,305
108,556,2.6616,53,130
109,130,0.5155,55,75
110,1040,5.2157,56,641
111,352,1.7116,53,73
112,823,3.7368,69,493
113,179,0.7354,49,88
114,1577,7.7632,97,376
115,62,0.2848,39,60
116,30,0.1204,22,29
117,29,0.1173,30,22
118,12,0.0531,14,11
119,12,0.0501,14,11
120,620,2.9333,68,127
121,164,0.6616,63,141
122,132,0.5643,59,119
123,186,0.7677,55,121
124,186,0.869,55,121
125,152,0.6384,40,141
126,152,0.6072,40,141
127,254,1.07,53,67
128,254,1.0513,53,67
129,254,1.0613,53,67
130,266,1.1328,53,189
131,266,1.1488,53,189
132,64,0.2611,30,62
133,64,0.2505,30,62
134,105,0.4239,41,51
135,105,0.412,41,51
136,106,0.4244,50,71
137,106,0.4171,50,71
138,137,0.5596,47,64
139,137,0.5522,47,64
140,258,1.2508,52,133
141,258,1.0786,52,133
142,378,1.6993,62,127
143,368,1.5384,53,263
144,1877,9.2878,69,497
145,557,2.5482,45,312
146,288,1.2328,56,104
147,1602,8.1566,76,290
148,948,4.9052,54,646
149,549,2.4441,65,212
150,741,3.3936,56,664
151,110,0.4414,43,87
152,12346,65.3815,69,9422
153,178,0.7892,44,129
154,741,3.461,57,91
155,2552,13.427,61,657
156,3124,16.3083,60,3090
157,1913,10.2061,70,921
158,2861,14.5623,85,172
159,474,2.0956,59,324
160,1716,8.5243,59,536
161,2180,11.481,65,1982
162,353,1.54,61,106
163,2463,12.7316,68,1575
164,458,2.0775,60,427
165,249,1.0589,39,81
166,406,1.7712,53,267
167,366,1.5617,57,85
168,298,1.3106,43,130
169,370,1.7273,62,132
170,575,2.5424,51,509
171,324,1.3746,48,66
172,828,3.9788,62,116
173,542,2.6138,57,390
174,327,1.5097,44,165
175,154,0.6273,45,145
176,477,2.2361,60,61
177,574,2.7715,44,571
178,3098,16.1043,65,470
179,643,3.4309,62,570
180,298,1.3115,59,296
181,893,4.349,58,888
182,454,1.9872,55,82
183,52,0.2065,34,48
184,417,1.788,54,317
185,925,4.5749,58,247
186,64,0.2592,31,62
187,1202,5.964,67,95
188,399,1.7632,65,349
189,417,1.8989,55,357
190,579,2.5852,61,345
191,205,0.8501,56,86
192,1048,5.2195,64,459
193,214,0.9143,40,125
194,209,0.8719,46,63
195,399,1.6977,48,90
196,858,3.9586,73,423
197,885,4.304,64,397
198,332,1.4502,52,179
199,510,2.2641,62,277
200,256,1.085,43,41
201,271,1.1426,51,250
202,494,2.1503,54,158
203,719,3.1551,54,238
204,406,1.9026,53,354
205,2060,10.9503,70,1282
206,319,1.3681,45,93
207,509,2.2676,55,507
208,276,1.198,52,82
209,258,1.1029,44,52
210,1116,5.8251,58,135
211,502,2.5482,54,457
212,152,0.6156,45,143
213,590,2.5989,70,341
214,477,2.0775,48,476
215,962,4.6756,65,793
216,463,1.9337,53,161
217,724,3.1836,58,53
218,508,2.3895,57,454
219,497,2.1224,43,33
220,1193,5.7116,63,638
221,398,1.7529,50,265
222,488,2.2457,66,146
223,290,1.2383,57,54
224,1103,5.4923,51,80
225,93,0.3672,43,51
226,245,1.1369,50,194
227,613,2.8088,54,539
228,504,2.1688,51,95
229,440,1.9021,53,67
230,395,1.6873,42,103
231,235,0.9768,49,55
232,121,0.4798,44,70
233,82,0.3312,46,79
234,26,0.1077,23,20
235,116,0.5049,47,112
236,253,1.1382,63,83
237,48,0.1877,36,44
238,488,2.1377,67,248
239,410,1.7841,62,325
240,219,1.0569,47,46
241,477,2.0173,43,152
242,461,2.0942,50,112
243,2732,14.2166,72,342
244,738,3.5334,59,587
245,536,2.3508,46,359
246,1303,6.2827,69,1237
247,366,1.5687,52,278
248,427,1.8405,49,354
249,439,2.0892,49,298
250,473,2.0099,48,75
251,947,4.9404,74,206
252,513,2.2996,58,343
253,177,0.738,44,90
254,414,1.9147,57,251
255,1028,4.9646,71,912
256,532,2.4979,59,175
257,367,1.5663,50,363
258,534,2.5441,60,153
259,915,4.3896,54,83
260,154,0.6475,47,51
261,441,1.8743,60,399
262,193,0.7984,51,84
263,785,3.656,62,64
264,461,2.0424,45,370
265,322,1.3618,56,163
266,208,0.877,40,201
267,213,0.9773,48,73
268,444,1.8557,55,432
269,261,1.228,54,87
270,317,1.509,52,245
271,983,4.6358,61,52
272,238,0.9806,51,192
273,867,4.3071,67,69
274,510,2.5104,53,137
275,84,0.3221,47,50
276,308,1.3213,50,103
277,371,1.5133,54,241
278,543,2.632,49,225
279,1572,8.0893,67,216
280,46,0.2129,38,36
281,589,2.7728,70,447
282,425,1.8232,56,258
283,257,1.0671,56,90
284,362,1.6447,43,161
285,341,1.4399,47,328
286,88,0.3477,52,87
287,436,1.8507,47,400
288,582,2.5218,71,123
289,602,2.7113,63,305
290,339,1.4475,49,317
291,393,1.9729,67,85
292,1098,5.3841,68,388
293,485,2.1958,60,140
294,969,4.6856,54,283
295,876,4.2966,49,708
296,103,0.4088,55,54
297,223,0.9401,42,106
298,1810,8.8957,75,459
299,90,0.365,39,77
300,220,0.9241,47,19
301,187,0.7648,53,79
302,420,1.8049,46,221
303,636,2.8911,44,275
304,770,3.8409,51,303
305,515,2.4743,52,94
306,1983,9.6758,70,1682
307,100,0.4559,43,41
308,157,0.6427,55,55
309,219,0.9066,56,156
310,139,0.5747,50,105
311,71,0.352,38,64
312,2225,11.1351,59,2092
313,97,0.3755,48,95
314,307,1.2758,47,236
315,566,2.6273,60,359
316,257,1.0812,46,33
317,512,2.4593,48,237
318,229,0.9816,44,113
319,263,1.2286,43,207
320,1621,8.3278,80,1124
321,553,2.5926,57,95
322,225,0.9746,46,69
323,1354,6.4616,58,100
324,257,1.1541,42,88
325,124,0.5166,48,56
326,137,0.5482,45,64
327,175,0.712,52,86
328,187,0.8802,37,184
329,209,0.8715,50,64
330,214,0.8868,41,33
331,377,1.5571,39,144
332,377,1.7179,45,376
333,643,3.2665,49,641
334,718,3.4838,54,703
335,379,1.6462,63,240
336,411,1.9316,57,202
337,553,2.4171,66,411
338,131,0.5282,47,55
339,308,1.3658,58,121
340,75,0.3136,41,74
341,76,0.3099,47,75
342,440,2.198,50,203
343,443,1.9312,54,46
344,342,1.4909,43,341
345,1888,9.37,59,167
346,658,2.9247,74,380
347,41,0.1578,46,40
348,135,0.5304,51,87
349,193,0.8119,48,57
350,1427,7.1037,61,1355
351,106,0.4249,36,53
352,522,2.2764,59,454
353,257,1.134,52,61
354,384,1.7748,57,230
355,511,2.2467,68,138
356,436,1.907,51,241
357,759,3.6587,73,697
358,680,3.3561,61,301
359,207,0.8526,61,137
360,463,2.1759,56,267
361,114,0.5766,42,46
362,577,2.6476,61,94
363,263,1.1263,48,118
364,56,0.2184,63,53
365,1963,10.0216,58,1599
366,698,3.4675,59,532
367,446,2.2326,66,296
368,2225,11.4028,57,2018
369,374,1.7978,54,221
370,614,2.7067,61,231
371,377,1.6059,51,90
372,451,1.9748,55,357
373,450,2.1221,55,357
374,451,1.9313,55,357
375,463,2.0389,64,368
376,421,1.7368,43,389
377,156,0.6424,42,76
378,340,1.5258,51,196
379,650,2.901,67,173
380,285,1.1953,50,103
381,307,1.3386,69,52
382,173,0.7065,51,79
383,116,0.481,51,48
384,174,0.7128,59,101
385,127,0.5062,42,115
386,113,0.4462,50,72
387,113,0.5016,51,50
388,578,2.5324,70,220
389,568,2.4508,75,225
390,575,2.4865,80,219
391,2704,13.9063,81,2198
392,503,2.2747,63,501
393,333,1.5751,53,256
394,333,1.6324,53,256
395,587,2.7272,82,140
396,1225,6.1124,70,768
397,434,1.9464,58,146
398,357,1.5887,48,165
399,531,2.4396,52,503
400,722,3.2775,51,598
401,164,0.6623,56,137
402,589,2.5693,66,161
403,362,1.6109,49,75
404,366,1.5332,69,286
405,391,1.8714,57,111
406,382,1.6797,52,216
407,1162,5.5578,57,561
408,1780,8.989,68,852
409,495,2.4159,59,460
410,846,4.5439,55,516
411,545,2.3694,52,63
412,57,0.2294,42,28
413,337,1.4776,45,109
414,236,0.9951,41,234
415,379,1.6947,51,52
416,1177,5.8102,52,1106
417,656,2.9578,59,466
418,113,0.5939,47,88
419,787,3.6963,78,301
420,185,0.795,40,54
421,190,0.9017,48,115
422,464,2.0163,46,141
423,247,1.0335,43,230
424,455,2.0444,46,452
425,154,0.6515,41,50
426,623,2.7652,59,613
427,1098,6.0651,54,935
428,942,5.1293,64,219
429,142,0.5701,48,84
430,142,0.5807,44,72
431,662,3.3538,57,294
432,418,1.9365,73,306
433,495,2.0871,73,272
434,428,1.8566,50,192
435,450,1.9623,62,295
436,428,1.997,74,171
437,494,2.3335,58,195
438,354,1.4867,60,254
439,253,1.0567,58,122
440,402,1.6787,59,330
441,2145,10.9369,82,2136
442,568,2.8352,65,453
443,285,1.442,59,130
444,469,2.0068,75,382
445,258,1.0744,56,190
446,487,2.2689,58,147
447,576,2.495,57,219
448,542,2.3523,57,254
449,91,0.4519,36,49
450,764,3.4246,35,72
451,88,0.4295,40,48
452,419,1.9582,76,298
453,2147,10.9552,69,922
454,834,4.1641,66,683
455,202,0.8215,51,81
456,346,1.4588,61,131
457,688,3.0027,54,269
458,636,2.9216,80,368
459,2176,10.9318,79,769
460,351,1.7931,53,77
461,265,1.1377,45,41
462,91,0.3632,45,54
463,1336,6.5613,60,183
464,489,2.0579,46,180
465,854,4.0794,65,523
466,348,1.4822,51,213
467,491,2.1298,57,144
468,653,2.9769,53,448
469,1502,7.5069,65,1424
470,430,1.9774,62,380
471,141,0.611,43,94
472,377,1.6223,45,376
473,377,1.7401,39,144
474,1789,8.8745,63,930
475,634,2.8917,54,172
476,652,3.0066,47,644
477,740,3.742,66,346
478,711,3.6942,67,163
479,142,0.5915,46,50
480,283,1.1934,58,153
481,429,2.0753,48,235
482,884,4.3795,71,494
483,847,4.7626,64,577
484,198,0.8184,84,117
485,315,1.341,56,202
486,1092,5.3656,64,914
487,44,0.1766,34,21
488,817,4.1148,50,759
489,790,3.905,50,732
490,773,3.6357,51,595
491,1316,6.6406,55,465
492,1397,7.2902,55,352
493,1071,5.8305,68,1039
494,964,4.865,80,880
495,354,1.7664,52,265
496,183,0.94,52,87
497,676,3.0204,49,71
498,558,2.5789,47,53
499,525,2.224,49,203
500,280,1.2035,52,279
501,303,1.3171,58,213
502,1334,7.2685,65,82
503,115,0.4574,45,59
504,648,3.2124,63,466
505,1413,6.9722,74,445
506,845,4.1124,50,843
507,153,0.6176,43,106
508,179,0.7363,41,163
509,187,0.7692,53,180
510,180,0.7375,44,135
511,1096,5.657,74,545
512,169,0.7562,45,53
513,605,2.7596,67,124
514,2555,13.5396,65,2063
515,2416,13.011,56,650
516,464,2.2451,78,97
517,543,2.4405,57,178
518,1266,6.1043,59,388
519,393,1.7257,56,131
520,1042,5.1897,50,166
521,701,3.2921,58,312
522,740,3.6377,52,390
523,364,1.7212,54,219
524,2039,9.929,71,1818
525,338,1.5142,60,170
526,1047,5.2735,69,253
527,600,2.95,72,302
528,185,0.7764,44,181
529,185,0.9364,48,108
530,888,4.1948,72,400
531,511,2.384,68,59
532,921,4.3556,62,482
533,492,2.2018,52,327
534,64,0.252,43,48
535,501,2.1451,54,71
536,1640,8.6855,58,760
537,509,2.4122,61,435
538,1000,4.8135,65,528
539,1448,7.3102,68,1110
540,157,0.7277,44,91
541,334,1.4395,49,312
542,374,1.5813,63,128
543,365,1.6063,46,154
544,238,1.1269,47,98
545,870,4.1403,62,243
546,353,1.7252,38,350
547,428,1.842,69,91
548,731,3.2278,73,302
549,544,2.409,62,138
550,747,3.2713,62,613
551,355,1.7108,46,336
552,806,3.606,93,557
553,53,0.2275,40,52
554,557,2.4055,62,77
555,783,3.6595,50,777
556,1463,7.1861,58,122
557,2030,10.3659,53,1373
558,377,1.6421,49,114
559,216,1.0225,52,209
560,355,1.5291,44,90
561,584,2.5543,68,193
562,484,2.1987,58,169
563,449,1.8848,65,335
564,273,1.1578,47,93
565,976,4.8181,52,92
566,453,2.1887,52,244
567,507,2.194,49,381
568,577,2.4883,52,370
569,1200,5.8511,62,1017
570,1356,6.7415,62,1173
571,132,0.5276,44,90
572,183,0.7625,50,101
573,644,2.8829,62,642
574,703,3.3616,53,43
575,261,1.1139,38,245
576,986,4.8778,67,817
577,572,2.7436,55,435
578,499,2.1478,56,381
579,265,1.1418,46,83
580,925,4.4521,46,77
581,129,0.6102,35,72
582,453,1.959,52,374
583,667,2.9513,53,486
584,1326,6.5689,60,192
585,545,2.4369,49,135
586,1405,7.078,56,705
587,1209,6.2144,67,893
588,951,4.6371,67,893
589,1591,7.927,69,1321
590,626,2.9863,52,139
591,290,1.2013,61,96
592,515,2.3786,60,459
593,223,1.1001,62,80
594,580,2.5125,55,158
595,924,4.3424,60,668
596,511,2.1979,62,107
597,505,2.4606,61,477
598,498,2.1223,60,148
599,153,0.6452,63,71
600,3414,18.0707,80,1816
601,200,0.8529,45,138
602,1287,6.3534,64,478
603,582,2.6908,57,303
604,844,3.9095,64,821
605,313,1.4517,54,215
606,118,0.5757,47,62
607,447,1.9835,46,132
608,573,2.9093,56,468
609,175,0.7457,32,130
610,97,0.4051,42,46
611,379,1.5942,57,333
612,265,1.1008,64,95
613,402,1.7411,49,124
614,720,3.307,60,66
615,1276,6.2883,58,1110
616,355,1.6516,62,99
617,398,1.8016,61,394
618,1398,6.8698,61,919
619,318,1.3167,52,83
620,437,1.9712,53,203
621,648,2.9586,51,265
622,328,1.5431,83,242
623,1130,5.7424,51,523
624,830,4.3284,71,440
625,509,2.1543,53,93
626,1251,6.0889,67,551
627,354,1.62,68,161
628,511,2.1939,45,37
629,314,1.3248,58,115
630,425,1.8338,60,155
631,1303,6.5025,73,434
632,136,0.7041,44,61
633,141,0.5747,49,126
634,356,1.6503,55,172
635,380,1.5688,47,206
636,356,1.6155,49,337
637,386,1.6886,56,226
638,511,2.4971,55,268
639,210,0.9815,39,57
640,531,2.4736,58,225
641,400,1.6835,47,124
642,370,1.5789,59,112
643,701,3.555,62,59
644,1384,6.8068,72,1155
645,480,2.096,53,252
646,3727,19.1401,73,70
647,565,2.5811,74,117
648,635,2.7986,57,465
649,315,1.371,75,52
650,1595,7.993,98,1017
651,800,3.8492,58,537
652,475,2.2686,75,51
653,756,3.4336,69,386
654,58,0.2934,39,46
655,143,0.5773,48,87
656,298,1.2498,51,80
657,356,1.5325,70,102
658,955,4.9367,78,338
659,602,2.7655,61,466
660,1326,6.6003,79,1187
661,325,1.4694,51,52
662,322,1.5337,46,208
663,195,0.8142,47,177
664,91,0.4575,47,90
665,1021,5.032,53,164
666,417,1.8246,67,307
667,443,2.1263,59,440
668,250,1.0483,58,78
669,660,3.1177,73,72
670,724,3.3247,68,291
671,383,1.615,56,89
672,543,2.5647,76,163
673,463,2.0266,60,318
674,692,3.1236,61,355
675,511,2.6796,59,351
676,897,4.6164,57,83
677,333,1.4698,79,103
678,991,4.6232,53,533
679,139,0.5711,38,108
680,112,0.4422,46,104
681,200,1.0556,50,147
682,550,2.5934,74,272
683,460,2.1026,48,459
684,1186,5.5148,60,1086
685,476,2.3566,53,152
686,160,0.6666,53,117
687,84,0.3585,45,76
688,84,0.3362,49,54
689,298,1.267,45,220
690,315,1.3261,47,306
691,354,1.639,45,207
692,697,3.2679,75,346
693,806,3.9382,64,515
694,847,4.4323,63,98
695,310,1.331,48,296
696,371,1.5687,64,175
697,426,1.9109,60,418
698,127,0.5196,40,109
699,569,2.5143,78,76
700,393,1.6907,58,91
701,108,0.4567,56,70
702,1505,7.6392,61,750
703,277,1.1378,41,53
704,397,1.7471,48,339
705,107,0.4303,55,58
706,1294,6.2946,64,1219
707,228,0.9594,52,192
708,268,1.1638,42,189
709,697,3.2634,61,305
710,607,2.6782,77,418
711,152,0.6216,52,140
712,458,1.9582,52,41
713,607,2.7003,58,410
714,1027,5.3303,67,216
715,181,0.9046,53,111
716,495,2.3413,45,491
717,520,3.2155,49,475
718,1138,5.9433,50,1132
719,548,2.8836,56,547
720,1369,6.7831,76,1142
721,221,0.934,43,58
722,1639,8.2347,60,355
723,1319,6.699,71,585
724,350,1.4867,50,325
725,1068,5.2601,62,543
726,402,1.7626,62,303
727,1534,7.7869,85,269
728,2516,13.2608,65,967
729,127,0.5215,35,89
730,148,0.5897,45,103
731,465,2.0548,55,75
732,471,2.0099,54,307
733,766,3.7813,59,616
734,1003,5.0022,70,271
735,1270,6.239,75,938
736,391,1.7002,66,127
737,1489,7.3073,64,1202
738,173,0.7263,78,54
739,339,1.6096,64,73
740,341,1.4354,44,122
741,1597,7.9281,61,35
742,377,1.8866,88,329
743,688,3.4508,57,110
744,456,2.3786,48,353
745,1595,8.3768,68,827
746,878,4.4731,59,805
747,363,1.8651,55,337
748,123,0.4924,53,98
749,189,0.7744,48,73
750,160,0.7209,57,69
751,680,3.068,64,354
752,595,2.7325,70,581
753,1055,5.5074,74,598
754,3006,15.6996,69,713
755,835,4.009,66,499
756,618,2.922,60,85
757,353,1.5044,53,184
758,1005,4.8977,62,377
759,297,1.3231,49,237
760,1715,8.6751,63,1242
761,533,2.6927,72,443
762,316,1.3924,45,256
763,249,1.0757,41,92
764,249,1.2047,48,242
765,846,3.8113,77,767
766,407,1.7373,65,271
767,755,3.4972,60,328
768,591,2.6672,69,583
769,248,1.0592,39,194
770,142,0.5796,48,78
771,1704,8.7972,79,280
772,470,2.3388,53,152
773,467,2.0124,73,232
774,1679,8.7122,50,538
775,443,2.014,64,413
776,517,2.2768,63,376
777,491,2.0686,61,159
778,519,2.2514,60,128
779,476,2.0009,75,204
780,347,1.4812,48,273
781,642,2.9545,53,150
782,657,3.0299,53,54
783,687,3.2905,52,503
784,2839,14.8015,62,2598
785,441,2.0001,59,183
786,973,4.9647,72,72
787,1102,5.6351,57,656
788,1680,9.1592,63,912
789,505,2.5138,65,445
790,520,2.3977,71,63
791,971,4.6935,61,169
792,268,1.1236,48,39
793,783,3.5197,67,478
794,602,2.7068,65,151
795,499,2.1247,59,411
796,488,2.2059,63,206
797,491,2.2843,49,372
798,935,4.5509,57,386
799,509,2.4353,93,415
800,373,1.5562,53,119
801,272,1.1784,48,117
802,323,1.3493,57,77
803,452,1.9152,67,139
804,253,1.1721,41,187
805,369,1.7106,47,47
806,419,1.7935,56,312
807,406,1.7729,51,49
808,214,1.0511,49,71
809,701,3.3839,50,380
810,715,3.6967,64,245
811,2249,11.7136,73,1796
812,373,1.9242,59,326
813,1028,5.7267,83,500
814,513,2.2253,46,511
815,507,2.156,54,473
816,1027,5.1786,71,825
817,5148,26.7918,62,189
818,879,4.491,67,220
819,874,4.1903,68,825
820,1062,5.2711,62,92
821,254,1.1068,58,67
822,257,1.1959,50,188
823,228,0.9531,47,165
824,152,0.6248,58,129
825,918,4.9485,49,663
826,553,2.4908,48,303
827,880,4.2323,52,846
828,641,2.8069,64,150
829,1355,6.7646,61,1193
830,2132,11.0302,56,1503
831,183,0.7825,57,68
832,987,4.913,58,194
833,1602,8.3374,72,1056
834,1302,6.8067,62,1128
835,995,5.5544,50,890
836,1991,9.9702,57,1961
837,592,2.6914,44,369
838,270,1.1594,53,92
839,93,0.3777,45,36
840,65,0.2736,52,39
841,204,0.9469,52,97
842,500,2.1233,53,64
843,265,1.1147,49,115
844,130,0.5335,48,123
845,213,0.8755,56,209
846,141,0.5665,54,88
847,141,0.5924,41,86
848,143,0.5973,45,93
849,173,0.7077,41,110
850,188,0.7866,51,180
851,4640,24.39,55,2748
852,71,0.2877,36,66
853,271,1.3009,56,96
854,157,0.6482,42,153
855,602,2.7961,55,368
856,309,1.3521,54,81
857,449,1.959,56,365
858,548,2.4102,71,388
859,610,2.8291,54,419
860,1590,8.0381,64,150
861,1366,7.4287,73,142
862,113,0.454,56,70
863,147,0.6422,62,133
864,58,0.2388,36,31
865,235,1.1919,44,126
866,236,1.1519,49,92
867,409,1.8689,56,152
868,377,1.7615,54,303
869,662,2.8677,48,201
870,175,0.7242,42,98
871,377,2.1021,55,308
872,540,2.3882,64,115
873,670,2.9017,63,431
874,785,4.0596,68,355
875,549,2.6269,65,425
876,354,1.5429,53,216
877,541,2.5109,68,442
878,193,0.8497,53,68
879,192,0.8021,43,68
880,304,1.3677,72,270
881,731,3.1862,61,463
882,391,1.6465,59,168
883,540,2.4928,73,105
884,1107,5.3733,66,281
885,395,1.7751,49,234
886,394,1.7813,46,82
887,385,1.6129,56,82
888,181,0.7581,46,124
889,176,0.7382,46,131
890,262,1.1494,47,181
891,250,1.0713,52,46
892,311,1.3137,53,149
893,551,2.7996,62,388
894,717,3.1588,73,46
895,150,0.6209,56,51
896,178,0.8783,46,89
897,153,0.6247,53,133
898,219,0.89,44,64
899,342,1.44,53,340
900,313,1.345,51,129
901,482,2.1008,47,158
902,512,2.2632,54,262
903,385,1.8484,56,68
904,278,1.2516,46,276
905,71,0.3637,44,49
906,456,2.0413,65,249
907,761,3.605,53,41
908,362,1.5601,49,327
909,458,2.1453,53,150
910,263,1.2333,53,204
911,263,1.3035,57,235
912,281,1.2134,49,77
913,87,0.3993,33,29
914,814,3.793,60,226
915,892,4.5034,63,211
916,550,2.7098,63,211
917,1380,6.819,79,1256
918,296,1.4596,68,162
919,191,0.7851,66,184
920,598,2.5545,68,270
921,175,0.7346,42,174
922,1407,7.2786,52,1014
923,1260,6.263,57,319
924,918,4.5228,49,172
925,217,0.9656,67,145
926,965,4.7075,58,525
927,863,4.4838,75,100
928,149,0.62,36,101
929,667,3.0579,51,67
930,225,1.0595,50,104
931,400,1.8773,57,99
932,377,1.5909,56,311
933,399,1.7035,54,362
934,377,1.7455,46,138
935,636,2.8353,57,168
936,579,2.4616,67,505
937,185,0.7724,48,58
938,272,1.1333,46,74
939,380,1.6919,51,330
940,746,3.6168,50,429
941,509,2.2563,59,196
942,1067,5.2453,62,1041
943,785,3.7874,57,448
944,922,4.5757,60,893
945,108,0.4437,40,80
946,155,0.7254,41,66
947,156,0.6497,42,105
948,156,0.6553,48,105
949,437,2.0205,84,283
950,193,0.9626,58,138
951,131,0.5359,49,101
952,141,0.7013,41,106
953,109,0.4302,42,70
954,1164,5.6212,68,1156
955,171,0.7189,52,120
956,623,2.7371,60,589
957,328,1.4069,57,213
958,331,1.4348,56,155
959,193,0.9197,53,68
960,202,0.9332,49,197
961,118,0.4736,53,49
962,813,3.8346,56,544
963,394,1.8926,56,78
964,194,0.9859,54,119
965,325,1.3681,47,116
966,260,1.0955,56,67
967,440,1.8853,54,158
968,615,2.7358,55,432
969,277,1.1684,49,207
970,214,0.9476,50,97
971,545,2.6034,48,318
972,327,1.3898,58,113
973,1092,5.5884,61,1031
974,295,1.2763,50,235
975,357,1.5249,46,182
976,169,0.6809,44,60
977,396,1.8051,66,394
978,453,1.9421,52,444
979,422,1.766,65,271
980,386,1.8177,70,368
981,313,1.4132,50,178
982,1125,5.5754,60,655
983,1399,7.3567,66,315
984,148,0.6162,50,121
985,360,1.5385,49,77
986,149,0.7639,56,106
987,597,2.6347,57,491
988,400,1.7156,64,124
989,519,2.205,62,443
990,116,0.4579,44,114
991,909,4.7005,85,704
992,888,4.5186,54,367
993,833,4.1304,80,391
994,705,3.5534,63,490
995,607,2.9381,53,431
996,145,0.7114,49,102
997,705,3.1673,64,79
998,1074,5.2935,72,122
999,197,0.8855,75,92
1000,197,1.0356,49,102
1001,161,0.6453,61,155
1002,493,2.3215,53,273
1003,336,1.4079,62,304
1004,774,3.4062,66,756
1005,1040,5.1225,79,90
1006,513,2.3423,53,181
1007,191,0.8677,44,179
1008,300,1.3329,45,206
1009,719,3.2692,71,456
1010,2130,10.8004,67,288
1011,624,3.1931,69,619
1012,437,1.9201,49,324
1013,1352,7.0735,84,526
1014,2886,14.7281,63,146
1015,623,3.0766,56,250
1016,559,2.4357,43,154
1017,789,3.8089,57,566
1018,541,2.524,63,315
1019,1265,6.7532,70,1066
1020,523,2.675,48,151
1021,654,3.4061,62,402
1022,577,2.7271,56,405
1023,233,0.9774,56,82
1024,200,0.8324,52,94
1025,154,0.7044,51,152
1026,367,1.6356,52,142
1027,107,0.4378,42,61
1028,253,1.0634,51,161
1029,332,1.4094,42,58
1030,508,2.2799,53,121
1031,377,1.5937,45,376
1032,668,2.887,48,128
1033,93,0.371,41,80
1034,270,1.1641,51,264
1035,211,1.0134,57,145
1036,149,0.6152,43,62
1037,151,0.6339,44,54
1038,155,0.6876,44,154
1039,176,0.8728,39,61
1040,144,0.588,34,104
1041,694,3.0809,61,606
1042,610,2.6608,58,194
1043,753,3.3571,51,466
1044,519,2.4319,66,92
1045,167,0.8199,45,52
1046,250,1.1469,62,150
1047,148,0.8207,37,102
1048,1093,5.3194,54,71
1049,420,2.0229,53,384
1050,584,2.5954,58,432
1051,255,1.045,52,128
1052,1035,5.2061,59,692
1053,416,1.8393,65,312
1054,338,1.5818,44,223
1055,563,2.4452,55,506
1056,358,1.5321,51,266
1057,257,1.1433,39,220
1058,497,2.1921,46,52
1059,227,1.1064,42,67
1060,147,0.7328,39,142
1061,1321,6.398,60,914
1062,401,1.8955,52,98
1063,710,3.2404,67,93
1064,397,1.7296,67,282
1065,1127,5.5403,57,82
1066,2779,14.6148,68,79
1067,121,0.4781,47,91
1068,269,1.1215,46,85
1069,167,0.7093,49,81
1070,196,0.7929,51,195
1071,698,3.0916,71,544
1072,448,1.9742,54,261
1073,385,1.6959,48,298
1074,246,1.0445,48,85
1075,121,0.4787,43,105
1076,410,1.7889,65,108
1077,576,2.7875,48,328
1078,409,1.7668,50,162
1079,395,1.7582,59,55
1080,384,1.673,67,52
1081,390,1.9239,53,370
1082,379,1.6807,62,54
1083,392,1.6855,48,167
1084,373,1.7208,54,141
1085,382,1.7383,46,191
1086,382,1.6778,56,128
1087,372,1.7294,45,311
1088,370,1.8103,43,248
1089,415,1.8545,47,184
1090,396,1.7134,48,145
1091,391,1.8361,45,124
1092,183,0.7686,50,124
1093,101,0.4016,36,96
1094,154,0.6702,58,50
1095,80,0.321,50,63
1096,447,2.1465,45,98
1097,150,0.6182,55,99
1098,140,0.6216,48,113
1099,55,0.22,35,53
1100,495,2.1095,59,460
1101,161,0.7385,50,97
1102,378,1.6305,49,77
1103,398,1.7405,50,100
1104,398,1.8063,59,95
1105,403,1.7965,54,206
1106,380,1.9192,54,216
1107,399,2.1347,57,211
1108,379,1.6257,57,247
1109,380,1.8483,49,249
1110,385,1.8446,51,192
1111,377,1.8374,50,199
1112,404,1.9026,67,64
1113,382,1.879,46,220
1114,386,1.9241,56,190
1115,413,1.7915,48,206
1116,398,1.719,49,165
1117,262,1.1149,46,178
1118,188,0.9518,43,186
1119,1014,5.1103,62,947
1120,93,0.3967,36,74
1121,72,0.2855,65,56
1122,43,0.1962,27,42
1123,46,0.1822,43,43
1124,504,2.4801,62,492
1125,522,2.402,66,467
1126,539,2.4802,54,483
1127,208,1.1223,61,109
1128,156,0.6474,41,48
1129,165,0.6673,37,154
1130,643,2.829,49,641
1131,418,1.8183,46,214
1132,407,1.9348,51,368
1133,411,1.8338,51,400
1134,394,1.6978,46,224
1135,386,1.656,61,194
1136,426,2.1224,53,289
1137,571,2.5429,50,468
1138,792,3.9253,56,533
1139,347,1.4976,45,90
1140,672,3.0802,64,67
1141,357,1.5293,45,279
1142,502,2.4993,63,409
1143,829,3.9335,70,613
1144,567,2.5318,48,282
1145,394,1.6987,56,300
1146,533,2.5715,46,511
1147,489,2.1806,49,359
1148,375,1.7477,58,49
1149,457,2.006,56,195
1150,407,1.7607,52,138
1151,420,1.8798,65,320
1152,452,2.0372,57,394
1153,470,2.017,56,39
1154,572,2.6739,66,342
1155,449,1.9104,61,123
1156,524,2.2506,50,148
1157,605,2.772,53,489
1158,47,0.1908,26,41
1159,390,1.6478,60,147
1160,377,1.7844,45,376
1161,141,0.6127,54,86
1162,109,0.4342,34,58
1163,104,0.5138,58,36
1164,125,0.5113,40,25
1165,387,1.6875,55,368
1166,388,1.7947,56,51
1167,54,0.271,34,52
1168,273,1.1497,51,168
1169,2062,10.6638,70,621
1170,2073,10.6396,75,472
1171,414,2.068,54,335
1172,487,2.2532,62,407
1173,253,1.095,40,246
1174,1852,9.242,58,1778
1175,383,1.7394,43,204
1176,1375,7.4154,62,772
1177,162,0.8347,52,81
1178,744,3.7249,56,30
1179,1037,5.2905,73,743
1180,977,4.9816,62,494
1181,1643,8.4649,50,733
1182,340,1.4585,45,339
1183,941,4.7074,60,712
1184,1014,5.2617,60,960
1185,740,3.8784,56,53
1186,408,1.8785,52,375
1187,348,1.5209,48,82
1188,597,2.5841,57,305
1189,752,3.5171,70,745
1190,218,0.8953,51,157
1191,263,1.1131,40,93
1192,322,1.4346,52,132
1193,281,1.2259,58,83
1194,373,1.7986,49,291
1195,2225,11.7191,73,2002
1196,668,3.2693,63,121
1197,2617,13.6924,64,1593
1198,1985,10.4038,72,1887
1199,531,2.53,51,418
1200,3713,19.8069,65,567
1201,1303,6.7974,64,787
1202,218,0.9325,47,135
1203,298,1.3171,75,88
1204,1303,7.0282,53,1098
1205,445,2.0299,53,211
1206,2292,11.7977,58,2144
1207,225,0.9686,50,93
1208,196,0.817,58,182
1209,206,0.8534,51,143
1210,174,0.7191,43,172
1211,235,1.0901,49,71
1212,728,3.3477,79,307
1213,1212,6.0798,69,951
1214,691,3.4404,54,100
1215,607,2.766,62,135
1216,494,2.1426,45,386
1217,64,0.3148,45,36
1218,75,0.3429,48,39
1219,56,0.2243,48,50
1220,73,0.2872,53,57
1221,683,2.9565,59,77
1222,570,2.4908,52,413
1223,733,3.1555,72,235
1224,1254,6.1073,56,976
1225,1175,5.8963,70,1148
1226,1078,5.6604,79,755
1227,366,1.556,70,320
1228,457,1.9961,64,89
1229,145,0.6057,86,117
1230,450,1.9136,74,294
1231,1157,5.7086,62,957
1232,404,1.7691,49,388
1233,799,3.8071,55,419
1234,865,4.1531,61,372
1235,472,2.0714,68,420
1236,472,1.9978,49,272
1237,501,2.4288,55,144
1238,427,1.9293,49,219
1239,769,3.7264,51,122
1240,1089,5.3644,60,211
1241,152,0.6748,44,27
1242,516,2.2239,72,303
1243,622,2.6545,57,93
1244,992,4.7343,59,696
1245,1201,6.1665,67,722
1246,250,1.0681,55,205
1247,701,3.3401,84,132
1248,1694,8.5373,70,1118
1249,310,1.3322,58,97
1250,682,3.1655,55,113
1251,1478,7.614,66,791
1252,465,2.32,56,322
1253,1030,5.1183,54,858
1254,430,2.0377,71,153
1255,809,4.3443,56,158
1256,767,3.7381,67,128
1257,788,3.7942,80,479
1258,400,1.9211,54,224
1259,724,3.2869,59,560
1260,303,1.4692,58,213
1261,502,2.3628,57,197
1262,848,4.1166,52,797
1263,113,0.4783,40,98
1264,506,2.2929,40,150
1265,200,0.8136,55,129
1266,578,2.4992,60,471
1267,462,2.089,50,461
1268,409,1.8471,52,74
1269,120,0.4879,40,98
1270,247,1.1809,60,236
1271,185,0.7753,55,118
1272,112,0.5347,53,71
1273,677,3.0532,44,479
1274,538,2.3457,54,447
1275,799,3.8175,49,181
1276,598,2.9395,55,597
1277,730,3.4612,60,173
1278,1428,7.4768,65,1307
1279,1164,6.4856,52,673
1280,522,2.2815,49,231
1281,98,0.4111,47,55
1282,212,0.8748,45,208
1283,765,3.752,55,298
1284,345,1.5044,53,254
1285,582,2.9854,64,324
1286,141,0.592,54,86
1287,497,2.2131,57,394
1288,268,1.0987,48,160
1289,959,4.8276,67,183
1290,1458,7.422,68,792
1291,1053,5.3322,52,397
1292,1549,8.0263,62,293
1293,451,2.0257,45,83
1294,819,4.11,57,145
1295,691,3.2574,61,257
1296,82,0.4049,36,81
1297,1332,6.5762,73,1131
1298,156,0.6391,46,70
1299,835,3.9702,63,634
1300,2017,9.904,64,1973
1301,1040,5.3738,63,517
1302,675,3.4447,71,359
1303,534,2.5188,53,83
1304,722,3.8678,54,314
1305,1455,7.3706,58,1423
1306,161,0.6787,44,107
1307,1855,9.2988,72,344
1308,710,3.3077,61,555
1309,1373,7.1506,76,273
1310,616,2.8194,57,517
1311,829,3.9771,64,384
1312,430,1.9332,52,317
1313,142,0.5794,40,141
1314,136,0.5673,64,97
1315,1000,4.9253,61,72
1316,218,1.1125,57,133
1317,632,2.8392,55,409
1318,1179,5.8726,79,607
1319,1012,5.2982,53,333
1320,1036,5.2387,51,574
1321,67,0.2773,40,57
1322,293,1.2452,46,95
1323,739,3.5998,59,485
1324,889,4.3411,61,677
1325,453,2.1835,49,211
1326,675,3.2638,59,171
1327,906,4.4743,65,698
1328,1257,6.2805,49,96
1329,1039,5.2311,60,958
1330,214,0.9061,47,57
1331,214,0.9734,47,148
1332,310,1.6049,49,242
1333,324,1.4488,47,61
1334,181,0.7418,67,137
1335,263,1.1142,57,242
1336,962,4.9023,52,483
1337,399,1.8292,52,149
1338,411,1.7462,74,180
1339,627,2.9244,68,103
1340,90,0.3586,39,77
1341,916,4.3656,52,302
1342,1023,5.0224,60,273
1343,1060,5.6624,65,494
1344,335,1.4553,50,77
1345,579,2.5627,49,193
1346,371,1.5627,49,340
1347,402,1.6816,60,240
1348,602,2.8678,60,348
1349,724,3.3279,65,150
1350,940,4.7014,53,478
1351,762,4.0255,57,534
1352,75,0.3841,30,74
1353,77,0.3763,54,66
1354,227,0.9715,51,174
1355,326,1.3864,55,56
1356,1508,7.6182,75,1406
1357,619,3.0366,59,247
1358,461,1.997,46,389
1359,905,4.4781,72,275
1360,250,1.0568,53,82
1361,640,2.8738,54,376
1362,577,2.5206,70,222
1363,680,3.1659,47,523
1364,229,0.9593,44,60
1365,209,1.0028,46,55
1366,191,0.7836,47,165
1367,881,4.3693,79,307
1368,229,0.9498,55,224
1369,476,2.0898,55,126
1370,899,4.3186,49,786
1371,851,4.7624,67,706
1372,1263,6.2907,90,454
1373,171,0.7535,53,120
1374,597,2.6186,59,447
1375,355,1.5542,59,52
1376,664,2.8993,58,224
1377,1147,5.7449,52,322
1378,718,3.8294,58,123
1379,179,0.7323,51,178
1380,545,2.5832,69,195
1381,646,3.2111,76,634
1382,645,2.9547,62,539
1383,2517,13.2403,65,267
1384,390,1.8125,50,157
1385,666,2.9245,65,252
1386,3504,18.0352,62,3317
1387,89,0.3634,35,88
1388,1508,8.0067,53,122
1389,439,1.9535,53,238
1390,499,2.1862,49,106
1391,775,3.7123,54,287
1392,734,3.46,52,55
1393,1003,4.891,65,111
1394,439,1.9147,58,160
1395,446,1.8857,52,162
1396,450,2.0961,41,129
1397,132,0.6999,49,63
1398,900,4.5249,56,886
1399,725,3.3546,68,224
1400,397,1.6973,50,72
1401,1222,6.053,61,1080
1402,105,0.4176,43,52
1403,426,2.0598,62,39
1404,413,1.9658,50,144
1405,687,3.1728,59,89
1406,1028,4.9593,60,808
1407,770,3.8064,79,707
1408,360,1.5424,51,87
1409,702,3.1338,49,686
1410,53,0.2211,39,50
1411,496,2.1094,55,390
1412,107,0.4621,45,100
1413,998,4.7572,55,991
1414,538,2.718,63,202
1415,973,4.9451,76,156
1416,480,2.1329,57,142
1417,24,0.1181,20,12
1418,210,0.8717,38,178
1419,1109,5.5859,59,84
1420,1044,5.3581,71,929
1421,846,4.0904,49,355
1422,66,0.3092,38,57
1423,1097,5.4382,69,822
1424,686,3.1596,61,394
1425,198,0.8548,53,172
1426,604,2.9947,57,174
1427,5128,27.2833,63,3620
1428,468,2.0576,62,186
1429,220,0.9132,52,51
1430,1332,6.7882,73,267
1431,513,2.5143,56,112
1432,383,1.6858,70,127
1433,450,1.8957,59,353
1434,220,0.9207,54,182
1435,394,1.7473,51,279
1436,1026,4.9771,65,744
1437,292,1.2722,48,117
1438,733,3.3926,55,446
1439,448,1.9902,47,447
1440,417,1.813,66,48
1441,540,2.4422,56,361
1442,636,2.9647,56,351
1443,727,3.3249,66,665
1444,794,3.6213,56,642
1445,139,0.5832,53,63
1446,431,1.9158,55,116
1447,912,4.4333,78,426
1448,1557,7.7893,61,237
1449,125,0.6586,43,124
1450,1178,5.8679,52,340
1451,1294,6.446,66,284
1452,436,1.8766,60,191
1453,475,2.0268,69,434
1454,313,1.4926,54,135
1455,454,2.0362,61,263
1456,155,0.6412,63,132
1457,136,0.5556,37,101
1458,867,4.3013,71,148
1459,521,2.2894,59,101
1460,425,2.0674,49,224
1461,279,1.3455,55,275
1462,400,1.7262,67,77
1463,337,1.4148,50,95
1464,611,2.683,61,241
1465,615,2.6096,55,432
1466,511,2.316,48,456
1467,417,1.7733,75,294
1468,492,2.0956,43,269
1469,806,4.138,58,632
1470,156,0.6478,39,152
1471,505,2.1693,63,263
1472,153,0.6723,46,121
1473,1567,8.001,66,1436
1474,1350,7.0067,69,90
1475,253,1.0949,41,164
1476,433,1.9251,46,216
1477,502,2.3462,54,57
1478,800,3.7439,66,39
1479,507,2.5569,63,451
1480,505,2.4933,52,74
1481,680,3.0257,54,241
1482,547,2.5937,46,423
1483,527,2.356,50,451
1484,1146,6.1102,63,508
1485,227,0.9961,47,215
1486,304,1.3465,45,194
1487,571,2.8564,62,322
1488,225,1.0918,44,129
1489,401,1.7096,55,379
1490,168,0.7768,45,49
1491,554,2.4927,64,500
1492,1263,6.5876,62,183
1493,1841,9.3647,73,1783
1494,1659,8.4304,75,1065
1495,396,1.7785,58,216
1496,1257,6.3695,67,700
1497,537,2.4169,62,118
1498,183,0.7706,61,133
1499,898,4.6054,52,453
1500,486,2.0988,64,333
1501,164,0.7079,50,98
1502,461,1.988,52,442
1503,490,2.1467,66,447
1504,109,0.4974,47,66
1505,235,0.9858,55,109
1506,963,4.5323,89,106
1507,179,0.7461,47,78
1508,151,0.6219,41,57
1509,187,0.778,41,155
1510,277,1.1759,50,103
1511,591,2.6413,73,565
1512,626,2.7172,62,63
1513,1323,6.5294,65,127
1514,1450,7.1382,54,1405
1515,2768,14.4235,56,2603
1516,565,2.8646,51,412
1517,1642,8.3841,75,276
1518,1239,6.5732,77,535
1519,1034,5.0644,68,678
1520,187,0.7829,54,156
1521,1361,6.7132,70,1143
1522,73,0.2954,39,62
1523,1189,6.1475,52,98
1524,544,2.6176,49,126
1525,711,3.3476,68,524
1526,277,1.1597,55,250
1527,723,3.1873,66,496
1528,1046,5.1681,71,657
1529,915,4.6607,52,139
1530,761,4.0401,54,706
1531,422,1.8331,70,157
1532,667,2.9333,77,111
1533,631,2.9073,48,548
1534,634,2.8734,64,220
1535,602,2.6887,54,158
1536,400,1.6628,64,358
1537,3219,17.8074,62,62
1538,191,0.8113,53,68
1539,1430,7.3904,63,991
1540,1526,9.6349,66,1213
1541,646,3.8724,63,450
1542,378,2.0134,51,296
1543,380,1.6166,46,329
1544,182,0.7791,50,133
1545,651,3.277,60,69
1546,505,2.3981,67,328
1547,324,1.6056,52,161
1548,731,3.6366,49,553
1549,161,0.7044,53,159
1550,541,2.3597,47,321
1551,447,1.9075,69,95
1552,518,2.3767,57,342
1553,194,0.8195,43,191
1554,477,2.1479,76,71
1555,227,1.0037,53,184
1556,388,1.6747,52,245
1557,331,1.4023,70,254
1558,1431,6.9269,68,121
1559,68,0.2927,32,41
1560,272,1.1715,46,61
1561,500,2.298,51,154
1562,337,1.4622,46,118
1563,127,0.5209,45,106
1564,222,0.9074,59,107
1565,405,1.7193,58,50
1566,344,1.518,47,69
1567,98,0.3859,47,85
1568,419,1.7764,61,182
1569,395,1.682,51,106
1570,190,0.8446,50,71
1571,1298,6.4568,76,800
1572,175,0.7365,41,37
1573,242,1.2217,55,57
1574,176,0.7278,43,62
1575,233,0.984,54,209
1576,370,1.612,50,349
1577,167,0.6816,57,57
1578,118,0.4778,50,100
1579,565,2.5006,55,195
1580,224,0.9313,57,171
1581,317,1.5728,50,272
1582,631,3.001,52,623
1583,327,1.65,55,116
1584,385,1.6724,54,138
1585,785,3.9624,59,130
1586,392,1.7568,61,236
1587,255,1.072,50,53
1588,198,0.9089,47,172
1589,336,1.5221,49,214
1590,165,0.6828,44,98
1591,389,1.9416,54,315
1592,424,2.2769,48,41
1593,359,1.5033,52,76
1594,381,1.623,45,86
1595,390,1.8918,64,157
1596,355,1.4973,53,319
1597,206,0.8575,54,160
1598,306,1.2741,70,251
1599,434,1.8763,60,64
1600,922,4.2204,58,731
1601,730,3.4106,59,437
1602,1368,6.8523,69,113
1603,465,2.2464,41,234
1604,795,4.0512,56,653
1605,686,3.2827,53,131
1606,927,4.8612,69,233
1607,654,2.8942,59,208
1608,650,2.8664,72,247
1609,801,3.7806,59,82
1610,663,3.0987,66,371
1611,245,1.0805,43,89
1612,553,2.4955,63,548
1613,632,2.8561,66,142
1614,274,1.1882,61,68
1615,237,1.0404,49,150
1616,476,1.9491,57,294
1617,304,1.2876,50,52
1618,366,1.5855,49,196
1619,656,2.8428,62,294
1620,472,2.2778,51,192
1621,155,0.6249,56,152
1622,386,1.632,49,309
1623,189,0.8091,48,38
1624,1487,7.6878,72,884
1625,1447,7.3408,63,1086
1626,713,3.3905,63,514
1627,423,1.8188,52,112
1628,426,1.9574,57,327
1629,794,3.5139,63,67
1630,670,3.1756,51,537
1631,802,3.7823,56,519
1632,494,2.1729,56,483
1633,742,3.2909,53,397
1634,700,3.361,52,299
1635,225,0.9348,55,76
1636,412,1.946,50,91
1637,332,1.4381,56,69
1638,1575,8.0418,71,252
1639,788,4.1974,63,211
1640,131,0.536,47,101
1641,522,2.4726,66,467
1642,128,0.5434,38,80
1643,632,3.0768,49,157
1644,1665,8.8032,74,1034
1645,206,0.8942,39,132
1646,810,3.9085,56,710
1647,1067,5.1633,78,81
1648,600,2.619,58,595
1649,1852,9.4674,68,530
1650,156,0.6417,47,99
1651,108,0.4327,43,100
1652,563,2.6767,54,321
1653,949,4.5838,53,206
1654,183,0.7483,44,98
1655,483,2.1555,58,238
1656,2619,14.1325,73,968
1657,1884,9.8556,70,173
1658,102,0.4164,41,75
1659,109,0.444,55,39
1660,1025,5.3614,73,280
1661,173,0.7045,53,152
1662,173,0.8693,53,152
1663,173,0.8987,53,152
1664,173,0.7061,53,152
1665,173,0.6949,53,152
1666,173,0.704,51,152
1667,173,0.7079,53,152
1668,877,4.4354,54,666
1669,189,0.7837,44,107
1670,1002,5.1177,81,856
1671,928,4.5369,67,91
1672,334,1.4775,57,63
1673,1031,5.0631,66,186
1674,1235,6.5765,76,1080
1675,521,3.1032,60,92
1676,794,3.8725,66,123
1677,842,4.0311,49,110
1678,2078,10.7036,54,306
1679,749,3.7914,57,96
1680,868,4.4512,49,350
1681,1069,5.8116,64,194
1682,373,1.8227,47,301
1683,811,4.0294,58,143
1684,1052,5.3362,62,814
1685,1215,5.9667,66,595
1686,1232,6.4058,67,489
1687,3242,17.0162,74,925
1688,1198,6.5026,48,262
1689,111,0.4475,59,87
1690,971,4.9195,67,595
1691,496,2.2765,46,122
1692,2899,14.8115,66,1372
1693,976,5.1242,69,220
1694,999,5.0562,56,700
1695,671,3.103,48,339
1696,600,2.7628,58,257
1697,611,2.8332,59,192
1698,1514,7.997,77,1309
1699,4724,24.6667,65,1257
1700,102,0.4727,53,70
1701,203,0.8687,61,116
1702,515,2.2631,55,422
1703,149,0.6496,53,64
1704,201,0.8269,38,125
1705,1163,5.6093,68,137
1706,326,1.4279,51,274
1707,1236,6.6207,63,260
1708,378,1.8624,62,127
1709,607,2.6768,57,398
1710,1252,6.2428,74,475
1711,389,1.6588,68,260
1712,461,2.1569,62,302
1713,355,1.5801,49,334
1714,1376,7.045,67,1050
1715,884,4.4663,52,719
1716,759,3.7087,74,48
1717,658,2.9143,66,410
1718,991,5.0043,65,749
1719,3791,19.6767,57,3226
1720,556,2.903,57,381
1721,45,0.1816,30,29
1722,558,2.5844,60,299
1723,645,2.8286,49,119
1724,631,2.9993,65,356
1725,564,2.6266,47,223
1726,158,0.6477,40,156
1727,835,4.0035,48,417
1728,1194,6.039,64,1193
1729,1011,5.2046,66,810
1730,205,0.8863,58,62
1731,1193,5.8601,70,1186
1732,1263,6.4768,66,802
1733,220,0.936,52,196
1734,413,1.826,61,165
1735,409,1.9019,51,147
1736,582,2.8796,63,356
1737,424,2.0567,62,80
1738,291,1.2174,46,99
1739,653,3.0291,49,43
1740,405,1.7998,59,61
1741,854,3.844,62,215
1742,396,1.9497,56,98
1743,759,3.3818,55,32
1744,143,0.7364,43,93
1745,148,0.6159,51,83
1746,130,0.5329,46,46
1747,130,0.5153,41,46
1748,387,1.6851,45,59
1749,196,0.8283,50,128
1750,956,4.5006,86,457
1751,2717,13.6325,86,510
1752,612,2.84,57,57
1753,1098,5.3802,57,1093
1754,343,1.6492,48,301
1755,846,3.9988,48,325
1756,642,2.9364,46,275
1757,233,0.962,50,103
1758,209,1.0043,60,197
1759,1421,7.1154,70,152
1760,398,1.9387,51,255
1761,142,0.6073,45,53
1762,1849,9.4352,70,473
1763,1484,7.6168,61,271
1764,135,0.5566,45,38
1765,308,1.4805,53,55
1766,411,1.7879,50,304
1767,391,1.702,56,136
1768,173,0.7337,51,136
1769,516,2.474,53,80
1770,2893,14.7206,68,813
1771,613,3.4418,48,368
1772,143,0.5978,53,70
1773,450,1.995,46,417
1774,549,2.4859,75,410
1775,233,1.2177,51,81
1776,122,0.5938,51,41
1777,994,5.0036,57,115
1778,160,0.6601,63,146
1779,939,4.6878,77,231
1780,183,0.7607,48,104
1781,367,1.6235,46,356
1782,372,1.5949,44,170
1783,224,0.9593,54,152
1784,566,2.6384,49,134
1785,567,2.8275,65,94
1786,339,1.599,53,148
1787,2091,10.8348,62,1505
1788,184,0.7935,52,171
1789,1258,6.4006,65,1142
1790,1466,7.7638,73,978
1791,276,1.2404,47,102
1792,1084,5.5828,63,1081
1793,734,3.4055,60,169
1794,1441,7.2733,75,809
1795,289,1.2951,52,203
1796,342,1.5019,50,308
1797,526,2.275,50,145
1798,313,1.3429,58,263
1799,912,4.4114,48,286
1800,912,4.4456,49,286
1801,663,3.1591,68,631
1802,2432,12.2636,63,1424
1803,495,2.2997,43,130
1804,388,1.739,54,171
1805,906,4.4788,56,409
1806,478,2.1105,57,141
1807,431,1.8872,55,90
1808,142,0.7348,31,127
1809,170,0.716,39,138
1810,168,0.6903,44,59
1811,327,1.383,56,100
1812,767,3.9074,55,465
1813,107,0.4274,42,95
1814,243,1.0411,67,75
1815,742,3.4963,62,194
1816,209,0.8608,45,64
1817,442,1.917,51,385
1818,440,2.3297,50,399
1819,272,1.1454,65,145
1820,137,0.5501,48,46
1821,246,1.0208,55,107
1822,83,0.3248,41,28
1823,1790,9.5219,84,120
1824,1175,6.1468,74,197
1825,768,3.7348,65,536
1826,571,2.8986,69,196
1827,394,1.6817,58,391
1828,241,1.0257,49,239
1829,651,3.0602,60,104
1830,695,3.3225,51,317
1831,641,3.008,52,303
1832,179,0.7258,40,59
1833,518,2.6428,55,354
1834,96,0.3856,38,45
1835,663,2.9091,66,662
1836,2780,14.6346,74,385
1837,648,3.3329,75,242
1838,1166,5.7544,53,795
1839,591,2.8331,65,55
1840,1819,9.1208,80,745
1841,250,1.1229,52,248
1842,741,3.3941,46,601
1843,582,2.5927,65,521
1844,480,2.1044,49,150
1845,1428,7.416,63,615
1846,697,3.2181,59,159
1847,416,1.9364,55,247
1848,592,2.7687,52,47
1849,633,2.8211,46,258
1850,1479,7.8384,55,359
1851,559,2.6616,52,205
1852,323,1.43,43,248
1853,521,2.2173,47,272
1854,436,1.8883,52,60
1855,1085,5.4199,64,835
1856,398,1.8681,65,47
1857,493,2.2185,45,484
1858,168,0.7015,45,165
1859,225,0.9684,52,111
1860,610,2.8679,53,601
1861,831,3.9466,51,242
1862,5561,28.7669,78,2953
1863,315,1.6054,52,69
1864,1123,5.7055,71,626
1865,137,0.5787,56,87
1866,370,1.5975,59,284
1867,500,2.3672,51,108
1868,439,1.8458,53,318
1869,699,3.0665,69,639
1870,207,0.9146,46,176
1871,1385,6.6477,72,1232
1872,1123,5.4951,71,1009
1873,132,0.5458,38,120
1874,59,0.2373,39,37
1875,284,1.2226,64,113
1876,370,1.5608,53,53
1877,446,2.2214,46,439
1878,377,1.8865,50,63
1879,478,2.2108,48,66
1880,534,2.5488,51,102
1881,121,0.4786,52,105
1882,517,2.2047,51,250
1883,153,0.6465,44,127
1884,685,3.0297,53,420
1885,412,1.7592,56,229
1886,435,1.88,65,349
1887,1041,5.0879,60,731
1888,603,2.7124,53,385
1889,499,2.1708,55,493
1890,300,1.2821,53,60
1891,630,2.9011,57,365
1892,227,0.9396,54,224
1893,445,2.0506,57,389
1894,670,2.8819,54,491
1895,370,1.5732,60,285
1896,380,1.5985,43,183
1897,144,0.583,46,119
1898,131,0.5207,51,72
1899,352,1.4958,43,283
1900,1581,8.0401,74,1030
1901,356,1.6933,59,320
1902,981,5.0459,86,914
1903,1241,6.1208,65,234
1904,638,3.0419,56,446
1905,450,1.9819,61,280
1906,166,0.671,62,63
1907,335,1.4127,48,105
1908,382,1.819,45,314
1909,181,0.8066,47,85
1910,661,3.1892,55,188
1911,281,1.2047,46,106
1912,732,3.3967,54,157
1913,150,0.6573,50,105
1914,322,1.3735,50,118
1915,244,1.2552,42,85
1916,522,2.3173,71,455
1917,218,0.895,53,55
1918,153,0.6232,48,124
1919,276,1.2175,46,137
1920,329,1.3833,51,235
1921,662,2.947,52,462
1922,112,0.4578,44,91
1923,1002,4.9871,62,800
1924,972,5.1669,63,75
1925,232,0.9779,43,194
1926,265,1.1415,71,241
1927,557,2.537,60,244
1928,726,3.3952,70,269
1929,586,2.8112,70,364
1930,1285,6.4891,55,217
1931,661,2.9613,69,131
1932,445,2.1262,56,345
1933,457,1.9482,56,451
1934,353,1.5309,57,291
1935,289,1.2356,48,140
1936,261,1.3363,44,94
1937,624,2.7058,67,268
1938,283,1.1909,42,37
1939,504,2.1893,53,40
1940,333,1.4003,50,196
1941,372,1.5947,49,235
1942,539,2.3222,59,533
1943,245,1.0222,45,85
1944,242,1.0358,55,61
1945,568,2.462,56,424
1946,220,0.9269,56,162
1947,251,1.1212,46,186
1948,378,1.6598,80,156
1949,732,3.2393,67,577
1950,419,1.8587,73,408
1951,701,3.0374,80,157
1952,326,1.397,57,43
1953,282,1.1767,54,84
1954,684,3.263,50,290
1955,791,3.6188,56,751
1956,645,3.1139,55,342
1957,346,1.4515,56,270
1958,488,2.0701,64,227
1959,600,2.6892,68,359
1960,510,2.1956,57,219
1961,627,3.1262,66,625
1962,237,1.1519,57,87
1963,595,2.6218,53,327
1964,277,1.3946,56,138
1965,422,1.84,50,145
1966,195,0.8241,46,131
1967,465,2.0108,45,353
1968,369,1.5815,56,210
1969,567,2.4753,58,227
1970,439,2.0667,49,61
1971,777,3.8611,54,345
1972,655,3.1365,51,189
1973,1073,5.1981,58,130
1974,960,5.072,44,625
1975,1162,6.2854,70,720
1976,614,2.8485,63,230
1977,374,1.7,43,71
1978,810,3.7291,72,552
1979,586,2.8196,48,419
1980,484,2.1356,52,416
1981,552,2.4501,64,529
1982,1123,5.5114,59,493
1983,517,2.5646,54,205
1984,542,2.3368,75,231
1985,761,3.6063,68,355
1986,806,3.7599,65,725
1987,278,1.2425,51,115
1988,1470,7.0796,70,1126
1989,906,4.5913,51,99
1990,605,2.9731,61,123
1991,1532,8.154,69,1368
1992,2058,10.7092,56,1167
1993,642,3.1509,46,275
1994,642,2.8173,46,275
1995,968,5.0408,60,112
1996,283,1.232,50,150
1997,521,2.4017,56,94
1998,322,1.6563,58,311
1999,1504,7.729,87,881
2000,1228,6.3282,72,851
2001,1099,6.2307,52,1088
2002,1312,6.5707,67,326
2003,606,2.8277,60,540
2004,2131,10.5964,71,1236
2005,160,0.6702,43,91
2006,134,0.5433,35,81
2007,703,3.4922,58,95
2008,388,1.6579,59,54
2009,221,0.9245,52,39
2010,962,5.5121,71,896
2011,1338,8.0906,69,994
2012,537,2.977,50,390
2013,576,3.6517,56,348
2014,356,2.0178,51,340
2015,209,1.1915,61,151
2016,217,0.907,57,185
2017,493,2.1684,69,235
2018,384,1.6592,45,189
2019,1527,7.8887,74,342
2020,430,2.1316,59,377
2021,1532,7.8405,69,1013
2022,18142,94.9669,70,4292
2023,429,1.9097,55,408
2024,440,2.0345,48,432
2025,388,1.6747,53,171
2026,1081,5.2459,79,285
2027,82,0.3185,44,59
2028,542,2.8308,67,169
2029,872,4.1291,61,501
2030,5234,27.0707,75,2608
2031,1492,7.9112,62,705
2032,464,2.1784,67,348
2033,706,3.283,59,54
2034,3199,16.5709,70,351
2035,393,1.9325,47,263
2036,250,1.1084,50,216
2037,559,2.9622,58,329
2038,159,0.6513,50,80
2039,487,2.3494,49,387
2040,466,2.3097,53,52
2041,685,3.2428,67,482
2042,73,0.3117,35,62
2043,1251,6.1659,65,901
2044,996,5.0381,62,840
2045,490,2.5847,59,44
2046,491,2.2143,54,113
2047,495,2.1299,52,89
2048,185,0.963,43,178
2049,1448,7.4982,60,842
2050,794,4.1958,64,62
2051,123,0.5078,58,97
2052,534,2.3424,51,375
2053,677,3.1267,55,602
2054,152,0.6169,51,84
2055,1163,6.0538,57,534
2056,173,0.7312,54,152
2057,1082,5.6948,65,665
2058,901,4.9038,90,858
2059,1712,8.6401,68,1202
2060,293,1.2472,50,131
2061,377,1.7397,59,375
2062,488,2.1802,76,479
2063,1064,6.8939,50,441
2064,196,1.3266,63,164
2065,117,0.7081,44,113
2066,1833,12.5842,65,1540
2067,303,1.6577,46,109
2068,673,4.7217,52,70
2069,786,4.0519,66,541
2070,1021,4.9028,57,695
2071,388,1.708,47,237
2072,1025,4.9097,67,311
2073,2080,10.5208,68,164
2074,366,1.5749,50,354
2075,128,0.6308,38,109
2076,571,3.0522,53,159
2077,301,1.3917,51,126
2078,720,5.8125,55,703
2079,285,1.5413,68,103
2080,345,2.1618,51,344
2081,615,3.615,69,210
2082,40,0.1628,38,35
2083,168,0.829,62,166
2084,166,1.1235,48,141
2085,882,5.0242,77,285
2086,352,1.7145,80,108
2087,971,4.8998,72,907
2088,378,1.6503,72,240
2089,410,1.7842,79,89
2090,611,3.0661,60,583
2091,1426,7.5515,74,1346
2092,274,1.1845,49,137
2093,339,1.4237,51,91
2094,701,3.414,65,48
2095,496,2.3916,58,314
2096,408,1.8826,53,304
2097,211,0.8967,43,114
2098,504,2.1593,61,52
2099,450,1.983,57,297
2100,484,2.097,53,177
2101,240,1.0072,45,200
2102,260,1.1858,71,90
2103,620,3.0719,50,178
2104,179,0.7781,43,120
2105,1430,7.1645,64,590
2106,391,1.7077,53,330
2107,441,2.082,45,369
2108,723,3.3317,86,88
2109,757,3.5115,75,450
2110,411,1.7565,44,75
2111,257,1.068,48,245
2112,301,1.3412,52,255
2113,636,2.8027,50,93
2114,390,1.6842,49,374
2115,309,1.3388,50,154
2116,134,0.6704,51,80
2117,220,0.9735,51,213
2118,1208,6.2093,68,72
2119,344,1.5039,42,70
2120,469,2.2042,51,190
2121,77,0.3603,35,66
2122,357,1.4981,53,347
2123,362,1.6824,56,56
2124,482,2.1663,52,333
2125,1049,5.4269,74,123
2126,155,0.802,43,50
2127,448,1.9709,59,78
2128,385,1.875,52,378
2129,287,1.2163,49,259
2130,195,0.8197,44,47
2131,1021,5.0368,70,946
2132,410,1.8516,42,68
2133,679,3.2052,63,657
2134,913,4.4277,75,280
2135,395,1.7135,49,327
2136,360,1.5966,53,42
2137,557,2.4111,55,86
2138,667,2.9184,69,66
2139,467,2.0545,56,77
2140,682,2.9739,47,417
2141,216,0.9072,42,207
2142,259,1.0605,79,206
2143,223,0.9219,50,158
2144,139,0.5766,41,46
2145,439,1.9557,55,437
2146,371,1.7715,56,335
2147,939,4.7015,60,473
2148,216,0.9016,55,161
2149,249,1.0638,51,170
2150,160,0.6557,42,71
2151,485,2.3788,58,44
2152,392,1.8316,58,110
2153,2168,11.0496,56,1133
2154,746,3.6925,63,215
2155,976,4.9759,67,61
2156,653,3.1165,51,406
2157,248,1.1321,49,99
2158,506,2.6472,50,446
2159,585,2.5535,51,152
2160,368,1.6574,52,118
2161,107,0.5179,37,67
2162,537,2.3401,75,535
2163,434,2.1683,50,160
2164,144,0.581,40,55
2165,129,0.6199,44,47
2166,277,1.1766,50,45
2167,141,0.6032,46,110
2168,1079,5.4616,60,74
2169,818,4.0582,50,210
2170,1366,6.7172,55,1242
2171,219,0.9188,66,186
2172,846,4.015,68,333
2173,1261,6.137,76,864
2174,1347,6.7244,58,1301
2175,3352,17.5603,61,2088
2176,979,4.913,51,976
2177,2052,10.3993,57,1362
2178,464,2.2488,74,281
2179,1501,7.653,57,116
2180,1484,7.7292,65,288
2181,506,2.6707,61,449
2182,506,2.3449,65,449
2183,428,1.9226,51,338
2184,202,0.8215,52,85
2185,833,4.024,62,494
2186,135,0.547,41,71
2187,1240,6.1512,56,641
2188,431,2.0746,49,79
2189,266,1.1281,58,210
2190,279,1.2335,47,265
2191,517,2.2467,52,52
2192,532,2.2891,47,451
2193,510,2.5474,55,468
2194,494,2.3453,63,435
2195,678,3.0425,55,359
2196,185,0.7716,48,120
2197,859,4.1663,62,84
2198,685,3.0989,65,630
2199,166,0.8201,50,66
2200,521,2.4408,49,56
2201,514,2.4205,51,56
2202,516,2.4693,45,80
2203,631,2.9729,45,77
2204,379,1.7094,51,186
2205,222,1.0193,52,193
2206,380,1.6291,64,168
2207,237,1.0104,43,159
2208,397,1.7902,58,32
2209,357,1.5274,46,159
2210,125,0.5068,45,98
2211,254,1.0605,43,108
2212,542,2.5645,59,82
2213,590,2.8002,58,514
2214,879,4.6927,65,602
2215,964,4.8761,67,958
2216,3580,18.9461,63,3128
2217,227,1.0422,47,116
2218,246,1.0727,56,73
2219,385,1.7097,52,297
2220,271,1.2346,67,224
2221,69,0.2799,37,52
2222,525,2.6475,45,229
2223,520,2.3715,63,467
2224,502,2.1539,56,451
2225,1891,9.6784,61,1234
2226,397,1.7823,50,163
2227,611,2.8597,55,139
2228,554,2.5039,57,117
2229,379,1.6201,54,96
2230,519,2.4589,53,462
2231,376,1.6311,44,240
2232,1442,7.4813,53,268
2233,725,3.5429,51,257
2234,591,2.6254,62,570
2235,256,1.1125,46,122
2236,226,0.9267,63,77
2237,451,2.0836,56,372
2238,358,1.5093,53,294
2239,403,1.9406,42,310
2240,130,0.6314,42,124
2241,570,2.5016,55,385
2242,1456,7.3259,59,340
2243,1670,8.7459,64,617
2244,761,4.0237,60,568
2245,219,0.9303,52,75
2246,500,2.5582,57,445
2247,502,2.2443,67,451
2248,503,2.2242,69,452
2249,502,2.1545,64,445
2250,505,2.1529,54,70
2251,519,2.1821,65,457
2252,632,2.7017,57,535
2253,850,4.1278,59,754
2254,444,1.948,49,404
2255,478,2.0669,50,214
2256,1070,5.1752,57,549
2257,337,1.5515,53,214
2258,247,1.0532,49,141
2259,511,2.1988,55,294
2260,1568,8.1878,79,1332
2261,837,4.0582,63,402
2262,507,2.5007,52,123
2263,530,2.3479,64,143
2264,621,2.6892,77,314
2265,450,1.9827,58,59
2266,546,2.3321,61,433
2267,290,1.25,53,43
2268,518,2.3169,50,257
2269,512,2.2554,50,260
2270,196,0.8256,48,34
2271,1062,5.1901,75,382
2272,629,2.9389,69,83
2273,262,1.1249,46,181
2274,120,0.4836,47,107
2275,118,0.5355,50,116
2276,40,0.1545,36,38
2277,126,0.5045,35,79
2278,739,3.329,53,335
2279,536,2.3944,49,498
2280,325,1.3859,55,285
2281,1039,4.9657,78,769
2282,1699,8.5606,69,1534
2283,512,2.4379,50,357
2284,140,0.571,50,73
2285,420,1.8949,53,194
2286,135,0.5777,38,114
2287,150,0.6156,50,41
2288,137,0.5728,45,119
2289,219,0.9049,63,162
2290,417,1.8022,52,310
2291,489,2.1181,56,430
2292,74,0.3399,33,43
2293,579,2.6061,49,174
2294,881,4.1681,58,241
2295,1035,5.1984,57,144
2296,407,2.0377,48,103
2297,400,1.7978,46,257
2298,518,2.6242,55,52
2299,944,4.739,74,891
2300,515,2.2061,53,450
2301,294,1.3034,47,159
2302,733,3.3379,57,555
2303,562,2.6441,47,70
2304,344,1.5262,56,163
2305,1867,9.4531,73,1315
2306,385,1.6845,44,167
2307,303,1.2832,47,116
2308,201,0.8346,48,136
2309,816,3.9417,73,424
2310,365,1.6164,41,283
2311,527,2.2603,46,480
2312,365,1.5616,55,293
2313,196,0.8071,43,93
2314,308,1.4667,55,271
2315,642,2.9047,59,266
2316,252,1.0742,44,85
2317,536,2.3226,49,481
2318,188,0.7849,50,62
2319,1106,5.6313,69,616
2320,705,3.2192,60,311
2321,696,3.1826,55,495
2322,228,1.0152,54,215
2323,195,0.7926,42,122
2324,458,2.0265,52,457
2325,733,3.5138,68,517
2326,473,2.1865,49,264
2327,743,3.8693,47,311
2328,356,1.6704,61,147
2329,1707,8.3679,68,937
2330,202,0.8771,47,156
2331,448,1.9255,49,34
2332,315,1.5085,51,297
2333,598,3.0424,49,236
2334,220,0.928,48,101
2335,297,1.3716,50,178
2336,150,0.6253,44,78
2337,512,2.4418,56,385
2338,143,0.5832,47,77
2339,116,0.4879,55,83
2340,99,0.4021,46,92
2341,134,0.5337,55,51
2342,180,0.7575,39,90
2343,365,1.7199,46,111
2344,277,1.1554,67,164
2345,655,2.9756,54,536
2346,797,3.6614,55,612
2347,772,3.7764,60,628
2348,307,1.3972,43,224
2349,575,2.4752,73,511
2350,396,1.8503,48,173
2351,622,2.6919,62,354
2352,316,1.347,50,269
2353,385,1.6891,57,83
2354,1674,8.2866,74,1627
2355,380,1.6381,46,359
2356,360,1.7947,48,208
2357,398,1.7744,51,228
2358,436,1.8757,70,179
2359,3304,16.8141,85,717
2360,164,0.7593,58,126
2361,1266,6.8463,57,865
2362,404,1.837,52,157
2363,392,1.9012,54,78
2364,508,2.4474,59,73
2365,580,2.7258,68,570
2366,610,2.6689,47,90
2367,378,1.6293,58,48
2368,990,4.8823,76,644
2369,464,2.0335,77,64
2370,1959,10.099,65,721
2371,329,1.5351,61,276
2372,655,2.9554,65,475
2373,370,1.6584,47,295
2374,76,0.3264,39,57
2375,41,0.1592,54,40
2376,284,1.3046,51,205
2377,1182,5.79,54,832
2378,653,3.296,51,614
2379,190,0.8132,62,155
2380,321,1.3608,43,161
2381,250,1.0511,49,53
2382,430,1.9018,50,143
2383,178,0.862,57,93
2384,774,3.7355,69,240
2385,679,2.9587,62,605
2386,420,1.7904,53,68
2387,993,4.7177,62,258
2388,368,1.6505,62,316
2389,1154,5.5995,57,572
2390,701,3.1384,66,342
2391,323,1.3819,67,269
2392,408,1.7532,57,393
2393,696,3.096,54,188
2394,528,2.4743,57,70
2395,152,0.6387,60,50
2396,1955,9.8432,56,519
2397,1465,7.4033,61,363
2398,68,0.2789,33,48
2399,3913,20.3374,73,3723
2400,542,2.6204,50,445
2401,756,3.6867,71,483
2402,738,3.7568,84,521
2403,1431,8.2691,52,1036
2404,261,1.2533,46,67
2405,549,2.4208,62,469
2406,590,2.7806,51,480
2407,4002,21.0363,76,459
2408,180,0.7644,38,55
2409,365,1.6394,60,207
2410,355,1.4773,62,104
2411,166,0.6851,53,103
2412,517,2.4395,62,341
2413,423,1.8125,50,227
2414,268,1.1524,46,53
2415,752,3.3983,62,468
2416,244,1.2534,49,94
2417,154,0.6329,57,97
2418,256,1.077,47,181
2419,579,2.5885,49,254
2420,1961,9.7136,59,461
2421,212,0.8903,62,172
2422,432,1.845,55,425
2423,183,0.76,46,176
2424,401,1.7306,52,348
2425,561,2.4063,58,144
2426,208,0.9066,43,81
2427,217,0.9601,52,66
2428,2237,11.3231,56,1302
2429,644,2.9082,64,146
2430,425,1.7384,64,75
2431,351,1.6759,50,276
2432,630,2.8704,56,629
2433,609,2.7334,61,390
2434,384,1.7625,56,183
2435,388,1.7056,61,188
2436,324,1.3932,54,135
2437,692,3.3344,61,187
2438,2250,12.5328,67,487
2439,156,0.649,51,46
2440,516,2.3685,51,48
2441,1201,6.3925,61,50
2442,1542,8.3841,66,492
2443,362,1.6384,52,256
2444,741,3.6274,50,617
2445,342,1.6484,43,151
2446,445,2.1082,51,255
2447,509,2.5069,59,116
2448,169,0.6962,40,108
2449,274,1.1639,48,86
2450,294,1.2278,46,95
2451,300,1.2953,55,70
2452,409,1.7133,60,387
2453,1365,7.0469,74,538
2454,681,3.1671,67,83
2455,229,0.9753,55,205
2456,398,1.7201,65,138
2457,420,1.8715,60,68
2458,174,0.7209,54,89
2459,157,0.6924,36,121
2460,1490,7.1706,72,651
2461,880,4.8718,46,700
2462,552,2.6545,47,538
2463,339,1.4523,48,264
2464,321,1.3428,45,111
2465,287,1.328,40,110
2466,461,1.9854,53,344
2467,767,3.4428,54,255
2468,81,0.3202,43,50
2469,626,2.8586,60,43
2470,951,5.0339,54,861
2471,139,0.5667,43,115
2472,869,4.3095,61,621
2473,280,1.2901,49,234
2474,409,1.7827,55,60
2475,274,1.1586,56,224
2476,44,0.2067,39,21
2477,563,2.6904,60,238
2478,949,4.5316,50,887
2479,864,4.1528,88,790
2480,741,3.7165,78,586
2481,325,1.3712,63,175
2482,251,1.0531,48,226
2483,547,2.4701,48,41
2484,1670,8.5169,67,414
2485,3599,18.6364,67,1700
2486,1639,8.847,65,1387
2487,536,2.4238,75,157
2488,434,1.8489,54,311
2489,537,2.3094,55,397
2490,537,2.5838,61,482
2491,108,0.4402,48,103
2492,509,2.2421,45,270
2493,201,0.834,44,45
2494,146,0.6142,44,99
2495,2456,12.9385,67,1137
2496,615,2.8095,66,404
2497,233,0.9683,58,54
2498,685,3.2264,48,368
2499,148,0.6253,40,133
2500,354,1.5052,49,52
2501,605,2.6445,75,87
2502,877,4.6445,49,202
2503,140,0.5803,47,65
2504,321,1.3602,50,320
2505,561,2.5452,49,286
2506,277,1.1528,47,176
2507,643,2.9127,53,202
2508,649,3.127,61,423
2509,677,3.2342,55,521
2510,810,3.9262,65,741
2511,254,1.0937,36,175
2512,466,2.0629,58,71
2513,593,2.6374,65,433
2514,235,1.1149,45,226
2515,853,4.3231,61,429
2516,642,2.9141,75,171
2517,2211,11.2808,63,471
2518,303,1.4924,41,207
2519,629,2.7504,54,566
2520,198,1.0237,50,93
2521,103,0.4098,45,102
2522,363,1.5827,53,241
2523,2241,11.3048,61,2203
2524,670,3.1268,62,288
2525,668,3.2952,57,70
2526,1068,5.7114,63,964
2527,61,0.2414,45,59
2528,1115,5.5196,59,833
2529,690,3.3449,52,146
2530,605,2.6614,51,45
2531,151,0.6275,46,145
2532,2043,10.1787,62,1462
2533,752,3.971,57,67
2534,142,0.5821,52,141
2535,1435,7.3346,57,760
2536,218,0.9217,46,124
2537,886,4.2231,56,835
2538,103,0.4031,38,49
2539,242,1.0047,49,144
2540,264,1.1116,42,241
2541,711,3.2679,52,470
2542,706,3.1885,61,236
2543,1292,6.4629,51,1231
2544,249,1.0446,41,68
2545,174,1.002,48,173
2546,1146,5.6684,53,455
2547,633,2.8798,49,596
2548,428,1.8155,51,280
2549,710,3.1407,53,706
2550,665,2.8879,52,194
2551,231,1.2671,43,154
2552,277,1.2907,62,63
2553,901,4.2512,70,838
2554,1289,6.3134,62,1239
2555,819,3.9812,71,563
2556,1119,5.6335,58,524
2557,493,2.4496,64,49
2558,197,0.8256,45,136
2559,423,1.8027,55,58
2560,148,0.5883,49,96
2561,692,2.9828,60,524
2562,583,2.7385,51,579
2563,344,1.4398,54,94
2564,402,1.8616,59,216
2565,509,2.1901,50,404
2566,830,3.8989,72,252
2567,298,1.3288,58,70
2568,215,0.8878,61,67
2569,621,2.8578,70,585
2570,981,4.8574,61,848
2571,995,4.9158,51,464
2572,221,0.9183,52,161
2573,252,1.062,46,48
2574,310,1.3373,53,254
2575,138,0.5669,50,65
2576,453,2.0709,52,419
2577,430,1.9879,48,249
2578,511,2.2384,58,52
2579,495,2.113,67,60
2580,192,0.8015,47,181
2581,642,2.9675,46,275
2582,397,1.825,54,109
2583,373,1.6184,49,175
2584,182,0.7353,55,141
2585,517,2.2411,60,460
2586,225,0.9386,44,222
2587,216,0.9114,39,183
2588,217,0.9069,43,183
2589,216,0.8967,48,183
2590,200,0.8359,39,167
2591,216,0.8876,47,183
2592,223,0.936,46,64
2593,1170,5.5515,62,821
2594,493,2.1748,62,51
2595,494,2.2646,50,403
2596,488,2.0895,62,59
2597,887,4.2818,53,876
2598,552,2.8139,56,137
2599,460,1.9489,63,88
2600,290,1.2344,64,91
2601,1976,10.0359,56,893
2602,251,1.07,46,84
2603,497,2.2485,51,302
2604,521,2.6444,53,64
2605,1194,5.7013,64,1053
2606,1488,7.4578,60,78
2607,196,0.826,52,171
2608,1253,6.3507,50,182
2609,364,1.5749,60,361
2610,584,2.8833,64,55
2611,192,0.7898,45,96
2612,159,0.6615,46,140
2613,2244,11.3999,60,1831
2614,582,2.7952,53,565
2615,1019,5.1085,55,976
2616,195,0.8291,47,118
2617,87,0.3536,37,84
2618,438,1.8517,53,70
2619,300,1.4194,50,126
2620,173,0.7232,41,81
2621,873,4.1454,71,775
2622,1944,10.0833,63,1631
2623,734,3.4779,47,303
2624,357,1.6123,46,104
2625,785,3.7057,62,528
2626,523,2.6587,50,493
2627,584,2.7202,58,374
2628,699,3.2901,63,323
2629,675,3.143,62,504
2630,457,2.2397,49,47
2631,318,1.341,52,82
2632,211,0.8833,52,199
2633,684,2.9614,53,574
2634,873,4.0231,52,563
2635,586,2.9099,58,190
2636,453,1.9621,64,452
2637,204,0.8945,41,142
2638,531,2.412,54,393
2639,258,1.1407,49,153
2640,57,0.2465,50,52
2641,815,3.9515,52,524
2642,679,2.9675,51,273
2643,858,4.1801,71,526
2644,779,3.7088,54,220
2645,878,4.1434,64,646
2646,875,4.2046,66,282
2647,259,1.1688,47,80
2648,328,1.4397,41,261
2649,522,2.2845,59,518
2650,228,0.9674,53,59
2651,247,1.0542,50,171
2652,393,1.7204,38,218
2653,351,1.4965,46,199
2654,834,3.8926,57,728
2655,321,1.5626,48,121
2656,338,1.4353,49,192
2657,1346,6.4148,79,1071
2658,86,0.4256,40,76
2659,381,1.688,75,87
2660,593,2.578,83,156
2661,943,4.6313,48,137
2662,313,1.3399,50,107
2663,155,0.6134,45,40
2664,276,1.2626,56,74
2665,307,1.291,51,299
2666,827,3.8928,50,548
2667,799,4.0149,63,118
2668,503,2.3277,53,45
2669,413,1.9165,46,180
2670,390,1.7311,45,161
2671,391,1.6929,48,286
2672,524,2.5111,47,382
2673,787,3.47,53,483
2674,90,0.3582,46,51
2675,398,2.0523,42,107
2676,393,1.6727,60,233
2677,400,1.8012,50,39
2678,338,1.4516,56,107
2679,141,0.5578,42,121
2680,614,2.6677,52,589
2681,738,3.4919,56,595
2682,187,0.829,44,85
2683,330,1.4242,59,123
2684,480,2.0742,62,179
2685,120,0.4789,49,42
2686,705,3.0735,75,52
2687,537,2.5219,55,534
2688,724,3.155,47,520
2689,783,3.988,53,447
2690,561,2.5793,79,214
2691,96,0.3874,38,28
2692,609,2.9949,62,593
2693,469,2.0319,52,262
2694,823,4.0198,64,500
2695,252,1.0374,46,77
2696,947,4.5631,70,431
2697,777,3.7057,65,114
2698,767,3.7328,66,83
2699,626,3.0888,53,60
2700,982,4.775,60,131
2701,508,2.3215,56,66
2702,887,4.4242,49,673
2703,588,2.6077,49,416
2704,148,0.6102,45,89
2705,149,0.6605,46,90
2706,167,0.759,52,113
2707,675,3.1292,63,619
2708,674,2.9779,49,483
2709,1321,6.2897,61,395
2710,302,1.4152,44,228
2711,603,2.9498,48,168
2712,473,2.0431,49,135
2713,284,1.2132,53,190
2714,368,1.5501,55,84
2715,282,1.172,48,108
2716,2198,11.3858,76,545
2717,126,0.5537,45,60
2718,1844,9.2916,64,987
2719,256,1.0942,44,194
2720,190,0.7827,47,137
2721,242,1.0177,45,140
2722,1063,5.1211,74,288
2723,406,1.9129,45,364
2724,597,2.6396,49,430
2725,507,2.2969,53,172
2726,106,0.5299,53,98
2727,955,4.7455,57,782
2728,218,0.9489,52,217
2729,922,4.8357,51,413
2730,586,2.6823,47,214
2731,179,0.7314,57,62
2732,565,2.4726,60,232
2733,493,2.1202,49,202
2734,1452,7.5741,74,1376
2735,242,1.0454,45,178
2736,1331,6.6027,79,318
2737,426,1.8513,48,111
2738,1800,9.665,58,791
2739,319,1.4101,38,232
2740,125,0.5739,40,82
2741,752,3.3971,51,62
2742,118,0.4677,36,74
2743,1691,8.2711,59,630
2744,392,1.9161,43,170
2745,614,2.6488,50,485
2746,312,1.3553,51,100
2747,1129,5.5225,73,715
2748,298,1.3732,42,65
2749,139,0.5589,39,95
2750,471,2.2047,59,247
2751,252,1.0407,44,77
2752,184,0.7438,53,169
2753,142,0.5727,40,95
2754,554,2.4038,65,106
2755,362,1.7075,57,95
2756,156,0.6407,47,86
2757,286,1.1769,71,175
2758,466,1.9009,61,251
2759,688,3.1915,61,513
2760,697,3.2703,59,226
2761,207,0.9531,59,83
2762,1221,6.0647,75,701
2763,824,4.2103,70,144
2764,656,3.4798,54,232
2765,2471,12.9446,55,1793
2766,1124,5.864,54,1121
2767,212,1.0878,43,83
2768,894,4.5252,61,201
2769,579,2.6447,70,555
2770,396,1.6755,66,335
2771,152,0.6428,48,122
2772,1094,5.4694,66,314
2773,476,2.3214,51,262
2774,395,1.6998,54,137
2775,1342,6.5084,71,948
2776,463,2.3408,66,79
2777,232,0.949,51,95
2778,254,1.0636,47,214
2779,598,3.1972,59,270
2780,571,2.7937,51,396
2781,289,1.2796,48,211
2782,117,0.4665,50,91
2783,440,2.1575,45,152
2784,1413,7.1473,73,1331
2785,1412,7.1483,52,435
2786,462,2.2244,51,327
2787,637,3.0444,49,617
2788,817,3.7461,61,130
2789,1355,7.0615,73,877
2790,970,4.7012,53,509
2791,844,4.2414,68,47
2792,352,1.5025,57,176
2793,330,1.3394,50,248
2794,421,1.7514,71,123
2795,945,4.478,57,594
2796,135,0.5859,55,75
2797,651,2.8679,48,460
2798,320,1.3396,46,132
2799,200,0.8374,43,198
2800,583,2.5636,63,439
2801,219,0.8946,47,164
2802,476,2.1438,56,342
2803,269,1.1401,48,81
2804,1249,6.3861,53,1032
2805,371,1.6502,53,172
2806,263,1.1235,42,84
2807,2728,14.0704,61,688
2808,221,0.9492,51,166
2809,119,0.5305,52,55
2810,257,1.0745,49,153
2811,695,3.1507,60,104
2812,198,0.8191,56,49
2813,2172,10.8759,62,1256
2814,1477,7.5882,55,1307
2815,514,2.5378,52,220
2816,845,4.0136,52,84
2817,614,2.7157,62,180
2818,440,1.857,46,406
2819,517,2.3334,57,93
2820,431,1.8806,48,281
2821,527,2.2681,47,41
2822,628,2.9037,60,479
2823,410,1.7053,58,231
2824,607,2.7539,57,83
2825,941,4.5321,76,87
2826,445,1.9714,61,443
2827,316,1.3103,65,186
2828,378,1.6497,42,158
2829,223,1.0427,52,111
2830,152,0.6174,52,99
2831,631,2.7381,54,525
2832,454,1.9168,53,442
2833,175,0.717,48,62
2834,682,2.9755,61,649
2835,117,0.4786,49,114
2836,559,2.4254,54,399
2837,1013,4.877,56,1011
2838,754,3.81,65,311
2839,113,0.4693,40,66
2840,200,0.8098,48,151
2841,967,4.766,49,813
2842,318,1.484,49,105
2843,123,0.4929,40,60
2844,650,3.2731,62,208
2845,327,1.4007,50,105
2846,327,1.3294,60,237
2847,111,0.4241,56,48
2848,371,1.5735,45,102
2849,1094,5.9075,60,1079
2850,293,1.2687,52,227
2851,1685,8.2164,59,325
2852,5323,28.2453,68,3053
2853,177,0.7309,69,154
2854,91,0.3647,39,54
2855,537,2.6891,59,90
2856,410,2.0747,46,47
2857,119,0.4659,51,118
2858,95,0.3762,41,47
2859,612,2.7433,68,97
2860,1132,5.4468,70,437
2861,512,2.4818,55,441
2862,471,2.3034,47,133
2863,451,2.0068,46,69
2864,205,0.8486,49,198
2865,670,3.108,56,127
2866,746,3.6096,54,476
2867,307,1.3144,73,75
2868,80,0.3269,47,47
2869,300,1.2791,47,79
2870,606,2.8712,54,194
2871,887,4.1954,61,819
2872,316,1.3824,62,304
2873,909,4.2805,63,810
2874,457,2.1314,53,71
2875,993,4.6607,66,47
2876,757,3.4244,54,91
2877,489,2.2258,66,60
2878,236,0.9923,54,208
2879,351,1.4685,55,96
2880,1118,5.4478,74,787
2881,1431,7.5477,62,593
2882,112,0.4638,47,97
2883,301,1.2832,48,57
2884,1660,8.1044,60,337
2885,490,2.2498,58,367
2886,660,2.9178,54,166
2887,2189,10.9041,54,2025
2888,217,1.0788,53,92
2889,658,3.2682,53,76
2890,224,0.9622,47,193
2891,1839,9.4777,80,1618
2892,336,1.4649,52,151
2893,692,3.0765,65,355
2894,670,3.1294,82,473
2895,250,1.0594,51,48
2896,577,2.5029,48,362
2897,274,1.1811,40,164
2898,478,2.4238,47,208
2899,438,1.9047,81,247
2900,132,0.5435,42,120
2901,510,2.4006,52,454
2902,512,2.4584,50,76
2903,510,2.445,52,65
2904,503,2.203,59,227
2905,502,2.3254,47,446
2906,93,0.4449,39,41
2907,722,3.2673,58,487
2908,389,2.074,48,151
2909,199,0.8606,42,55
2910,192,0.7955,48,59
2911,253,1.1077,49,120
2912,396,1.6854,59,46
2913,303,1.3181,53,96
2914,601,2.6652,49,87
2915,756,3.7704,59,104
2916,248,1.0299,60,175
2917,449,2.1081,59,345
2918,764,3.5852,58,763
2919,634,2.8969,68,387
2920,322,1.4661,43,211
2921,1391,7.1923,70,819
2922,340,1.7537,54,148
2923,1141,5.6037,61,573
2924,235,0.9898,56,218
2925,298,1.2648,48,190
2926,554,2.5366,57,158
2927,281,1.2171,49,43
2928,199,0.9917,44,48
2929,615,3.0833,57,425
2930,257,1.089,39,198
2931,225,0.9258,48,61
2932,180,0.7894,49,58
2933,228,0.9589,59,218
2934,269,1.1182,46,54
2935,569,2.4748,49,381
2936,454,1.9829,52,226
2937,487,2.0885,55,330
2938,183,0.7627,42,165
2939,199,0.8343,37,134
2940,423,1.7907,55,109
2941,86,0.3524,47,53
2942,206,0.8483,44,71
2943,294,1.3412,47,235
2944,672,3.3259,69,491
2945,986,5.2106,53,733
2946,450,1.9453,61,76
2947,1219,6.091,80,143
2948,398,1.7571,47,85
2949,130,0.6373,47,64
2950,455,1.9177,59,332
2951,486,2.1185,50,432
2952,1060,5.0604,56,903
2953,460,2.0437,45,69
2954,517,2.2824,52,225
2955,728,3.4434,62,167
2956,886,4.3683,69,788
2957,639,2.8506,59,539
2958,1487,7.3688,53,1018
2959,155,0.7247,44,50
2960,1476,7.6067,65,1349
2961,1158,6.1048,72,409
2962,815,4.0577,58,99
2963,389,1.8017,56,234
2964,671,3.0471,56,484
2965,125,0.5286,38,83
2966,1719,8.326,65,898
2967,276,1.2895,49,226
2968,538,2.3428,64,79
2969,953,4.9918,65,83
2970,261,1.1035,44,244
2971,499,2.0514,56,171
2972,355,1.5062,56,58
2973,106,0.4457,44,87
2974,1536,8.0068,74,1267
2975,510,2.3724,63,501
2976,870,4.0862,75,125
2977,534,2.3142,69,485
2978,439,1.8695,60,405
2979,490,2.0972,53,143
2980,843,4.072,63,451
2981,501,2.1324,51,155
2982,249,1.1316,53,97
2983,540,2.476,79,117
2984,506,2.1826,60,421
2985,348,1.5589,54,172
2986,355,1.6325,54,111
2987,1192,6.5202,68,411
2988,489,2.4293,51,332
2989,154,0.6276,54,146
2990,649,2.8853,57,410
2991,455,1.9815,62,266
2992,298,1.2941,47,261
2993,256,1.0918,47,128
2994,297,1.2575,47,64
2995,346,1.4655,63,314
2996,855,4.2467,61,412
2997,250,1.0771,53,42
2998,588,2.6047,61,242
2999,428,1.8165,59,296
3000,917,4.409,53,558
3001,231,0.9775,68,163
3002,605,2.6162,62,179
3003,952,4.6295,65,878
3004,366,1.5371,61,87
3005,612,2.6908,58,107
3006,246,1.1282,47,220
3007,149,0.6164,56,99
3008,65,0.2602,48,33
3009,740,3.5739,60,252
3010,868,4.0808,50,376
3011,577,2.5263,54,571
3012,295,1.2309,46,113
3013,521,2.4338,56,332
3014,488,2.2234,49,198
3015,507,2.3934,49,452
3016,382,1.6463,55,262
3017,211,0.8924,41,155
3018,860,4.4548,54,464
3019,153,0.6344,55,147
3020,135,0.547,38,26
3021,239,1.0387,48,117
3022,307,1.3712,44,225
3023,1538,7.5492,58,550
3024,1674,8.5746,77,1282
3025,1042,5.3158,52,226
3026,581,2.6393,52,306
3027,524,2.2356,63,178
3028,150,0.6324,50,47
3029,399,1.7203,61,374
3030,895,4.5862,49,725
3031,406,1.924,48,221
3032,82,0.324,35,77
3033,579,2.5168,60,230
3034,745,3.2599,61,75
3035,556,2.6338,47,456
3036,204,0.9341,49,194
3037,553,2.3594,50,503
3038,347,1.4423,50,42
3039,944,5.0222,56,568
3040,364,1.6805,59,193
3041,380,1.6163,48,329
3042,496,2.1285,54,415
3043,654,2.8849,62,577
3044,529,2.1704,58,68
3045,374,1.7395,53,67
3046,396,1.6951,49,228
3047,1697,8.626,80,64
3048,418,1.9542,55,121
3049,482,2.4927,49,444
3050,241,0.982,44,77
3051,4913,25.9474,69,1703
3052,64,0.2786,36,61
3053,147,0.6157,42,38
3054,721,3.6925,79,82
3055,782,3.541,48,460
3056,521,2.3796,49,104
3057,1255,6.2322,52,1221
3058,244,1.0534,50,181
3059,697,3.0635,54,294
3060,530,2.3957,59,78
3061,727,3.4159,59,524
3062,1013,5.0432,50,604
3063,424,1.9921,70,259
3064,109,0.4526,42,77
3065,348,1.5218,54,93
3066,659,2.8764,50,100
3067,217,0.9829,52,158
3068,139,0.5643,42,57
3069,544,2.562,56,473
3070,519,2.6286,47,296
3071,226,0.9211,62,209
3072,196,0.8695,49,164
3073,1039,5.1697,75,721
3074,1045,5.1408,60,203
3075,526,2.3669,55,507
3076,341,1.4761,47,339
3077,672,3.1689,54,373
3078,122,0.5093,43,39
3079,643,2.7844,43,324
3080,1230,6.5412,56,824
3081,463,2.2661,57,453
3082,368,1.5854,58,80
3083,260,1.2336,47,183
3084,677,3.0234,61,73
3085,995,5.1206,61,519
3086,2075,10.5765,76,1816
3087,189,0.8883,53,70
3088,332,1.4187,51,264
3089,259,1.082,54,255
3090,725,3.3698,42,402
3091,1146,5.5317,60,128
3092,1053,5.1669,69,274
3093,202,0.8473,64,115
3094,601,2.649,55,579
3095,481,2.0938,46,222
3096,485,2.2369,57,152
3097,464,1.9857,50,409
3098,187,0.7674,47,63
3099,420,2.045,52,377
3100,1406,6.9372,63,733
3101,377,1.6324,62,298
3102,78,0.3816,34,49
3103,535,2.291,68,282
3104,1052,5.2672,58,571
3105,492,2.2248,57,402
3106,994,4.7377,54,861
3107,182,0.8953,51,173
3108,369,1.5754,38,322
3109,347,1.6265,57,195
3110,528,2.2811,56,285
3111,246,1.0792,51,103
3112,653,2.9763,74,566
3113,439,2.0623,48,68
3114,694,3.1275,52,630
3115,598,2.8189,59,94
3116,735,3.2257,60,543
3117,244,1.0225,46,122
3118,707,3.4043,62,82
3119,705,3.0762,60,459
3120,612,2.7807,58,156
3121,605,2.5841,46,408
3122,251,1.0505,75,144
3123,251,1.0857,61,89
3124,462,1.9401,83,359
3125,271,1.3554,40,50
3126,419,1.8601,48,242
3127,472,2.0892,54,64
3128,408,1.9869,44,147
3129,422,1.8279,58,230
3130,3480,18.1965,66,2874
3131,1002,5.3388,64,88
3132,155,0.6876,44,104
3133,138,0.5572,44,116
3134,121,0.4763,43,114
3135,135,0.5424,61,102
3136,455,2.0292,53,431
3137,926,4.8039,69,555
3138,187,0.8319,49,107
3139,318,1.3298,45,278
3140,405,1.7953,56,190
3141,392,1.7525,44,200
3142,170,0.8338,42,94
3143,157,0.6263,45,31
3144,160,0.6434,48,67
3145,963,5.1037,68,481
3146,144,0.5746,44,79
3147,1175,5.967,64,1100
3148,525,2.6797,48,279
3149,317,1.4591,52,227
3150,480,2.1787,53,331
3151,722,3.2329,54,688
3152,281,1.2716,74,69
3153,300,1.3427,62,108
3154,495,2.1205,51,126
3155,119,0.4946,41,68
3156,887,4.3939,66,139
3157,396,1.7756,45,258
3158,168,0.6757,44,68
3159,331,1.4753,48,239
3160,159,0.6479,46,93
3161,390,2.0358,51,253
3162,93,0.4693,32,53
3163,218,0.9036,37,143
3164,1094,5.5319,71,715
3165,493,2.5524,57,63
3166,856,4.6757,67,809
3167,112,0.4922,40,62
3168,477,2.0478,56,296
3169,540,2.3491,54,245
3170,351,1.5097,48,147
3171,748,3.629,65,272
3172,493,2.393,49,352
3173,213,0.8813,56,159
3174,179,0.741,47,105
3175,215,0.8843,59,186
3176,820,3.7823,52,326
3177,255,1.0702,50,72
3178,125,0.4992,57,121
3179,3920,20.4657,58,184
3180,394,1.8004,51,316
3181,266,1.1608,51,190
3182,452,2.0247,46,124
3183,716,3.4158,51,272
3184,87,0.3531,38,60
3185,392,1.7673,47,178
3186,609,2.7288,50,56
3187,186,0.7685,48,181
3188,532,2.406,67,445
3189,400,1.7434,46,102
3190,495,2.1439,56,270
3191,953,4.7048,55,730
3192,611,3.0386,44,513
3193,1184,5.9728,66,612
3194,541,3.0051,47,82
3195,1077,5.8974,72,50
3196,334,1.5807,49,178
3197,379,1.7642,76,174
3198,766,3.7042,53,104
3199,628,2.9749,60,617
3200,504,2.3564,56,500
3201,1191,5.9225,68,131
3202,1515,7.9187,56,684
3203,218,0.9357,46,127
3204,1215,7.0715,64,96
3205,289,1.3918,41,284
3206,608,2.8918,52,77
3207,335,1.4398,53,49
3208,277,1.1679,50,41
3209,591,2.7221,50,73
3210,344,1.4873,45,114
3211,624,2.7996,70,51
3212,2143,10.9072,55,232
3213,638,3.3217,61,438
3214,1227,6.1903,92,83
3215,672,3.4073,66,468
3216,699,3.4631,54,325
3217,1192,6.5101,61,248
3218,140,0.6524,32,125
3219,91,0.371,59,41
3220,192,0.851,49,177
3221,348,1.4784,53,239
3222,193,0.8269,45,186
3223,468,2.1188,47,449
3224,842,4.174,52,582
3225,227,1.0357,71,207
3226,317,1.4001,49,83
3227,183,0.7806,48,99
3228,144,0.605,47,55
3229,333,1.4575,55,305
3230,79,0.3724,47,68
3231,556,2.5029,53,73
3232,397,1.7699,59,47
3233,269,1.1268,41,240
3234,370,1.6967,47,49
3235,405,1.9397,44,311
3236,212,0.8675,48,80
3237,890,4.3486,52,184
3238,269,1.2233,40,234
3239,123,0.5039,35,47
3240,820,3.9583,74,122
3241,421,1.949,71,420
3242,681,3.3372,82,332
3243,1008,5.0796,59,520
3244,227,0.9954,43,60
3245,595,2.8105,63,74
3246,630,2.8944,57,226
3247,338,1.4675,55,187
3248,226,0.9492,54,95
3249,847,4.1642,61,177
3250,511,2.4926,46,455
3251,170,0.71,48,72
3252,497,2.2503,60,289
3253,540,2.3406,68,70
3254,462,2.2365,50,144
3255,197,0.8044,49,183
3256,525,2.2668,55,118
3257,177,0.7996,67,174
3258,591,2.5372,66,435
3259,289,1.2218,48,60
3260,182,0.7797,51,85
3261,526,2.3109,49,524
3262,329,1.4189,47,239
3263,929,4.7253,66,524
3264,387,1.756,41,237
3265,328,1.4731,44,251
3266,412,1.9622,52,238
3267,301,1.2763,48,116
3268,246,1.0176,64,78
3269,695,3.283,73,329
3270,498,2.2512,58,268
3271,682,3.2947,60,351
3272,1748,8.9031,52,61
3273,126,0.5949,61,83
3274,408,1.9989,61,117
3275,2227,11.5667,71,741
3276,432,2.2678,50,324
3277,718,3.6777,72,689
3278,505,2.2155,61,450
3279,2532,13.1598,90,2297
3280,1060,5.6238,77,649
3281,126,0.5839,38,117
3282,1308,6.9767,62,548
3283,4700,24.4221,70,4251
3284,163,0.794,43,140
3285,891,5.0278,63,95
3286,220,0.9145,58,144
3287,204,0.882,45,92
3288,263,1.1504,55,94
3289,1351,7.5587,54,995
3290,249,1.1802,54,172
3291,1747,8.8444,63,647
3292,1597,8.3409,77,873
3293,581,3.0098,65,516
3294,410,1.8894,51,42
3295,1283,6.4555,64,998
3296,2112,10.6264,75,1987
3297,69,0.277,37,52
3298,2007,10.1468,73,125
3299,388,2.0337,51,262
3300,388,1.7206,52,55
3301,161,0.6777,49,130
3302,378,1.5986,44,70
3303,73,0.2953,49,50
3304,184,0.745,55,119
3305,212,0.933,52,203
3306,326,1.4722,58,54
3307,420,1.8884,58,162
3308,1151,5.5754,73,610
3309,561,2.7751,52,193
3310,2104,10.8538,79,1386
3311,574,2.8341,54,57
3312,484,2.2936,59,58
3313,491,2.2533,59,427
3314,575,2.5716,56,129
3315,873,4.3728,76,585
3316,332,1.6925,55,104
3317,344,1.7859,51,75
3318,395,2.1153,52,84
3319,308,1.3362,47,306
3320,526,2.5193,53,302
3321,360,1.5281,64,70
3322,188,0.9089,45,180
3323,329,1.4308,60,276
3324,608,2.7579,59,275
3325,163,0.6716,44,45
3326,210,0.8797,49,191
3327,1106,5.7422,57,537
3328,1562,7.7181,62,1137
3329,321,1.451,51,80
3330,835,4.083,80,408
3331,1825,9.2965,57,753
3332,190,0.8205,45,144
3333,413,1.8373,49,318
3334,376,1.7359,50,105
3335,247,1.0168,67,107
3336,174,0.7183,49,98
3337,234,0.9809,45,230
3338,177,0.756,51,58
3339,455,1.9883,71,454
3340,677,3.084,66,78
3341,77,0.3096,44,68
3342,640,3.463,67,194
3343,1884,9.7168,66,1191
3344,585,2.9197,65,86
3345,1960,9.8957,65,1466
3346,512,2.2471,73,83
3347,2518,13.5421,54,1708
3348,682,3.2395,73,55
3349,1103,5.5954,49,923
3350,599,2.8957,48,455
3351,274,1.1834,46,211
3352,465,1.9656,65,187
3353,419,1.9242,67,200
3354,378,1.729,51,285
3355,62,0.2487,36,61
3356,666,2.9415,48,126
3357,346,1.4513,54,134
3358,226,0.9671,47,134
3359,334,1.506,50,137
3360,688,3.0444,78,257
3361,333,1.4077,56,323
3362,318,1.4024,47,68
3363,94,0.3749,53,89
3364,496,2.3162,57,416
3365,2085,10.7204,63,963
3366,181,0.7921,60,39
3367,353,1.6363,50,314
3368,658,2.9564,53,575
3369,168,0.6917,55,164
3370,729,3.2575,75,60
3371,261,1.1017,56,121
3372,225,0.9502,49,67
3373,228,0.9752,43,183
3374,1202,5.8597,58,772
3375,788,3.9998,59,380
3376,1385,6.9187,53,1383
3377,284,1.3382,50,165
3378,250,1.2056,67,193
3379,500,2.072,60,455
3380,2314,11.6538,73,455
3381,96,0.3873,35,61
3382,356,1.5056,51,275
3383,302,1.2819,56,56
3384,507,2.1869,58,439
3385,516,2.4651,63,111
3386,241,1.1034,54,127
3387,180,0.7423,52,140
3388,700,3.1222,62,257
3389,3005,16.3038,73,1590
3390,173,0.7423,51,90
3391,537,2.2505,57,475
3392,484,2.0756,53,79
3393,1130,5.6314,61,297
3394,218,0.9277,46,202
3395,1181,5.9515,70,1006
3396,1374,7.226,71,833
3397,335,1.7037,59,172
3398,506,2.3299,62,440
3399,417,2.0025,42,256
3400,620,2.5587,55,411
3401,239,1.0642,46,85
3402,102,0.4152,39,101
3403,204,0.8499,46,169
3404,200,0.8202,47,96
3405,405,1.6989,53,393
3406,575,2.587,51,567
3407,808,4.2626,50,543
3408,407,2.001,52,148
3409,374,1.6003,50,54
3410,1713,9.6804,61,1239
3411,190,0.8803,62,123
3412,152,0.6389,55,73
3413,217,1.0855,45,147
3414,161,0.6507,49,132
3415,185,0.7939,53,174
3416,244,1.0195,50,236
3417,506,2.2075,62,73
3418,239,1.0215,43,54
3419,148,0.6122,43,142
3420,325,1.3736,55,107
3421,360,1.5557,45,70
3422,692,3.2486,52,69
3423,1327,6.7474,76,566
3424,292,1.3841,44,45
3425,1048,5.2558,75,333
3426,1074,5.2899,62,325
3427,709,3.2173,67,93
3428,418,1.8187,63,308
3429,339,1.4464,48,199
3430,486,2.3278,53,280
3431,121,0.4788,45,119
3432,513,2.3782,55,323
3433,562,2.511,53,113
3434,632,2.9688,55,569
3435,752,3.3925,68,279
3436,722,3.703,78,223
3437,111,0.4553,42,58
3438,145,0.5908,39,123
3439,443,2.1087,48,332
3440,2301,11.4464,64,2137
3441,501,2.6489,60,295
3442,266,1.0945,46,131
3443,413,1.6975,59,68
3444,550,2.3718,75,491
3445,421,1.827,46,393
3446,388,1.6883,59,201
3447,522,2.2567,57,81
3448,1528,7.3597,58,922
3449,879,4.2229,52,612
3450,511,2.3546,56,48
3451,855,4.0088,61,328
3452,151,0.6098,46,149
3453,685,3.0692,52,539
3454,1755,8.6849,55,282
3455,452,2.3726,75,437
3456,517,2.341,54,61
3457,3536,18.1513,59,2043
3458,479,2.3574,69,169
3459,671,3.5794,56,581
3460,432,1.8809,54,132
3461,485,2.3123,54,474
3462,1032,5.0624,60,518
3463,184,0.7671,59,180
3464,198,0.8305,58,150
3465,1545,7.6111,59,1284
3466,794,3.8988,48,77
3467,549,2.5817,56,518
3468,254,1.0648,46,91
3469,139,0.557,47,77
3470,308,1.5595,50,193
3471,252,1.0413,54,181
3472,593,2.5947,49,300
3473,491,2.4161,62,199
3474,1068,5.0139,70,945
3475,978,4.937,73,503
3476,1979,10.2637,66,1338
3477,437,1.9923,51,245
3478,1228,6.5828,48,974
3479,996,5.0746,69,218
3480,319,1.3635,77,137
3481,351,1.4922,49,187
3482,1554,7.8085,79,1110
3483,586,3.1822,50,39
3484,514,2.3192,57,357
3485,410,1.8964,61,62
3486,927,4.4362,49,266
3487,164,0.6803,40,128
3488,1774,8.7836,65,260
3489,2670,13.9269,59,159
3490,957,5.0725,64,847
3491,837,4.1237,62,483
3492,493,2.3217,53,324
3493,310,1.3644,55,262
3494,168,0.6832,42,125
3495,158,0.6474,44,64
3496,914,4.5983,51,868
3497,2845,14.7687,66,497
3498,465,2.0901,54,312
3499,496,2.1169,52,495
3500,523,2.3155,64,464
3501,519,2.0987,54,494
3502,303,1.2544,52,292
3503,108,0.4598,46,60
3504,584,2.5291,45,182
3505,732,3.7117,61,242
3506,972,4.5949,74,668
3507,588,2.6359,54,220
3508,320,1.3491,50,139
3509,785,3.5697,51,641
3510,798,3.517,65,288
3511,1638,8.6209,58,992
3512,2054,10.1793,59,477
3513,127,0.5253,48,58
3514,617,2.7378,52,326
3515,332,1.4302,42,130
3516,748,3.414,63,74
3517,1216,6.0503,57,768
3518,456,2.1867,53,70
3519,656,3.2565,70,56
3520,113,0.4576,45,44
3521,498,2.2117,48,250
3522,407,1.7175,47,105
3523,1001,4.8941,62,826
3524,407,1.7558,55,81
3525,400,1.7205,58,368
3526,412,1.7899,45,318
3527,399,1.7264,48,91
3528,1396,6.9525,62,215
3529,1855,9.2356,69,1737
3530,627,3.1592,57,620
3531,398,1.8444,63,122
3532,90,0.3517,47,84
3533,691,3.1709,51,551
3534,345,1.5472,51,271
3535,684,3.3591,56,624
3536,453,2.0839,60,251
3537,197,0.8094,53,102
3538,1712,9.0868,74,1096
3539,1440,7.4791,58,967
3540,322,1.4336,47,200
3541,258,1.0582,63,230
3542,204,0.854,39,103
3543,513,2.1912,50,416
3544,149,0.6142,46,78
3545,1319,6.6521,55,1249
3546,156,0.6554,66,61
3547,776,3.4217,77,255
3548,465,2.026,51,349
3549,678,2.7772,64,674
3550,819,3.8855,55,149
3551,409,1.9462,58,408
3552,413,1.7998,49,292
3553,398,1.6844,48,229
3554,93,0.3861,38,53
3555,223,0.9517,44,158
3556,1871,8.916,80,83
3557,347,1.5361,48,227
3558,1545,7.7406,72,839
3559,179,0.7847,39,83
3560,542,2.402,55,69
3561,597,2.6642,66,208
3562,287,1.2047,51,184
3563,566,2.5413,46,535
3564,874,4.0924,71,486
3565,190,0.7856,45,80
3566,622,2.7475,67,457
3567,793,3.5996,59,520
3568,723,3.3554,58,251
3569,610,2.7368,68,471
3570,393,1.9377,51,332
3571,115,0.4675,35,71
3572,231,0.9666,55,72
3573,443,2.0107,50,386
3574,314,1.3306,51,205
3575,3751,19.4018,67,3194
3576,66,0.274,38,55
3577,935,5.0646,66,397
3578,827,3.6675,74,179
3579,467,2.0737,57,343
3580,664,2.8199,63,165
3581,917,4.476,65,760
3582,386,1.9225,50,324
3583,388,1.6364,53,306
3584,288,1.2389,46,45
3585,458,2.0218,51,63
3586,78,0.3143,58,57
3587,191,0.7915,50,136
3588,1248,6.2323,52,514
3589,238,0.9963,62,214
3590,1009,5.2615,54,671
3591,479,2.4619,55,136
3592,315,1.3413,47,157
3593,1672,8.6538,64,708
3594,1023,5.4176,52,883
3595,1196,6.2579,85,1189
3596,526,2.6997,51,131
3597,414,2.0016,49,95
3598,499,2.4095,45,142
3599,744,3.5888,57,509
3600,718,3.6189,73,575
3601,543,2.4622,53,310
3602,572,2.5546,59,477
3603,2220,11.2518,62,1489
3604,487,2.2707,47,414
3605,837,4.0833,48,743
3606,270,1.1882,38,230
3607,80,0.316,46,41
3608,150,0.6136,51,100
3609,538,2.302,47,80
3610,512,2.2649,53,266
3611,457,1.9477,63,111
3612,187,0.7756,55,119
3613,163,0.6548,49,150
3614,978,4.6371,77,727
3615,737,3.3272,61,128
3616,395,1.8363,47,251
3617,465,2.3231,49,102
3618,545,2.3336,53,325
3619,425,1.8147,48,111
3620,1832,9.0045,77,1789
3621,222,0.9624,69,33
3622,353,1.5554,57,104
3623,850,4.1633,64,101
3624,194,0.8306,56,49
3625,183,0.7519,46,133
3626,559,2.429,52,532
3627,986,4.932,57,914
3628,1285,6.5428,65,1206
3629,981,4.9205,56,783
3630,445,2.2515,54,103
3631,1127,5.7285,64,745
3632,642,2.8568,54,30
3633,942,4.6775,69,147
3634,3467,17.9387,75,1445
3635,253,1.1268,56,208
3636,253,1.0699,44,147
3637,596,2.6949,64,127
3638,65,0.2909,41,61
3639,189,0.7961,39,66
3640,747,3.4432,58,46
3641,789,3.6293,48,521
3642,912,4.5106,49,286
3643,351,1.5844,42,163
3644,160,0.7001,53,141
3645,583,2.6021,52,326
3646,718,3.1372,61,103
3647,984,4.8033,76,114
3648,1210,6.1007,89,355
3649,429,1.9302,58,149
3650,270,1.1602,49,113
3651,722,3.1626,52,423
3652,670,2.9517,66,656
3653,108,0.4346,54,96
3654,1742,8.6081,70,919
3655,671,3.2543,64,616
3656,1519,7.6004,78,697
3657,177,0.7366,41,105
3658,479,2.2912,53,432
3659,612,2.7174,64,114
3660,491,2.1281,56,46
3661,607,2.6196,53,548
3662,429,1.9137,53,93
3663,5496,28.44,90,730
3664,656,2.9962,63,512
3665,390,1.7346,62,334
3666,108,0.4398,44,106
3667,1821,9.5444,75,688
3668,766,4.0602,53,478
3669,1301,6.6349,75,1063
3670,109,0.455,54,83
3671,1134,5.8429,56,750
3672,393,1.725,51,241
3673,267,1.1346,47,112
3674,71,0.2734,37,46
3675,143,0.5799,46,59
3676,300,1.2837,45,254
3677,2287,12.5386,70,798
3678,288,1.3336,60,213
3679,787,3.8936,49,460
3680,845,4.2263,52,651
3681,711,3.2575,46,94
3682,969,5.0684,58,342
3683,56,0.23,28,54
3684,451,1.9746,53,246
3685,272,1.2293,56,183
3686,206,0.8567,43,59
3687,853,3.888,53,57
3688,918,4.67,53,463
3689,266,1.1675,53,161
3690,721,3.2748,52,227
3691,820,3.9726,58,689
3692,1141,5.729,55,87
3693,824,4.1239,63,699
3694,973,5.3595,59,581
3695,880,4.6204,49,699
3696,321,1.3459,47,99
3697,777,3.6244,49,584
3698,1417,7.1849,73,937
3699,118,0.4652,41,107
3700,328,1.3896,61,251
3701,174,0.7265,46,151
3702,122,0.4802,39,86
3703,118,0.4844,53,66
3704,245,1.0019,55,89
3705,293,1.2409,62,74
3706,65,0.2662,43,54
3707,614,2.7185,76,574
3708,218,0.9181,43,118
3709,251,1.1146,47,188
3710,147,0.5967,46,44
3711,976,4.7851,53,183
3712,537,2.4052,66,401
3713,199,0.8106,62,126
3714,2263,11.3912,62,400
3715,950,4.7091,62,257
3716,425,1.9019,63,171
3717,118,0.5016,43,111
3718,448,1.9123,60,409
3719,638,2.9675,52,118
3720,420,1.9115,46,273
3721,840,4.2679,62,70
3722,779,3.6059,53,409
3723,369,1.6648,50,356
3724,595,2.5795,50,174
3725,539,2.5073,57,231
3726,668,2.9538,59,486
3727,432,1.7927,64,294
3728,557,2.5184,48,499
3729,327,1.5285,55,281
3730,750,3.619,62,389
3731,718,3.2062,51,230
3732,89,0.3525,35,34
3733,258,1.0941,52,221
3734,618,2.7113,50,190
3735,1076,5.4094,59,1025
3736,1026,4.9294,56,769
3737,634,3.1649,51,224
3738,410,1.8026,52,170
3739,275,1.1647,46,121
3740,501,2.2969,65,319
3741,500,2.1865,56,287
3742,674,2.9379,72,656
3743,1448,7.2923,72,1216
3744,474,2.2795,56,201
3745,992,4.8348,68,326
3746,1150,5.5976,60,128
3747,475,2.3652,51,219
3748,252,1.0333,74,139
3749,336,1.429,47,328
3750,899,4.222,50,736
3751,564,2.6567,60,231
3752,277,1.1747,41,53
3753,950,4.9791,69,69
3754,3990,20.7002,106,513
3755,487,2.2059,74,236
3756,2083,11.233,57,937
3757,666,3.2104,49,43
3758,853,4.3859,68,696
3759,557,2.4549,73,179
3760,2010,10.0879,72,1272
3761,1089,5.732,71,297
3762,538,2.3873,65,529
3763,602,2.6641,67,52
3764,47,0.1899,30,40
3765,418,1.7933,46,84
3766,1017,5.0125,71,224
3767,281,1.2792,50,228
3768,98,0.3911,56,83
3769,194,0.8021,39,191
3770,1295,6.7255,66,142
3771,538,2.8166,83,401
3772,850,4.4801,59,754
3773,512,2.3782,57,278
3774,603,2.7869,54,128
3775,138,0.5816,50,118
3776,717,3.3777,75,701
3777,841,4.5221,65,427
3778,197,0.8033,53,102
3779,140,0.5882,46,90
3780,543,2.8364,52,532
3781,85,0.3401,49,26
3782,68,0.268,40,46
3783,539,2.421,62,489
3784,1214,6.0525,65,962
3785,557,2.6416,87,212
3786,2931,15.259,76,102
3787,65,0.2583,34,44
3788,452,2.116,45,369
3789,2930,15.3072,76,102
3790,3190,16.3845,73,1304
3791,1818,9.3736,61,281
3792,147,0.5973,46,135
3793,1100,5.4356,61,155
3794,212,0.9176,59,139
3795,534,2.3394,57,279
3796,2241,11.5201,63,501
3797,67,0.2755,38,54
3798,991,4.8688,56,114
3799,541,2.5878,57,536
3800,297,1.2629,48,117
3801,2029,9.98,72,1290
3802,1035,5.1429,71,297
3803,720,3.3492,73,291
3804,538,2.3742,64,515
3805,214,0.9221,54,55
3806,750,3.8672,71,543
3807,1355,6.6166,79,898
3808,751,3.4958,66,555
3809,764,3.4378,51,359
3810,326,1.5151,42,147
3811,1083,5.416,48,1032
3812,469,2.0681,53,418
3813,386,1.6342,73,239
3814,405,1.7773,52,197
3815,512,2.1991,49,63
3816,1046,5.1909,71,297
3817,136,0.584,49,82
3818,993,5.0801,71,297
3819,585,2.7738,64,562
3820,889,4.2886,76,404
3821,1789,9.0118,66,1733
3822,644,2.9796,62,642
3823,416,1.8304,61,394
3824,130,0.521,36,72
3825,570,2.5037,75,554
3826,279,1.2566,45,135
3827,978,4.7161,68,813
3828,250,1.0742,49,113
3829,154,0.6466,68,82
3830,529,2.354,57,522
3831,1064,5.2335,59,538
3832,1293,6.5066,86,211
3833,1980,10.1544,56,1089
3834,898,4.5421,71,532
3835,46,0.1833,36,34
3836,2737,13.9205,76,102
3837,3580,18.9346,63,3128
3838,914,4.5292,82,894
3839,202,0.8537,53,91
3840,63,0.2772,35,24
3841,189,0.9407,39,187
3842,73,0.2906,41,69
3843,1367,6.818,64,138
3844,447,2.1883,52,141
3845,952,4.5522,71,86
3846,7906,41.4357,85,7227
3847,71,0.3063,36,58
3848,141,0.6105,48,117
3849,571,2.6061,75,555
3850,77,0.3218,42,69
3851,513,2.3954,54,380
3852,618,2.8549,61,523
3853,135,0.5476,38,114
3854,1965,9.9885,56,1089
3855,1323,6.7353,65,1071
3856,1146,5.9417,58,1055
3857,3140,16.2559,76,102
3858,771,3.7165,69,475
3859,90,0.4162,46,70
3860,109,0.4284,44,108
3861,555,2.5406,54,528
3862,2738,14.0046,76,102
3863,604,2.9252,61,385
3864,243,1.012,46,214
3865,869,4.0337,71,771
3866,219,0.9141,47,40
3867,1560,7.7622,66,878
3868,1845,9.2804,61,281
3869,1265,6.7698,67,387
3870,732,3.6275,73,699
3871,98,0.3929,38,62
3872,139,0.5523,50,109
3873,818,4.0662,55,725
3874,405,1.7379,73,240
3875,95,0.3781,47,51
3876,230,0.9695,45,222
3877,90,0.3615,42,53
3878,264,1.1913,42,241
3879,729,3.3505,73,300
3880,923,4.5257,62,754
3881,832,3.7737,69,493
3882,62,0.2979,45,59
3883,123,0.4847,54,99
3884,814,3.9599,60,226
3885,957,4.7886,56,114
3886,649,2.9835,76,273
3887,152,0.6189,52,140
3888,782,3.7147,54,131
3889,363,1.5939,49,79
3890,490,2.3147,50,432
3891,2173,10.9666,67,331
3892,573,2.6996,52,262
3893,551,2.6114,50,455
3894,103,0.5077,41,84
3895,1149,5.6249,58,44
3896,926,4.5545,63,312
3897,1542,7.7669,76,273
3898,1345,6.7926,68,693
3899,861,4.8454,72,142
3900,966,4.9753,54,280
3901,459,2.1408,54,52
3902,125,0.5185,50,56
3903,214,0.8792,76,99
3904,1836,9.0394,79,280
3905,686,3.1264,52,262
3906,564,2.4523,73,503
3907,1919,9.6336,57,1192
3908,1548,8.6852,68,1538
3909,1035,5.5547,72,739
3910,135,0.5533,52,88
3911,153,0.6217,45,111
3912,785,3.7317,55,414
3913,130,0.5138,48,123
3914,920,4.4103,63,393
3915,1944,9.7712,63,1631
3916,3735,19.2697,68,859
3917,150,0.747,44,69
3918,251,1.1043,49,109
3919,1570,8.1472,78,923
3920,2075,10.7084,59,1463
3921,809,4.1048,69,470
3922,1497,7.4575,68,1487
3923,188,0.7854,53,104
3924,74,0.3052,35,40
3925,1622,8.5276,87,843
3926,1966,10.0349,87,1153
3927,692,3.169,60,524
3928,1316,6.6443,69,979
3929,181,0.7744,43,154
3930,60,0.2397,31,59
3931,846,4.3642,79,802
3932,282,1.2402,52,145
3933,943,4.9948,62,554
3934,1552,8.1415,79,933
3935,569,2.5857,59,217
3936,85,0.3372,37,72
3937,522,2.3715,54,98
3938,2142,10.9507,77,199
3939,1159,5.6305,63,785
3940,800,3.8102,69,470
3941,336,1.57,49,53
3942,1169,5.7606,71,871
3943,474,2.168,54,52
3944,467,2.0417,49,357
3945,961,4.5404,54,871
3946,1121,5.5979,83,187
3947,117,0.477,54,61
3948,318,1.3444,63,143
3949,2793,15.0367,87,1153
3950,123,0.551,49,80
3951,1937,9.8344,57,1169
3952,1656,8.4909,87,843
3953,480,2.1076,59,192
3954,870,4.3224,58,164
3955,57,0.2596,42,44
3956,1035,5.6294,59,496
3957,99,0.3931,47,60
3958,1286,6.433,64,281
3959,1052,5.2716,54,889
3960,1418,7.0528,69,1112
3961,4744,24.6076,65,1280
3962,1276,6.4393,65,959
3963,1384,6.9648,72,1155
3964,974,5.2554,54,884
3965,1950,10.1814,63,1637
3966,115,0.507,50,39
3967,107,0.423,37,74
3968,374,1.6745,73,371
3969,854,4.05,58,737
3970,315,1.4453,60,137
3971,2019,10.1606,70,408
3972,136,0.6154,42,78
3973,715,3.5482,68,209
3974,2461,12.606,79,1916
3975,728,3.4349,50,54
3976,534,2.2992,72,305
3977,512,2.1933,54,262
3978,1152,5.7372,69,979
3979,2555,12.9214,68,555
3980,554,2.6735,57,158
3981,509,2.2188,42,396
3982,1226,6.1547,65,974
3983,983,5.0718,78,923
3984,732,3.4476,70,533
3985,1897,9.8495,77,1598
3986,138,0.5655,53,40
3987,944,4.4717,60,639
3988,479,2.2218,54,52
3989,463,2.0577,49,357
3990,70,0.2943,38,47
3991,58,0.2389,31,51
3992,943,4.6205,83,158
3993,783,3.622,53,447
3994,606,2.6902,62,169
3995,1410,7.2517,74,1363
3996,582,2.8261,50,486
3997,129,0.5483,50,127
3998,2520,13.2284,74,726
3999,547,2.4635,46,423
4000,710,3.6603,73,281
4001,1632,8.0767,87,843
4002,54,0.2123,33,46
4003,2799,14.3391,87,1153
4004,2516,13.6496,68,555
4005,878,4.4216,64,646
4006,126,0.5254,61,49
4007,990,4.9428,76,644
4008,209,0.8661,45,64
4009,521,2.2331,55,315
4010,568,2.4581,73,45
4011,597,2.6253,60,563
4012,3030,15.6862,65,1257
4013,2455,12.6984,67,1136
4014,912,4.6155,63,385
4015,800,4.0347,54,168
4016,1504,7.3267,87,881
4017,155,0.6359,41,66
4018,1009,4.8205,60,724
4019,187,0.7623,50,166
4020,387,1.6462,46,136
4021,366,1.5581,52,100
4022,1675,8.1144,79,280
4023,97,0.3884,53,76
4024,2036,10.4129,64,1992
4025,865,4.4853,71,567
4026,205,0.8768,58,62
4027,2036,10.2997,64,1992
4028,1502,7.6978,76,273
4029,2020,10.2332,64,1976
4030,890,4.7628,70,365
4031,361,1.6917,73,358
4032,2037,10.404,64,1993
4033,122,0.5098,49,65
4034,268,1.1204,51,139
4035,104,0.4282,47,97
4036,1181,5.8437,68,529
4037,450,2.1413,57,313
4038,1301,6.3786,65,1050
4039,1644,8.5814,63,229
4040,781,3.8766,54,131
4041,5131,26.5132,63,3624
4042,486,2.1886,54,52
4043,143,0.6017,44,113
4044,571,2.6765,62,561
4045,2307,11.7232,79,1916
4046,1261,6.2808,79,804
4047,972,5.0062,83,187
4048,309,1.5214,53,254
4049,95,0.3745,50,93
4050,188,0.7836,38,129
4051,1782,9.7233,56,1398
4052,708,3.7177,55,507
4053,674,3.1044,52,262
4054,138,0.5836,44,96
4055,623,2.9322,60,589
4056,544,2.3,46,67
4057,2459,12.4053,85,728
4058,942,4.8099,64,219
4059,2762,14.1511,68,79
4060,1872,10.3464,57,1169
4061,1857,9.4348,73,1305
4062,1554,8.4274,69,1248
4063,899,4.8083,85,293
4064,154,0.6316,57,152
4065,96,0.4002,54,77
4066,3579,18.6111,63,3128
4067,280,1.3153,46,252
4068,122,0.497,65,82
4069,1121,5.4408,69,784
4070,525,2.3112,52,315
4071,324,1.4323,56,78
4072,115,0.4759,37,101
4073,600,2.6217,58,257
4074,2396,12.0368,82,1553
4075,162,0.7826,46,141
4076,2021,10.2397,64,1977
4077,1134,5.724,72,905
4078,215,0.9865,59,184
4079,736,3.3536,59,366
4080,2020,10.0194,64,1976
4081,982,5.2842,78,923
4082,165,0.6793,46,148
4083,2017,10.1979,64,1973
4084,501,2.2845,51,53
4085,2083,10.9596,59,1463
4086,2797,14.3208,73,1445
4087,4733,24.5229,65,1280
4088,756,3.5762,53,251
4089,445,2.0566,60,416
4090,413,1.7476,66,277
4091,5116,26.3424,63,3602
4092,1499,7.8572,68,734
4093,4101,21.0493,63,4061
4094,5135,27.0068,63,3620
4095,1915,9.9549,63,1603
0,775,3.808,58,208
1,89,0.3511,37,84
2,2719,13.8209,67,2022
3,1867,10.0098,57,1776
4,966,5.1239,61,923
5,781,4.1784,67,151
6,344,1.6532,47,56
7,835,4.104,58,88
8,2037,10.104,74,1691
9,401,1.6912,57,258
10,2177,10.8719,245,577
11,447,2.006,62,239
12,669,3.1769,55,572
13,280,1.2437,46,252
14,1877,9.7592,61,1696
15,524,2.5207,48,214
16,286,1.3621,49,213
17,341,1.4426,50,340
18,397,1.771,57,245
19,636,2.9938,49,172
20,1300,6.6049,69,1249
21,3322,17.0747,63,1433
22,466,2.3935,51,446
23,1156,5.8076,74,817
24,635,3.1242,60,192
25,1698,8.378,63,283
26,1242,6.1809,63,1003
27,1482,7.701,64,1439
28,520,2.7146,59,426
29,1191,5.7851,68,158
30,41,0.161,22,38
31,1135,5.745,64,284
32,1351,6.8716,71,693
33,157,0.7924,50,91
34,460,2.0156,49,83
35,487,2.3102,46,71
36,546,2.6507,52,336
37,2347,12.2055,71,1833
38,352,1.5704,54,71
39,1978,10.0331,59,357
40,164,0.6824,39,136
41,653,2.875,57,234
42,951,4.8187,58,394
43,884,4.4096,63,865
44,218,0.9028,46,113
45,1243,6.0681,79,277
46,1577,7.9909,70,1108
47,1229,6.2066,60,485
48,148,0.614,41,84
49,607,3.0887,48,250
50,2195,11.0347,63,397
51,379,1.6445,46,215
52,175,0.8495,50,138
53,996,5.169,69,452
54,1449,7.7385,69,91
55,747,3.8866,59,231
56,360,1.6816,49,126
57,544,2.6605,55,43
58,626,2.7827,55,82
59,1671,8.5717,66,1163
60,1008,5.3071,59,78
61,1631,8.3729,74,926
62,1337,7.1588,60,1075
63,1723,9.1325,56,1612
64,216,0.9908,58,130
65,500,2.5594,57,320
66,911,4.2819,68,904
67,356,1.5222,44,174
68,145,0.7234,50,126
69,77,0.3261,41,69
70,41,0.156,40,40
71,41,0.1572,35,39
72,610,2.6759,61,295
73,541,2.3169,52,517
74,913,4.4598,55,235
75,2600,13.2538,75,1476
76,267,1.1581,60,189
77,253,1.0902,52,213
78,1470,7.2489,69,286
79,651,3.3836,44,402
80,526,2.3005,57,301
81,694,3.2237,67,409
82,12,0.0595,17,11
83,33,0.1224,33,30
84,529,2.3124,53,384
85,659,3.0653,64,314
86,2024,10.006,62,92
87,88,0.4006,37,85
88,4219,21.8229,69,3564
89,460,2.1354,52,119
90,144,0.7009,42,110
91,617,2.6671,75,326
92,145,0.5815,49,62
93,1896,9.5783,57,1169
94,643,2.9046,52,113
95,256,1.083,61,218
96,1584,8.0543,74,494
97,638,2.8257,77,296
98,1654,8.4637,80,133
99,723,3.4896,69,353
100,1070,5.3695,54,489
101,159,0.6469,44,54
102,1032,5.2013,61,668
103,391,1.8403,79,386
104,887,4.4077,58,426
105,155,0.6317,47,70
106,1694,8.4097,65,812
107,835,4.5429,61,305
108,556,2.7196,53,130
109,130,0.5802,55,75
110,1040,5.628,56,641
111,352,1.681,53,73
112,823,4.2052,69,493
113,179,0.8286,49,88
114,1577,9.1578,97,376
115,62,0.2559,39,60
116,30,0.1232,22,29
117,29,0.1176,30,22
118,12,0.0538,14,11
119,12,0.0491,14,11
120,620,3.1023,68,127
121,164,0.6675,63,141
122,132,0.5192,59,119
123,186,0.7719,55,121
124,186,0.7737,55,121
125,152,0.6222,40,141
126,152,0.6147,40,141
127,254,1.0848,53,67
128,254,1.0703,53,67
129,254,1.0687,53,67
130,266,1.1162,53,189
131,266,1.1092,53,189
132,64,0.2982,30,62
133,64,0.2442,30,62
134,105,0.416,41,51
135,105,0.4263,41,51
136,106,0.4703,50,71
137,106,0.4458,50,71
138,137,0.5618,47,64
139,137,0.6287,47,64
140,258,1.0669,52,133
141,258,1.0781,52,133
142,378,1.6022,62,127
143,368,1.5545,53,263
144,1877,9.3864,69,497
145,557,2.7343,45,312
146,288,1.2645,56,104
147,1602,8.0709,76,290
148,948,4.842,54,646
149,549,2.4083,65,212
150,741,3.2883,56,664
151,110,0.4495,43,87
152,12346,65.241,69,9422
153,178,0.7563,44,129
154,741,3.3602,57,91
155,2552,13.4376,61,657
156,3124,16.4815,60,3090
157,1913,9.7359,70,921
158,2861,14.7456,85,172
159,474,2.2238,59,324
160,1716,8.6321,59,536
161,2180,11.1582,65,1982
162,353,1.6062,61,106
163,2463,12.2691,68,1575
164,458,2.2701,60,427
165,249,1.0619,39,81
166,406,1.715,53,267
167,366,1.5309,57,85
168,298,1.274,43,130
169,370,1.6939,62,132
170,575,2.5015,51,509
171,324,1.3622,48,66
172,828,4.0721,62,116
173,542,2.7806,57,390
174,327,1.3836,44,165
175,154,0.7842,45,145
176,477,2.2281,60,61
177,574,2.945,44,571
178,3098,15.6487,65,470
179,643,3.1688,62,570
180,298,1.3276,59,296
181,893,4.2928,58,888
182,454,2.1259,55,82
183,52,0.2012,34,48
184,417,1.7764,54,317
185,925,4.4281,58,247
186,64,0.2713,31,62
187,1202,6.4002,67,95
188,399,1.7978,65,349
189,417,1.791,55,357
190,579,2.572,61,345
191,205,0.8582,56,86
192,1048,5.2166,64,459
193,214,0.878,40,125
194,209,0.8578,46,63
195,399,1.7018,48,90
196,858,4.4665,73,423
197,885,4.3542,64,397
198,332,1.5477,52,179
199,510,2.3811,62,277
200,256,1.0774,43,41
201,271,1.1544,51,250
202,494,2.1474,54,158
203,719,3.1573,54,238
204,406,1.9091,53,354
205,2060,10.525,70,1282
206,319,1.4671,45,93
207,509,2.1912,55,507
208,276,1.198,52,82
209,258,1.1029,44,52
210,1116,5.3639,58,135
211,502,2.3616,54,457
212,152,0.6372,45,143
213,590,2.5135,70,341
214,477,2.3835,48,476
215,962,4.7597,65,793
216,463,2.2459,53,161
217,724,3.9694,58,53
218,508,2.4133,57,454
219,497,2.366,43,33
220,1193,6.458,63,638
221,398,2.0121,50,265
222,488,2.1122,66,146
223,290,1.2106,57,54
224,1103,5.501,51,80
225,93,0.4603,43,51
226,245,1.0613,50,194
227,613,2.9172,54,539
228,504,2.4416,51,95
229,440,2.0982,53,67
230,395,1.891,42,103
231,235,1.0033,49,55
232,121,0.4833,44,70
233,82,0.5109,46,79
234,26,0.1355,23,20
235,116,0.5741,47,112
236,253,1.0971,63,83
237,48,0.1859,36,44
238,488,2.376,67,248
239,410,1.917,62,325
240,219,0.8835,47,46
241,477,2.2175,43,152
242,461,1.9728,50,112
243,2732,14.6223,72,342
244,738,3.4992,59,587
245,536,2.6313,46,359
246,1303,6.2452,69,1237
247,366,1.7358,52,278
248,427,1.8525,49,354
249,439,1.9834,49,298
250,473,2.0297,48,75
251,947,4.9614,74,206
252,513,2.4495,58,343
253,177,0.7383,44,90
254,414,1.9172,57,251
255,1028,5.0398,71,912
256,532,2.3727,59,175
257,367,1.5704,50,363
258,534,2.6029,60,153
259,915,4.3456,54,83
260,154,0.6495,47,51
261,441,1.9399,60,399
262,193,0.7831,51,84
263,785,3.4305,62,64
264,461,2.0021,45,370
265,322,1.36,56,163
266,208,0.8529,40,201
267,213,0.9261,48,73
268,444,1.9015,55,432
269,261,1.1618,54,87
270,317,1.3205,52,245
271,983,4.6084,61,52
272,238,0.9912,51,192
273,867,4.2573,67,69
274,510,2.5951,53,137
275,84,0.3318,47,50
276,308,1.3148,50,103
277,371,1.7656,54,241
278,543,2.4115,49,225
279,1572,7.7086,67,216
280,46,0.2333,38,36
281,589,2.7427,70,447
282,425,1.9033,56,258
283,257,1.0836,56,90
284,362,1.5905,43,161
285,341,1.4401,47,328
286,88,0.351,52,87
287,436,2.032,47,400
288,582,2.5183,71,123
289,602,2.5902,63,305
290,339,1.5034,49,317
291,393,2.0064,67,85
292,1098,5.6808,68,388
293,485,2.436,60,140
294,969,4.7936,54,283
295,876,4.4073,49,708
296,103,0.4359,55,54
297,223,0.9373,42,106
298,1810,8.8636,75,459
299,90,0.4536,39,77
300,220,0.9176,47,19
301,187,0.7683,53,79
302,420,1.8287,46,221
303,636,3.131,44,275
304,770,3.5206,51,303
305,515,2.2848,52,94
306,1983,10.0088,70,1682
307,100,0.4397,43,41
308,157,0.765,55,55
309,219,0.9114,56,156
310,139,0.576,50,105
311,71,0.2753,38,64
312,2225,11.0239,59,2092
313,97,0.3696,48,95
314,307,1.4793,47,236
315,566,2.7039,60,359
316,257,1.3604,46,33
317,512,2.2296,48,237
318,229,1.0161,44,113
319,263,1.1654,43,207
320,1621,8.4734,80,1124
321,553,2.6233,57,95
322,225,0.984,46,69
323,1354,6.6459,58,100
324,257,1.3315,42,88
325,124,0.4988,48,56
326,137,0.5392,45,64
327,175,0.7169,52,86
328,187,0.7618,37,184
329,209,0.8617,50,64
330,214,1.0504,41,33
331,377,1.6178,39,144
332,377,1.624,45,376
333,643,3.1188,49,641
334,718,3.1785,54,703
335,379,1.8315,63,240
336,411,1.928,57,202
337,553,2.4398,66,411
338,131,0.5306,47,55
339,308,1.2869,58,121
340,75,0.317,41,74
341,76,0.3266,47,75
342,440,2.1873,50,203
343,443,1.8348,54,46
344,342,1.4894,43,341
345,1888,9.8164,59,167
346,658,3.3883,74,380
347,41,0.2013,46,40
348,135,0.545,51,87
349,193,0.8249,48,57
350,1427,7.0982,61,1355
351,106,0.4526,36,53
352,522,2.6869,59,454
353,257,1.0952,52,61
354,384,1.6686,57,230
355,511,2.2068,68,138
356,436,1.9262,51,241
357,759,3.6643,73,697
358,680,3.1347,61,301
359,207,0.848,61,137
360,463,2.0445,56,267
361,114,0.4569,42,46
362,577,2.6081,61,94
363,263,1.1252,48,118
364,56,0.2237,63,53
365,1963,9.9045,58,1599
366,698,3.3523,59,532
367,446,1.9352,66,296
368,2225,11.4007,57,2018
369,374,1.8031,54,221
370,614,2.7574,61,231
371,377,1.8595,51,90
372,451,1.9278,55,357
373,450,2.2574,55,357
374,451,2.0769,55,357
375,463,2.0269,64,368
376,421,1.7386,43,389
377,156,0.8029,42,76
378,340,1.4501,51,196
379,650,2.8645,67,173
380,285,1.2081,50,103
381,307,1.2956,69,52
382,173,0.7057,51,79
383,116,0.4636,51,48
384,174,0.8296,59,101
385,127,0.5014,42,115
386,113,0.4768,50,72
387,113,0.4603,51,50
388,578,2.588,70,220
389,568,2.6504,75,225
390,575,2.4761,80,219
391,2704,13.883,81,2198
392,503,2.1777,63,501
393,333,1.4193,53,256
394,333,1.4336,53,256
395,587,2.8302,82,140
396,1225,6.1411,70,768
397,434,2.4363,58,146
398,357,1.5452,48,165
399,531,2.6546,52,503
400,722,3.2552,51,598
401,164,0.6634,56,137
402,589,2.6896,66,161
403,362,1.5523,49,75
404,366,1.6849,69,286
405,391,1.7477,57,111
406,382,1.8275,52,216
407,1162,6.1401,57,561
408,1780,9.0852,68,852
409,495,2.3547,59,460
410,846,4.1327,55,516
411,545,2.6863,52,63
412,57,0.2278,42,28
413,337,1.4276,45,109
414,236,0.9884,41,234
415,379,1.611,51,52
416,1177,5.7946,52,1106
417,656,3.0963,59,466
418,113,0.4647,47,88
419,787,3.7419,78,301
420,185,0.7727,40,54
421,190,0.78,48,115
422,464,1.982,46,141
423,247,1.042,43,230
424,455,2.1257,46,452
425,154,0.6253,41,50
426,623,2.9233,59,613
427,1098,5.3052,54,935
428,942,4.8177,64,219
429,142,0.5733,48,84
430,142,0.7134,44,72
431,662,3.0171,57,294
432,418,1.8636,73,306
433,495,2.088,73,272
434,428,1.8033,50,192
435,450,1.9283,62,295
436,428,1.8092,74,171
437,494,2.0913,58,195
438,354,1.7591,60,254
439,253,1.0915,58,122
440,402,1.7022,59,330
441,2145,10.8532,82,2136
442,568,2.797,65,453
443,285,1.2404,59,130
444,469,2.0585,75,382
445,258,1.1018,56,190
446,487,2.0562,58,147
447,576,2.7823,57,219
448,542,2.364,57,254
449,91,0.37,36,49
450,764,3.4119,35,72
451,88,0.3523,40,48
452,419,1.7853,76,298
453,2147,10.8428,69,922
454,834,4.3722,66,683
455,202,0.9482,51,81
456,346,1.4464,61,131
457,688,3.1288,54,269
458,636,2.9508,80,368
459,2176,10.8076,79,769
460,351,1.7061,53,77
461,265,1.0993,45,41
462,91,0.3609,45,54
463,1336,6.6117,60,183
464,489,2.1754,46,180
465,854,3.8594,65,523
466,348,1.4839,51,213
467,491,2.0796,57,144
468,653,2.9664,53,448
469,1502,7.5589,65,1424
470,430,1.8613,62,380
471,141,0.567,43,94
472,377,1.6268,45,376
473,377,1.7628,39,144
474,1789,8.8313,63,930
475,634,3.248,54,172
476,652,2.8921,47,644
477,740,3.3763,66,346
478,711,3.4913,67,163
479,142,0.5843,46,50
480,283,1.3238,58,153
481,429,1.8071,48,235
482,884,4.2479,71,494
483,847,4.2879,64,577
484,198,0.8246,84,117
485,315,1.4117,56,202
486,1092,5.3246,64,914
487,44,0.1813,34,21
488,817,4.4425,50,759
489,790,3.9297,50,732
490,773,3.6551,51,595
491,1316,6.3446,55,465
492,1397,6.931,55,352
493,1071,5.4261,68,1039
494,964,4.8812,80,880
495,354,1.5399,52,265
496,183,0.7739,52,87
497,676,2.9814,49,71
498,558,2.4005,47,53
499,525,2.2611,49,203
500,280,1.3714,52,279
501,303,1.2661,58,213
502,1334,6.633,65,82
503,115,0.467,45,59
504,648,2.9397,63,466
505,1413,6.9659,74,445
506,845,4.3849,50,843
507,153,0.6488,43,106
508,179,0.7376,41,163
509,187,0.7527,53,180
510,180,0.7494,44,135
511,1096,5.3669,74,545
512,169,0.8794,45,53
513,605,2.8768,67,124
514,2555,12.9701,65,2063
515,2416,12.4284,56,650
516,464,2.368,78,97
517,543,2.4644,57,178
518,1266,6.4816,59,388
519,393,1.7745,56,131
520,1042,5.1,50,166
521,701,3.1755,58,312
522,740,3.6747,52,390
523,364,1.602,54,219
524,2039,10.3059,71,1818
525,338,1.4716,60,170
526,1047,5.3036,69,253
527,600,2.6965,72,302
528,185,0.7673,44,181
529,185,0.7628,48,108
530,888,4.2811,72,400
531,511,2.2388,68,59
532,921,4.7983,62,482
533,492,2.2517,52,327
534,64,0.3321,43,48
535,501,2.1467,54,71
536,1640,8.2055,58,760
537,509,2.351,61,435
538,1000,4.8175,65,528
539,1448,7.3109,68,1110
540,157,0.651,44,91
541,334,1.3949,49,312
542,374,1.5905,63,128
543,365,1.7848,46,154
544,238,1.0029,47,98
545,870,4.1314,62,243
546,353,1.4854,38,350
547,428,1.8074,69,91
548,731,3.5445,73,302
549,544,2.3692,62,138
550,747,3.2976,62,613
551,355,1.5328,46,336
552,806,3.6513,93,557
553,53,0.2162,40,52
554,557,2.728,62,77
555,783,3.8991,50,777
556,1463,7.2451,58,122
557,2030,10.3458,53,1373
558,377,1.6656,49,114
559,216,1.0882,52,209
560,355,1.5045,44,90
561,584,2.7974,68,193
562,484,2.285,58,169
563,449,2.075,65,335
564,273,1.2309,47,93
565,976,4.918,52,92
566,453,2.1996,52,244
567,507,2.3476,49,381
568,577,2.6169,52,370
569,1200,5.9383,62,1017
570,1356,6.8702,62,1173
571,132,0.5388,44,90
572,183,0.755,50,101
573,644,2.8647,62,642
574,703,3.3245,53,43
575,261,1.1203,38,245
576,986,4.942,67,817
577,572,2.6233,55,435
578,499,2.2258,56,381
579,265,1.1147,46,83
580,925,4.6559,46,77
581,129,0.5098,35,72
582,453,1.9223,52,374
583,667,3.1342,53,486
584,1326,6.631,60,192
585,545,2.4536,49,135
586,1405,6.9142,56,705
587,1209,5.9927,67,893
588,951,4.773,67,893
589,1591,7.9418,69,1321
590,626,3.3432,52,139
591,290,1.3145,61,96
592,515,2.397,60,459
593,223,1.0574,62,80
594,580,2.56,55,158
595,924,4.3226,60,668
596,511,2.4554,62,107
597,505,2.3222,61,477
598,498,2.1313,60,148
599,153,0.7318,63,71
600,3414,17.8603,80,1816
601,200,0.8751,45,138
602,1287,6.3888,64,478
603,582,2.9833,57,303
604,844,4.3609,64,821
605,313,1.5506,54,215
606,118,0.4981,47,62
607,447,2.1562,46,132
608,573,2.5508,56,468
609,175,0.7475,32,130
610,97,0.3999,42,46
611,379,1.6572,57,333
612,265,1.0926,64,95
613,402,1.7455,49,124
614,720,3.1483,60,66
615,1276,6.3362,58,1110
616,355,1.5142,62,99
617,398,1.7679,61,394
618,1398,6.9629,61,919
619,318,1.3596,52,83
620,437,1.8881,53,203
621,648,2.9187,51,265
622,328,1.3451,83,242
623,1130,5.5924,51,523
624,830,4.1231,71,440
625,509,2.2691,53,93
626,1251,6.12,67,551
627,354,1.4926,68,161
628,511,2.3287,45,37
629,314,1.3575,58,115
630,425,1.7814,60,155
631,1303,7.4323,73,434
632,136,0.6375,44,61
633,141,0.5808,49,126
634,356,1.6961,55,172
635,380,1.7478,47,206
636,356,1.545,49,337
637,386,1.5874,56,226
638,511,2.1809,55,268
639,210,1.0192,39,57
640,531,2.3337,58,225
641,400,1.7296,47,124
642,370,1.9849,59,112
643,701,3.27,62,59
644,1384,7.0641,72,1155
645,480,2.3447,53,252
646,3727,19.4337,73,70
647,565,2.6884,74,117
648,635,2.8296,57,465
649,315,1.3252,75,52
650,1595,8.3643,98,1017
651,800,4.0002,58,537
652,475,2.0889,75,51
653,756,3.294,69,386
654,58,0.2385,39,46
655,143,0.6631,48,87
656,298,1.2796,51,80
657,356,1.4974,70,102
658,955,4.8097,78,338
659,602,2.6692,61,466
660,1326,6.6307,79,1187
661,325,1.3841,51,52
662,322,1.6031,46,208
663,195,0.7896,47,177
664,91,0.361,47,90
665,1021,4.9601,53,164
666,417,1.8443,67,307
667,443,1.8985,59,440
668,250,1.0806,58,78
669,660,3.3398,73,72
670,724,3.3784,68,291
671,383,1.6592,56,89
672,543,2.4185,76,163
673,463,1.9514,60,318
674,692,3.4146,61,355
675,511,2.1955,59,351
676,897,4.3802,57,83
677,333,1.4457,79,103
678,991,4.8383,53,533
679,139,0.5758,38,108
680,112,0.4489,46,104
681,200,0.8154,50,147
682,550,2.46,74,272
683,460,2.127,48,459
684,1186,5.9197,60,1086
685,476,2.1302,53,152
686,160,0.6628,53,117
687,84,0.4039,45,76
688,84,0.3289,49,54
689,298,1.2471,45,220
690,315,1.2964,47,306
691,354,1.7202,45,207
692,697,3.1604,75,346
693,806,4.166,64,515
694,847,4.3958,63,98
695,310,1.5109,48,296
696,371,1.5475,64,175
697,426,1.7753,60,418
698,127,0.6388,40,109
699,569,2.4995,78,76
700,393,1.6248,58,91
701,108,0.4233,56,70
702,1505,7.5686,61,750
703,277,1.3036,41,53
704,397,1.6917,48,339
705,107,0.4876,55,58
706,1294,6.7435,64,1219
707,228,1.1087,52,192
708,268,1.2486,42,189
709,697,3.1958,61,305
710,607,2.8634,77,418
711,152,0.8072,52,140
712,458,1.975,52,41
713,607,2.635,58,410
714,1027,4.9889,67,216
715,181,0.7573,53,111
716,495,2.1607,45,491
717,520,2.2413,49,475
718,1138,5.6167,50,1132
719,548,2.5408,56,547
720,1369,6.6709,76,1142
721,221,1.0175,43,58
722,1639,8.2759,60,355
723,1319,6.6231,71,585
724,350,1.5557,50,325
725,1068,5.2604,62,543
726,402,2.1321,62,303
727,1534,7.9906,85,269
728,2516,12.6759,65,967
729,127,0.6375,35,89
730,148,0.6329,45,103
731,465,2.1583,55,75
732,471,2.038,54,307
733,766,3.7029,59,616
734,1003,4.9054,70,271
735,1270,6.1919,75,938
736,391,1.9529,66,127
737,1489,7.3723,64,1202
738,173,1.0985,78,54
739,339,1.4785,64,73
740,341,1.4617,44,122
741,1597,7.9207,61,35
742,377,1.5943,88,329
743,688,2.989,57,110
744,456,2.0321,48,353
745,1595,8.3864,68,827
746,878,4.4898,59,805
747,363,1.5824,55,337
748,123,0.5171,53,98
749,189,0.973,48,73
750,160,0.6711,57,69
751,680,3.0413,64,354
752,595,2.5807,70,581
753,1055,5.2615,74,598
754,3006,15.441,69,713
755,835,4.2517,66,499
756,618,2.9403,60,85
757,353,1.5162,53,184
758,1005,5.2693,62,377
759,297,1.4739,49,237
760,1715,9.1457,63,1242
761,533,2.5279,72,443
762,316,1.3913,45,256
763,249,1.037,41,92
764,249,1.0386,48,242
765,846,4.0656,77,767
766,407,1.7477,65,271
767,755,4.3922,60,328
768,591,2.8174,69,583
769,248,1.1231,39,194
770,142,0.6573,48,78
771,1704,9.2761,79,280
772,470,2.1647,53,152
773,467,2.238,73,232
774,1679,9.4002,50,538
775,443,2.1898,64,413
776,517,2.3937,63,376
777,491,2.3013,61,159
778,519,2.4374,60,128
779,476,2.1411,75,204
780,347,1.4704,48,273
781,642,2.7778,53,150
782,657,2.9967,53,54
783,687,3.2405,52,503
784,2839,14.977,62,2598
785,441,1.9213,59,183
786,973,4.7639,72,72
787,1102,5.3323,57,656
788,1680,8.6641,63,912
789,505,2.3925,65,445
790,520,2.2753,71,63
791,971,4.6499,61,169
792,268,1.2671,48,39
793,783,3.5582,67,478
794,602,2.8528,65,151
795,499,2.3508,59,411
796,488,2.3918,63,206
797,491,2.071,49,372
798,935,4.4729,57,386
799,509,2.3167,93,415
800,373,1.5376,53,119
801,272,1.1334,48,117
802,323,1.3676,57,77
803,452,1.9033,67,139
804,253,1.036,41,187
805,369,1.5717,47,47
806,419,1.9548,56,312
807,406,1.7205,51,49
808,214,0.9073,49,71
809,701,3.1095,50,380
810,715,3.4284,64,245
811,2249,11.8022,73,1796
812,373,2.3568,59,326
813,1028,5.4983,83,500
814,513,2.3354,46,511
815,507,2.2439,54,473
816,1027,5.002,71,825
817,5148,26.6819,62,189
818,879,4.5406,67,220
819,874,4.4118,68,825
820,1062,5.1851,62,92
821,254,1.0835,58,67
822,257,1.0742,50,188
823,228,0.9344,47,165
824,152,0.6239,58,129
825,918,4.6156,49,663
826,553,2.4081,48,303
827,880,4.1297,52,846
828,641,3.0098,64,150
829,1355,6.7513,61,1193
830,2132,11.1159,56,1503
831,183,0.7779,57,68
832,987,4.8184,58,194
833,1602,8.3609,72,1056
834,1302,6.7298,62,1128
835,995,5.0124,50,890
836,1991,10.2749,57,1961
837,592,2.8557,44,369
838,270,1.1551,53,92
839,93,0.388,45,36
840,65,0.3357,52,39
841,204,0.9155,52,97
842,500,2.1992,53,64
843,265,1.1191,49,115
844,130,0.5567,48,123
845,213,0.8604,56,209
846,141,0.6015,54,88
847,141,0.5688,41,86
848,143,0.5815,45,93
849,173,0.8078,41,110
850,188,0.7681,51,180
851,4640,24.2958,55,2748
852,71,0.2872,36,66
853,271,1.1768,56,96
854,157,0.6576,42,153
855,602,2.6761,55,368
856,309,1.2859,54,81
857,449,2.1207,56,365
858,548,2.5913,71,388
859,610,2.7184,54,419
860,1590,7.7962,64,150
861,1366,6.7498,73,142
862,113,0.5939,56,70
863,147,0.5842,62,133
864,58,0.2959,36,31
865,235,1.0043,44,126
866,236,0.9918,49,92
867,409,1.7406,56,152
868,377,1.7129,54,303
869,662,3.126,48,201
870,175,0.8908,42,98
871,377,1.6035,55,308
872,540,2.372,64,115
873,670,3.3042,63,431
874,785,3.7615,68,355
875,549,2.4387,65,425
876,354,1.4992,53,216
877,541,2.4241,68,442
878,193,0.7977,53,68
879,192,0.8174,43,68
880,304,1.249,72,270
881,731,3.5059,61,463
882,391,1.8801,59,168
883,540,2.4175,73,105
884,1107,5.5069,66,281
885,395,1.7334,49,234
886,394,1.6817,46,82
887,385,1.8606,56,82
888,181,0.7538,46,124
889,176,0.8482,46,131
890,262,1.1254,47,181
891,250,1.1741,52,46
892,311,1.3169,53,149
893,551,2.3802,62,388
894,717,3.3223,73,46
895,150,0.61,56,51
896,178,0.7364,46,89
897,153,0.6169,53,133
898,219,0.8986,44,64
899,342,1.6153,53,340
900,313,1.3141,51,129
901,482,2.3042,47,158
902,512,2.281,54,262
903,385,1.614,56,68
904,278,1.1855,46,276
905,71,0.335,44,49
906,456,1.9334,65,249
907,761,3.3624,53,41
908,362,1.5559,49,327
909,458,1.9684,53,150
910,263,1.1115,53,204
911,263,1.1152,57,235
912,281,1.198,49,77
913,87,0.4328,33,29
914,814,4.1662,60,226
915,892,4.8504,63,211
916,550,2.6098,63,211
917,1380,6.9444,79,1256
918,296,1.3773,68,162
919,191,0.7898,66,184
920,598,3.3021,68,270
921,175,0.7388,42,174
922,1407,7.3005,52,1014
923,1260,6.399,57,319
924,918,4.5038,49,172
925,217,0.9262,67,145
926,965,4.7662,58,525
927,863,4.8805,75,100
928,149,0.6079,36,101
929,667,3.1072,51,67
930,225,0.9261,50,104
931,400,2.0227,57,99
932,377,1.8799,56,311
933,399,1.6851,54,362
934,377,1.5955,46,138
935,636,2.9968,57,168
936,579,2.5158,67,505
937,185,0.7684,48,58
938,272,1.127,46,74
939,380,1.6197,51,330
940,746,3.4752,50,429
941,509,2.4468,59,196
942,1067,5.3924,62,1041
943,785,3.5842,57,448
944,922,4.4896,60,893
945,108,0.4315,40,80
946,155,0.8058,41,66
947,156,0.6311,42,105
948,156,0.6302,48,105
949,437,1.9045,84,283
950,193,0.8189,58,138
951,131,0.6699,49,101
952,141,0.5695,41,106
953,109,0.4328,42,70
954,1164,6.197,68,1156
955,171,0.7163,52,120
956,623,2.7844,60,589
957,328,1.5742,57,213
958,331,1.4221,56,155
959,193,0.8023,53,68
960,202,0.9007,49,197
961,118,0.4877,53,49
962,813,3.8987,56,544
963,394,1.9374,56,78
964,194,0.7866,54,119
965,325,1.3709,47,116
966,260,1.1428,56,67
967,440,1.9269,54,158
968,615,2.7805,55,432
969,277,1.1769,49,207
970,214,0.8781,50,97
971,545,2.3346,48,318
972,327,1.3821,58,113
973,1092,5.3901,61,1031
974,295,1.2571,50,235
975,357,1.5421,46,182
976,169,0.6723,44,60
977,396,1.6556,66,394
978,453,1.9355,52,444
979,422,1.8182,65,271
980,386,1.5731,70,368
981,313,1.3218,50,178
982,1125,5.6311,60,655
983,1399,6.9711,66,315
984,148,0.6679,50,121
985,360,1.6032,49,77
986,149,0.6669,56,106
987,597,2.7127,57,491
988,400,1.7888,64,124
989,519,2.3384,62,443
990,116,0.4604,44,114
991,909,4.429,85,704
992,888,4.4912,54,367
993,833,4.0825,80,391
994,705,3.3185,63,490
995,607,2.675,53,431
996,145,0.5978,49,102
997,705,3.3883,64,79
998,1074,5.374,72,122
999,197,0.9492,75,92
1000,197,0.8143,49,102
1001,161,0.7451,61,155
1002,493,2.0824,53,273
1003,336,1.3933,62,304
1004,774,3.9264,66,756
1005,1040,4.9951,79,90
1006,513,2.2975,53,181
1007,191,0.7791,44,179
1008,300,1.2612,45,206
1009,719,3.8644,71,456
1010,2130,10.6215,67,288
1011,624,3.199,69,619
1012,437,1.9387,49,324
1013,1352,7.1779,84,526
1014,2886,15.1558,63,146
1015,623,2.8836,56,250
1016,559,2.489,43,154
1017,789,3.5821,57,566
1018,541,2.4061,63,315
1019,1265,6.1221,70,1066
1020,523,2.385,48,151
1021,654,3.0268,62,402
1022,577,2.7021,56,405
1023,233,1.0326,56,82
1024,200,0.8409,52,94
1025,154,0.6099,51,152
1026,367,1.7565,52,142
1027,107,0.4261,42,61
1028,253,1.071,51,161
1029,332,1.4745,42,58
1030,508,2.6273,53,121
1031,377,1.6139,45,376
1032,668,3.0738,48,128
1033,93,0.3859,41,80
1034,270,1.1017,51,264
1035,211,0.8715,57,145
1036,149,0.6049,43,62
1037,151,0.6293,44,54
1038,155,0.6383,44,154
1039,176,0.8672,39,61
1040,144,0.584,34,104
1041,694,3.4396,61,606
1042,610,2.8762,58,194
1043,753,3.7016,51,466
1044,519,2.2154,66,92
1045,167,0.69,45,52
1046,250,1.1031,62,150
1047,148,0.6111,37,102
1048,1093,5.5871,54,71
1049,420,1.8097,53,384
1050,584,2.7661,58,432
1051,255,1.0989,52,128
1052,1035,5.1451,59,692
1053,416,1.8296,65,312
1054,338,1.7206,44,223
1055,563,2.7471,55,506
1056,358,1.6108,51,266
1057,257,1.0875,39,220
1058,497,2.3313,46,52
1059,227,0.9348,42,67
1060,147,0.5823,39,142
1061,1321,6.6125,60,914
1062,401,1.7607,52,98
1063,710,3.3151,67,93
1064,397,1.9041,67,282
1065,1127,5.8775,57,82
1066,2779,14.7549,68,79
1067,121,0.4982,47,91
1068,269,1.229,46,85
1069,167,0.6965,49,81
1070,196,0.8161,51,195
1071,698,3.4319,71,544
1072,448,2.7211,54,261
1073,385,1.8672,48,298
1074,246,1.0146,48,85
1075,121,0.4849,43,105
1076,410,1.746,65,108
1077,576,2.6684,48,328
1078,409,1.7839,50,162
1079,395,1.9725,59,55
1080,384,1.6546,67,52
1081,390,1.7091,53,370
1082,379,1.6657,62,54
1083,392,1.9425,48,167
1084,373,1.6117,54,141
1085,382,1.752,46,191
1086,382,1.6508,56,128
1087,372,1.7198,45,311
1088,370,1.6909,43,248
1089,415,1.7897,47,184
1090,396,1.7184,48,145
1091,391,1.7119,45,124
1092,183,0.7334,50,124
1093,101,0.4127,36,96
1094,154,0.776,58,50
1095,80,0.3323,50,63
1096,447,1.9126,45,98
1097,150,0.6181,55,99
1098,140,0.5822,48,113
1099,55,0.29,35,53
1100,495,2.1897,59,460
1101,161,0.6623,50,97
1102,378,1.5894,49,77
1103,398,1.7834,50,100
1104,398,1.9613,59,95
1105,403,2.0005,54,206
1106,380,1.6513,54,216
1107,399,1.779,57,211
1108,379,1.6834,57,247
1109,380,1.6576,49,249
1110,385,1.6849,51,192
1111,377,1.6549,50,199
1112,404,1.8463,67,64
1113,382,1.8599,46,220
1114,386,1.6895,56,190
1115,413,1.8089,48,206
1116,398,1.8669,49,165
1117,262,1.1739,46,178
1118,188,0.7721,43,186
1119,1014,5.1463,62,947
1120,93,0.3838,36,74
1121,72,0.2896,65,56
1122,43,0.174,27,42
1123,46,0.2227,43,43
1124,504,2.2559,62,492
1125,522,2.4179,66,467
1126,539,2.6473,54,483
1127,208,0.8613,61,109
1128,156,0.6523,41,48
1129,165,0.6837,37,154
1130,643,2.8465,49,641
1131,418,1.8114,46,214
1132,407,1.8685,51,368
1133,411,1.8183,51,400
1134,394,1.7099,46,224
1135,386,1.6823,61,194
1136,426,1.8493,53,289
1137,571,2.6289,50,468
1138,792,4.0134,56,533
1139,347,1.654,45,90
1140,672,3.3668,64,67
1141,357,1.665,45,279
1142,502,2.1529,63,409
1143,829,3.9885,70,613
1144,567,2.6973,48,282
1145,394,1.8242,56,300
1146,533,2.3158,46,511
1147,489,2.262,49,359
1148,375,1.6436,58,49
1149,457,2.2497,56,195
1150,407,1.7658,52,138
1151,420,2.1939,65,320
1152,452,1.9648,57,394
1153,470,2.085,56,39
1154,572,2.6039,66,342
1155,449,1.9142,61,123
1156,524,2.2571,50,148
1157,605,2.7242,53,489
1158,47,0.195,26,41
1159,390,1.9015,60,147
1160,377,1.6518,45,376
1161,141,0.5769,54,86
1162,109,0.4925,34,58
1163,104,0.5167,58,36
1164,125,0.4893,40,25
1165,387,1.6757,55,368
1166,388,1.9121,56,51
1167,54,0.2159,34,52
1168,273,1.1492,51,168
1169,2062,10.3537,70,621
1170,2073,10.6217,75,472
1171,414,1.8513,54,335
1172,487,2.2911,62,407
1173,253,1.0908,40,246
1174,1852,9.1645,58,1778
1175,383,1.692,43,204
1176,1375,7.1445,62,772
1177,162,0.6571,52,81
1178,744,3.7459,56,30
1179,1037,5.2051,73,743
1180,977,4.7827,62,494
1181,1643,8.3231,50,733
1182,340,1.9033,45,339
1183,941,4.7281,60,712
1184,1014,4.9853,60,960
1185,740,3.5684,56,53
1186,408,1.8283,52,375
1187,348,1.5379,48,82
1188,597,2.607,57,305
1189,752,3.7655,70,745
1190,218,0.9295,51,157
1191,263,1.1094,40,93
1192,322,1.5137,52,132
1193,281,1.1667,58,83
1194,373,1.6021,49,291
1195,2225,11.5529,73,2002
1196,668,3.0679,63,121
1197,2617,13.3964,64,1593
1198,1985,10.02,72,1887
1199,531,2.5233,51,418
1200,3713,19.2851,65,567
1201,1303,6.6676,64,787
1202,218,0.9096,47,135
1203,298,1.244,75,88
1204,1303,6.3566,53,1098
1205,445,1.9929,53,211
1206,2292,11.6992,58,2144
1207,225,0.9693,50,93
1208,196,0.7952,58,182
1209,206,0.864,51,143
1210,174,0.7177,43,172
1211,235,1.045,49,71
1212,728,3.4675,79,307
1213,1212,6.1125,69,951
1214,691,3.2342,54,100
1215,607,2.7327,62,135
1216,494,2.1584,45,386
1217,64,0.2562,45,36
1218,75,0.3256,48,39
1219,56,0.227,48,50
1220,73,0.3783,53,57
1221,683,3.095,59,77
1222,570,2.7322,52,413
1223,733,3.2133,72,235
1224,1254,6.2549,56,976
1225,1175,6.0722,70,1148
1226,1078,5.3523,79,755
1227,366,1.6347,70,320
1228,457,1.9622,64,89
1229,145,0.5744,86,117
1230,450,1.9011,74,294
1231,1157,5.583,62,957
1232,404,1.8293,49,388
1233,799,3.6847,55,419
1234,865,4.112,61,372
1235,472,1.9907,68,420
1236,472,2.0901,49,272
1237,501,2.2909,55,144
1238,427,1.9865,49,219
1239,769,3.5555,51,122
1240,1089,5.3687,60,211
1241,152,0.6804,44,27
1242,516,2.4204,72,303
1243,622,3.1843,57,93
1244,992,4.8315,59,696
1245,1201,6.4514,67,722
1246,250,1.1499,55,205
1247,701,3.417,84,132
1248,1694,8.4366,70,1118
1249,310,1.5017,58,97
1250,682,3.4143,55,113
1251,1478,7.3321,66,791
1252,465,2.219,56,322
1253,1030,5.0629,54,858
1254,430,1.9034,71,153
1255,809,3.9572,56,158
1256,767,3.4505,67,128
1257,788,3.8559,80,479
1258,400,1.9083,54,224
1259,724,3.2024,59,560
1260,303,1.3073,58,213
1261,502,2.118,57,197
1262,848,4.2855,52,797
1263,113,0.4442,40,98
1264,506,2.1928,40,150
1265,200,0.8229,55,129
1266,578,2.4479,60,471
1267,462,2.0765,50,461
1268,409,1.9266,52,74
1269,120,0.5979,40,98
1270,247,1.0168,60,236
1271,185,0.9505,55,118
1272,112,0.4657,53,71
1273,677,3.1276,44,479
1274,538,2.3528,54,447
1275,799,3.7722,49,181
1276,598,2.7726,55,597
1277,730,3.1762,60,173
1278,1428,7.1862,65,1307
1279,1164,6.2534,52,673
1280,522,2.369,49,231
1281,98,0.4187,47,55
1282,212,0.8871,45,208
1283,765,3.3947,55,298
1284,345,1.524,53,254
1285,582,2.6472,64,324
1286,141,0.6616,54,86
1287,497,2.311,57,394
1288,268,1.2737,48,160
1289,959,4.5764,67,183
1290,1458,7.1261,68,792
1291,1053,5.1801,52,397
1292,1549,7.5678,62,293
1293,451,2.1359,45,83
1294,819,4.2783,57,145
1295,691,3.32,61,257
1296,82,0.3723,36,81
1297,1332,6.7872,73,1131
1298,156,0.6495,46,70
1299,835,4.1048,63,634
1300,2017,10.1612,64,1973
1301,1040,5.277,63,517
1302,675,3.0544,71,359
1303,534,2.3813,53,83
1304,722,3.1342,54,314
1305,1455,7.4553,58,1423
1306,161,0.6809,44,107
1307,1855,9.8728,72,344
1308,710,3.4044,61,555
1309,1373,6.7624,76,273
1310,616,2.9428,57,517
1311,829,4.4126,64,384
1312,430,1.8782,52,317
1313,142,0.7176,40,141
1314,136,0.546,64,97
1315,1000,4.8677,61,72
1316,218,0.9089,57,133
1317,632,2.9735,55,409
1318,1179,6.0921,79,607
1319,1012,5.0509,53,333
1320,1036,5.2695,51,574
1321,67,0.2713,40,57
1322,293,1.6087,46,95
1323,739,3.7498,59,485
1324,889,4.5522,61,677
1325,453,1.9301,49,211
1326,675,3.1704,59,171
1327,906,4.2666,65,698
1328,1257,6.1542,49,96
1329,1039,5.3639,60,958
1330,214,0.8959,47,57
1331,214,0.9118,47,148
1332,310,1.3171,49,242
1333,324,1.3632,47,61
1334,181,0.8601,67,137
1335,263,1.1172,57,242
1336,962,4.7911,52,483
1337,399,1.7034,52,149
1338,411,1.8579,74,180
1339,627,2.8075,68,103
1340,90,0.3559,39,77
1341,916,4.4644,52,302
1342,1023,5.0044,60,273
1343,1060,5.3293,65,494
1344,335,1.5747,50,77
1345,579,2.6106,49,193
1346,371,1.5736,49,340
1347,402,1.9939,60,240
1348,602,2.6476,60,348
1349,724,3.3611,65,150
1350,940,4.667,53,478
1351,762,3.5215,57,534
1352,75,0.302,30,74
1353,77,0.3015,54,66
1354,227,0.9243,51,174
1355,326,1.4334,55,56
1356,1508,7.3914,75,1406
1357,619,2.7957,59,247
1358,461,1.9678,46,389
1359,905,4.6057,72,275
1360,250,1.0643,53,82
1361,640,2.9475,54,376
1362,577,2.5295,70,222
1363,680,3.1958,47,523
1364,229,0.9806,44,60
1365,209,0.8653,46,55
1366,191,0.8275,47,165
1367,881,4.3156,79,307
1368,229,1.0606,55,224
1369,476,1.9736,55,126
1370,899,4.4971,49,786
1371,851,4.4557,67,706
1372,1263,6.3433,90,454
1373,171,0.7019,53,120
1374,597,2.7911,59,447
1375,355,1.5754,59,52
1376,664,3.2832,58,224
1377,1147,5.7186,52,322
1378,718,3.4467,58,123
1379,179,0.7293,51,178
1380,545,2.57,69,195
1381,646,2.8794,76,634
1382,645,2.8345,62,539
1383,2517,12.9769,65,267
1384,390,1.7173,50,157
1385,666,3.5766,65,252
1386,3504,18.0409,62,3317
1387,89,0.3545,35,88
1388,1508,7.7928,53,122
1389,439,2.0101,53,238
1390,499,2.1393,49,106
1391,775,3.5309,54,287
1392,734,3.2491,52,55
1393,1003,4.8925,65,111
1394,439,1.9244,58,160
1395,446,2.0734,52,162
1396,450,1.9331,41,129
1397,132,0.5731,49,63
1398,900,4.4426,56,886
1399,725,3.4406,68,224
1400,397,1.6794,50,72
1401,1222,6.0414,61,1080
1402,105,0.4151,43,52
1403,426,1.76,62,39
1404,413,1.8191,50,144
1405,687,3.0202,59,89
1406,1028,5.4482,60,808
1407,770,3.7891,79,707
1408,360,1.6626,51,87
1409,702,3.1309,49,686
1410,53,0.2117,39,50
1411,496,2.1877,55,390
1412,107,0.4243,45,100
1413,998,5.4591,55,991
1414,538,2.5226,63,202
1415,973,4.768,76,156
1416,480,2.0941,57,142
1417,24,0.1119,20,12
1418,210,0.9141,38,178
1419,1109,6.1103,59,84
1420,1044,5.218,71,929
1421,846,4.4261,49,355
1422,66,0.2655,38,57
1423,1097,5.4094,69,822
1424,686,3.0463,61,394
1425,198,0.9705,53,172
1426,604,2.8663,57,174
1427,5128,26.7144,63,3620
1428,468,2.2817,62,186
1429,220,0.9569,52,51
1430,1332,6.5051,73,267
1431,513,2.2597,56,112
1432,383,1.6238,70,127
1433,450,2.0949,59,353
1434,220,0.9258,54,182
1435,394,1.6873,51,279
1436,1026,4.9294,65,744
1437,292,1.2692,48,117
1438,733,3.3925,55,446
1439,448,2.1066,47,447
1440,417,2.0714,66,48
1441,540,2.4336,56,361
1442,636,2.7652,56,351
1443,727,3.4599,66,665
1444,794,3.7814,56,642
1445,139,0.5837,53,63
1446,431,1.8446,55,116
1447,912,4.8055,78,426
1448,1557,7.7616,61,237
1449,125,0.5027,43,124
1450,1178,5.9037,52,340
1451,1294,6.9906,66,284
1452,436,2.0368,60,191
1453,475,2.3907,69,434
1454,313,1.3289,54,135
1455,454,2.0055,61,263
1456,155,0.6339,63,132
1457,136,0.5908,37,101
1458,867,4.5149,71,148
1459,521,2.5472,59,101
1460,425,1.9042,49,224
1461,279,1.1818,55,275
1462,400,1.7763,67,77
1463,337,1.399,50,95
1464,611,2.7954,61,241
1465,615,2.8392,55,432
1466,511,2.4303,48,456
1467,417,1.9218,75,294
1468,492,2.1606,43,269
1469,806,3.8472,58,632
1470,156,0.645,39,152
1471,505,2.1513,63,263
1472,153,0.6238,46,121
1473,1567,7.6962,66,1436
1474,1350,6.7471,69,90
1475,253,1.104,41,164
1476,433,1.8513,46,216
1477,502,2.3534,54,57
1478,800,3.7742,66,39
1479,507,2.3473,63,451
1480,505,2.4697,52,74
1481,680,2.955,54,241
1482,547,2.3583,46,423
1483,527,2.3632,50,451
1484,1146,5.8957,63,508
1485,227,0.9456,47,215
1486,304,1.2776,45,194
1487,571,2.7628,62,322
1488,225,1.1783,44,129
1489,401,1.6699,55,379
1490,168,0.6991,45,49
1491,554,2.892,64,500
1492,1263,6.3351,62,183
1493,1841,9.0811,73,1783
1494,1659,8.3901,75,1065
1495,396,1.8578,58,216
1496,1257,6.5589,67,700
1497,537,2.3941,62,118
1498,183,0.7631,61,133
1499,898,4.4616,52,453
1500,486,2.0698,64,333
1501,164,0.6622,50,98
1502,461,2.1389,52,442
1503,490,2.1055,66,447
1504,109,0.435,47,66
1505,235,0.9787,55,109
1506,963,4.9678,89,106
1507,179,0.7391,47,78
1508,151,0.6127,41,57
1509,187,0.7835,41,155
1510,277,1.1627,50,103
1511,591,2.7932,73,565
1512,626,2.9333,62,63
1513,1323,6.6528,65,127
1514,1450,7.5019,54,1405
1515,2768,14.3047,56,2603
1516,565,2.946,51,412
1517,1642,8.2342,75,276
1518,1239,6.3264,77,535
1519,1034,5.086,68,678
1520,187,0.7803,54,156
1521,1361,6.6161,70,1143
1522,73,0.3608,39,62
1523,1189,5.8866,52,98
1524,544,2.4189,49,126
1525,711,3.1079,68,524
1526,277,1.1703,55,250
1527,723,3.2323,66,496
1528,1046,5.2683,71,657
1529,915,4.536,52,139
1530,761,3.4611,54,706
1531,422,1.8446,70,157
1532,667,3.1187,77,111
1533,631,2.6486,48,548
1534,634,3.0924,64,220
1535,602,2.5394,54,158
1536,400,1.8257,64,358
1537,3219,16.9197,62,62
1538,191,0.9113,53,68
1539,1430,7.1768,63,991
1540,1526,7.4049,66,1213
1541,646,2.9382,63,450
1542,378,1.5589,51,296
1543,380,1.6401,46,329
1544,182,0.7605,50,133
1545,651,2.7995,60,69
1546,505,2.386,67,328
1547,324,1.3255,52,161
1548,731,3.3257,49,553
1549,161,0.6679,53,159
1550,541,2.346,47,321
1551,447,1.9005,69,95
1552,518,2.1903,57,342
1553,194,0.83,43,191
1554,477,2.3682,76,71
1555,227,0.9666,53,184
1556,388,1.6674,52,245
1557,331,1.3798,70,254
1558,1431,6.981,68,121
1559,68,0.2731,32,41
1560,272,1.1761,46,61
1561,500,2.3338,51,154
1562,337,1.4373,46,118
1563,127,0.5035,45,106
1564,222,0.9308,59,107
1565,405,1.7028,58,50
1566,344,1.5123,47,69
1567,98,0.3829,47,85
1568,419,1.7788,61,182
1569,395,1.7009,51,106
1570,190,0.8115,50,71
1571,1298,6.8191,76,800
1572,175,0.7298,41,37
1573,242,1.0226,55,57
1574,176,0.7191,43,62
1575,233,0.975,54,209
1576,370,1.6619,50,349
1577,167,0.6786,57,57
1578,118,0.4662,50,100
1579,565,2.8485,55,195
1580,224,1.1926,57,171
1581,317,1.4994,50,272
1582,631,2.7416,52,623
1583,327,1.4367,55,116
1584,385,1.7434,54,138
1585,785,3.5944,59,130
1586,392,1.9792,61,236
1587,255,1.0631,50,53
1588,198,0.9643,47,172
1589,336,1.6132,49,214
1590,165,0.6683,44,98
1591,389,1.6659,54,315
1592,424,1.8014,48,41
1593,359,1.4978,52,76
1594,381,1.6246,45,86
1595,390,1.9344,64,157
1596,355,1.5071,53,319
1597,206,0.8575,54,160
1598,306,1.3065,70,251
1599,434,2.0555,60,64
1600,922,4.2989,58,731
1601,730,3.5318,59,437
1602,1368,6.7217,69,113
1603,465,2.287,41,234
1604,795,3.7317,56,653
1605,686,3.2241,53,131
1606,927,4.8311,69,233
1607,654,3.3889,59,208
1608,650,2.8731,72,247
1609,801,4.4668,59,82
1610,663,2.933,66,371
1611,245,1.044,43,89
1612,553,2.4413,63,548
1613,632,2.9525,66,142
1614,274,1.1495,61,68
1615,237,0.9767,49,150
1616,476,2.0651,57,294
1617,304,1.3408,50,52
1618,366,1.539,49,196
1619,656,2.8734,62,294
1620,472,2.1325,51,192
1621,155,0.6402,56,152
1622,386,1.6647,49,309
1623,189,0.7859,48,38
1624,1487,7.3085,72,884
1625,1447,7.5728,63,1086
1626,713,3.36,63,514
1627,423,1.9023,52,112
1628,426,1.7829,57,327
1629,794,3.4634,63,67
1630,670,3.0866,51,537
1631,802,4.0464,56,519
1632,494,2.1407,56,483
1633,742,3.3161,53,397
1634,700,3.1418,52,299
1635,225,0.9267,55,76
1636,412,1.7945,50,91
1637,332,1.566,56,69
1638,1575,8.5274,71,252
1639,788,3.9689,63,211
1640,131,0.676,47,101
1641,522,2.2687,66,467
1642,128,0.5174,38,80
1643,632,2.8984,49,157
1644,1665,8.405,74,1034
1645,206,1.0255,39,132
1646,810,4.3347,56,710
1647,1067,5.4718,78,81
1648,600,3.1356,58,595
1649,1852,9.0932,68,530
1650,156,0.6466,47,99
1651,108,0.5657,43,100
1652,563,2.4576,54,321
1653,949,4.747,53,206
1654,183,0.7645,44,98
1655,483,2.1182,58,238
1656,2619,13.6762,73,968
1657,1884,9.5886,70,173
1658,102,0.4152,41,75
1659,109,0.4406,55,39
1660,1025,5.2922,73,280
1661,173,0.7278,53,152
1662,173,0.7115,53,152
1663,173,0.7343,53,152
1664,173,0.6946,53,152
1665,173,0.6953,53,152
1666,173,0.7074,51,152
1667,173,0.8149,53,152
1668,877,4.3497,54,666
1669,189,0.7744,44,107
1670,1002,5.0006,81,856
1671,928,4.6145,67,91
1672,334,1.4543,57,63
1673,1031,5.2657,66,186
1674,1235,6.0087,76,1080
1675,521,2.7931,60,92
1676,794,4.5167,66,123
1677,842,4.2317,49,110
1678,2078,10.7005,54,306
1679,749,4.4095,57,96
1680,868,4.6478,49,350
1681,1069,5.2942,64,194
1682,373,1.679,47,301
1683,811,3.7418,58,143
1684,1052,4.9566,62,814
1685,1215,6.5794,66,595
1686,1232,6.5667,67,489
1687,3242,16.816,74,925
1688,1198,6.2657,48,262
1689,111,0.4618,59,87
1690,971,4.9954,67,595
1691,496,2.1005,46,122
1692,2899,14.7979,66,1372
1693,976,4.8522,69,220
1694,999,5.0262,56,700
1695,671,3.0259,48,339
1696,600,2.9002,58,257
1697,611,2.7315,59,192
1698,1514,7.9406,77,1309
1699,4724,24.4261,65,1257
1700,102,0.4144,53,70
1701,203,0.8367,61,116
1702,515,2.5488,55,422
1703,149,0.9795,53,64
1704,201,0.832,38,125
1705,1163,6.0457,68,137
1706,326,1.4104,51,274
1707,1236,6.2605,63,260
1708,378,1.6008,62,127
1709,607,2.5821,57,398
1710,1252,6.0823,74,475
1711,389,1.8846,68,260
1712,461,1.9682,62,302
1713,355,1.7346,49,334
1714,1376,6.6707,67,1050
1715,884,4.4805,52,719
1716,759,3.7799,74,48
1717,658,3.1969,66,410
1718,991,5.0147,65,749
1719,3791,19.5909,57,3226
1720,556,2.5975,57,381
1721,45,0.1783,30,29
1722,558,2.4614,60,299
1723,645,2.8069,49,119
1724,631,3.0048,65,356
1725,564,2.3436,47,223
1726,158,0.6529,40,156
1727,835,4.078,48,417
1728,1194,6.0418,64,1193
1729,1011,5.063,66,810
1730,205,0.9323,58,62
1731,1193,5.8702,70,1186
1732,1263,6.4038,66,802
1733,220,0.9135,52,196
1734,413,2.1129,61,165
1735,409,1.9671,51,147
1736,582,2.7188,63,356
1737,424,2.0513,62,80
1738,291,1.2416,46,99
1739,653,3.0351,49,43
1740,405,1.998,59,61
1741,854,4.1996,62,215
1742,396,2.0401,56,98
1743,759,3.4577,55,32
1744,143,0.5749,43,93
1745,148,0.6044,51,83
1746,130,0.5271,46,46
1747,130,0.5422,41,46
1748,387,1.6723,45,59
1749,196,1.0557,50,128
1750,956,4.5537,86,457
1751,2717,13.9574,86,510
1752,612,2.8453,57,57
1753,1098,5.3336,57,1093
1754,343,1.5243,48,301
1755,846,3.8578,48,325
1756,642,3.1519,46,275
1757,233,1.0267,50,103
1758,209,0.8562,60,197
1759,1421,6.8458,70,152
1760,398,1.6929,51,255
1761,142,0.5911,45,53
1762,1849,9.0349,70,473
1763,1484,7.7555,61,271
1764,135,0.5519,45,38
1765,308,1.3195,53,55
1766,411,1.8261,50,304
1767,391,1.7279,56,136
1768,173,0.711,51,136
1769,516,2.2482,53,80
1770,2893,14.9729,68,813
1771,613,2.8576,48,368
1772,143,0.624,53,70
1773,450,2.161,46,417
1774,549,2.3105,75,410
1775,233,0.96,51,81
1776,122,0.4731,51,41
1777,994,4.7906,57,115
1778,160,0.6582,63,146
1779,939,4.5507,77,231
1780,183,0.8253,48,104
1781,367,1.5345,46,356
1782,372,1.8172,44,170
1783,224,0.9729,54,152
1784,566,2.4185,49,134
1785,567,2.4162,65,94
1786,339,1.5337,53,148
1787,2091,10.9154,62,1505
1788,184,0.7621,52,171
1789,1258,6.1935,65,1142
1790,1466,7.4296,73,978
1791,276,1.2778,47,102
1792,1084,5.3113,63,1081
1793,734,3.6743,60,169
1794,1441,7.4945,75,809
1795,289,1.2614,52,203
1796,342,1.4628,50,308
1797,526,2.3929,50,145
1798,313,1.4515,58,263
1799,912,5.0945,48,286
1800,912,4.5882,49,286
1801,663,2.9544,68,631
1802,2432,12.2087,63,1424
1803,495,2.3626,43,130
1804,388,1.6632,54,171
1805,906,4.6709,56,409
1806,478,2.4366,57,141
1807,431,1.8256,55,90
1808,142,0.5845,31,127
1809,170,0.6929,39,138
1810,168,0.6812,44,59
1811,327,1.5534,56,100
1812,767,3.8572,55,465
1813,107,0.4329,42,95
1814,243,1.0062,67,75
1815,742,4.1081,62,194
1816,209,0.8624,45,64
1817,442,1.9649,51,385
1818,440,1.7775,50,399
1819,272,1.1484,65,145
1820,137,0.5518,48,46
1821,246,1.033,55,107
1822,83,0.4913,41,28
1823,1790,8.7271,84,120
1824,1175,5.8106,74,197
1825,768,3.6405,65,536
1826,571,2.6434,69,196
1827,394,1.931,58,391
1828,241,0.99,49,239
1829,651,2.9369,60,104
1830,695,3.1019,51,317
1831,641,2.7799,52,303
1832,179,0.7392,40,59
1833,518,2.1694,55,354
1834,96,0.3773,38,45
1835,663,3.0477,66,662
1836,2780,14.5151,74,385
1837,648,3.2195,75,242
1838,1166,5.9523,53,795
1839,591,2.6909,65,55
1840,1819,8.8447,80,745
1841,250,1.0681,52,248
1842,741,3.3396,46,601
1843,582,2.596,65,521
1844,480,2.0082,49,150
1845,1428,6.9846,63,615
1846,697,3.4151,59,159
1847,416,1.9685,55,247
1848,592,2.7388,52,47
1849,633,2.8968,46,258
1850,1479,7.5461,55,359
1851,559,2.5341,52,205
1852,323,1.3658,43,248
1853,521,2.2616,47,272
1854,436,1.8911,52,60
1855,1085,5.3783,64,835
1856,398,1.825,65,47
1857,493,2.1277,45,484
1858,168,0.6833,45,165
1859,225,0.9661,52,111
1860,610,2.6778,53,601
1861,831,3.9025,51,242
1862,5561,29.4962,78,2953
1863,315,1.3778,52,69
1864,1123,5.3384,71,626
1865,137,0.6252,56,87
1866,370,1.5758,59,284
1867,500,2.1915,51,108
1868,439,1.9233,53,318
1869,699,3.2225,69,639
1870,207,1.0942,46,176
1871,1385,6.7673,72,1232
1872,1123,5.8746,71,1009
1873,132,0.536,38,120
1874,59,0.2357,39,37
1875,284,1.2043,64,113
1876,370,1.7396,53,53
1877,446,2.0623,46,439
1878,377,1.6913,50,63
1879,478,2.1933,48,66
1880,534,2.3625,51,102
1881,121,0.4859,52,105
1882,517,2.2072,51,250
1883,153,0.615,44,127
1884,685,3.1585,53,420
1885,412,1.7885,56,229
1886,435,1.8751,65,349
1887,1041,5.1031,60,731
1888,603,2.9314,53,385
1889,499,2.1527,55,493
1890,300,1.3379,53,60
1891,630,2.8595,57,365
1892,227,0.9206,54,224
1893,445,1.8809,57,389
1894,670,2.9597,54,491
1895,370,1.581,60,285
1896,380,1.6339,43,183
1897,144,0.586,46,119
1898,131,0.5422,51,72
1899,352,1.488,43,283
1900,1581,7.8122,74,1030
1901,356,1.5608,59,320
1902,981,4.9595,86,914
1903,1241,6.1424,65,234
1904,638,3.1779,56,446
1905,450,2.0006,61,280
1906,166,0.6763,62,63
1907,335,1.3823,48,105
1908,382,1.6619,45,314
1909,181,0.7233,47,85
1910,661,3.0356,55,188
1911,281,1.1933,46,106
1912,732,3.1897,54,157
1913,150,0.6297,50,105
1914,322,1.3593,50,118
1915,244,1.0214,42,85
1916,522,2.4641,71,455
1917,218,0.9767,53,55
1918,153,0.618,48,124
1919,276,1.1817,46,137
1920,329,1.3705,51,235
1921,662,2.8974,52,462
1922,112,0.5271,44,91
1923,1002,5.072,62,800
1924,972,4.7167,63,75
1925,232,1.0817,43,194
1926,265,1.0864,71,241
1927,557,2.455,60,244
1928,726,3.4727,70,269
1929,586,2.6957,70,364
1930,1285,6.8062,55,217
1931,661,3.284,69,131
1932,445,2.1022,56,345
1933,457,2.1448,56,451
1934,353,1.4882,57,291
1935,289,1.2181,48,140
1936,261,1.0966,44,94
1937,624,2.8462,67,268
1938,283,1.206,42,37
1939,504,2.4373,53,40
1940,333,1.3921,50,196
1941,372,1.5893,49,235
1942,539,2.6417,59,533
1943,245,1.0766,45,85
1944,242,1.0705,55,61
1945,568,2.8208,56,424
1946,220,0.9128,56,162
1947,251,1.0561,46,186
1948,378,1.6219,80,156
1949,732,3.3883,67,577
1950,419,1.804,73,408
1951,701,3.1658,80,157
1952,326,1.4571,57,43
1953,282,1.3922,54,84
1954,684,3.521,50,290
1955,791,4.105,56,751
1956,645,3.1987,55,342
1957,346,1.7801,56,270
1958,488,2.0734,64,227
1959,600,2.5694,68,359
1960,510,2.3121,57,219
1961,627,2.7313,66,625
1962,237,0.9935,57,87
1963,595,2.6932,53,327
1964,277,1.1919,56,138
1965,422,1.8012,50,145
1966,195,0.8708,46,131
1967,465,2.074,45,353
1968,369,1.5264,56,210
1969,567,2.5261,58,227
1970,439,2.0543,49,61
1971,777,3.8411,54,345
1972,655,2.9843,51,189
1973,1073,5.3347,58,130
1974,960,4.8553,44,625
1975,1162,5.7499,70,720
1976,614,3.0713,63,230
1977,374,1.6186,43,71
1978,810,3.9043,72,552
1979,586,2.5229,48,419
1980,484,2.2254,52,416
1981,552,2.6077,64,529
1982,1123,5.5803,59,493
1983,517,2.3257,54,205
1984,542,2.414,75,231
1985,761,3.4139,68,355
1986,806,3.8553,65,725
1987,278,1.1742,51,115
1988,1470,7.2481,70,1126
1989,906,4.7803,51,99
1990,605,2.7027,61,123
1991,1532,7.7509,69,1368
1992,2058,10.5355,56,1167
1993,642,3.1017,46,275
1994,642,2.7843,46,275
1995,968,4.5846,60,112
1996,283,1.212,50,150
1997,521,2.287,56,94
1998,322,1.3606,58,311
1999,1504,7.3521,87,881
2000,1228,6.0412,72,851
2001,1099,5.492,52,1088
2002,1312,6.7579,67,326
2003,606,3.044,60,540
2004,2131,10.9029,71,1236
2005,160,0.778,43,91
2006,134,0.648,35,81
2007,703,3.5742,58,95
2008,388,2.2189,59,54
2009,221,0.9202,52,39
2010,962,4.6528,71,896
2011,1338,6.4296,69,994
2012,537,2.5667,50,390
2013,576,2.7375,56,348
2014,356,1.5085,51,340
2015,209,0.9547,61,151
2016,217,0.9105,57,185
2017,493,2.3725,69,235
2018,384,1.6045,45,189
2019,1527,7.7063,74,342
2020,430,2.0765,59,377
2021,1532,7.5305,69,1013
2022,18142,94.6389,70,4292
2023,429,2.2454,55,408
2024,440,1.9232,48,432
2025,388,1.8685,53,171
2026,1081,5.5358,79,285
2027,82,0.3174,44,59
2028,542,2.4773,67,169
2029,872,4.3051,61,501
2030,5234,27.4069,75,2608
2031,1492,7.9233,62,705
2032,464,2.2715,67,348
2033,706,3.3326,59,54
2034,3199,16.6897,70,351
2035,393,2.0008,47,263
2036,250,1.1102,50,216
2037,559,2.7239,58,329
2038,159,0.6511,50,80
2039,487,2.3817,49,387
2040,466,2.0411,53,52
2041,685,3.3199,67,482
2042,73,0.2819,35,62
2043,1251,6.1399,65,901
2044,996,5.1885,62,840
2045,490,2.3376,59,44
2046,491,2.2495,54,113
2047,495,2.2128,52,89
2048,185,0.7847,43,178
2049,1448,7.8106,60,842
2050,794,3.8382,64,62
2051,123,0.496,58,97
2052,534,2.4282,51,375
2053,677,3.596,55,602
2054,152,0.6332,51,84
2055,1163,6.1271,57,534
2056,173,0.7208,54,152
2057,1082,5.403,65,665
2058,901,4.3852,90,858
2059,1712,8.3787,68,1202
2060,293,1.2422,50,131
2061,377,1.6143,59,375
2062,488,2.2822,76,479
2063,1064,5.1341,50,441
2064,196,0.7979,63,164
2065,117,0.5217,44,113
2066,1833,9.1539,65,1540
2067,303,1.3046,46,109
2068,673,3.1791,52,70
2069,786,3.6854,66,541
2070,1021,5.0933,57,695
2071,388,1.6316,47,237
2072,1025,4.9451,67,311
2073,2080,11.1033,68,164
2074,366,1.522,50,354
2075,128,0.5941,38,109
2076,571,2.5284,53,159
2077,301,1.299,51,126
2078,720,3.1658,55,703
2079,285,1.343,68,103
2080,345,1.4855,51,344
2081,615,2.8433,69,210
2082,40,0.1585,38,35
2083,168,0.7213,62,166
2084,166,0.6881,48,141
2085,882,4.476,77,285
2086,352,1.4788,80,108
2087,971,4.7066,72,907
2088,378,1.6187,72,240
2089,410,1.8945,79,89
2090,611,2.777,60,583
2091,1426,7.1454,74,1346
2092,274,1.3036,49,137
2093,339,1.3947,51,91
2094,701,3.0651,65,48
2095,496,2.1478,58,314
2096,408,1.9012,53,304
2097,211,0.8891,43,114
2098,504,2.2378,61,52
2099,450,2.101,57,297
2100,484,2.2536,53,177
2101,240,0.9922,45,200
2102,260,1.0391,71,90
2103,620,2.6336,50,178
2104,179,0.7287,43,120
2105,1430,7.2554,64,590
2106,391,1.6589,53,330
2107,441,2.0632,45,369
2108,723,3.4795,86,88
2109,757,3.6022,75,450
2110,411,1.7642,44,75
2111,257,1.0651,48,245
2112,301,1.2958,52,255
2113,636,2.817,50,93
2114,390,1.6605,49,374
2115,309,1.2962,50,154
2116,134,0.5606,51,80
2117,220,0.9329,51,213
2118,1208,5.9271,68,72
2119,344,1.6624,42,70
2120,469,2.1495,51,190
2121,77,0.4057,35,66
2122,357,1.5207,53,347
2123,362,1.5609,56,56
2124,482,2.0388,52,333
2125,1049,4.9271,74,123
2126,155,0.681,43,50
2127,448,1.9405,59,78
2128,385,1.6836,52,378
2129,287,1.2211,49,259
2130,195,0.867,44,47
2131,1021,4.8328,70,946
2132,410,2.0035,42,68
2133,679,3.4335,63,657
2134,913,4.6125,75,280
2135,395,1.8367,49,327
2136,360,1.5965,53,42
2137,557,2.5191,55,86
2138,667,3.1447,69,66
2139,467,2.1153,56,77
2140,682,3.0801,47,417
2141,216,0.931,42,207
2142,259,1.1046,79,206
2143,223,0.9101,50,158
2144,139,0.5586,41,46
2145,439,2.3911,55,437
2146,371,1.7111,56,335
2147,939,4.7154,60,473
2148,216,0.9678,55,161
2149,249,1.0919,51,170
2150,160,0.6637,42,71
2151,485,2.1293,58,44
2152,392,1.6774,58,110
2153,2168,10.9487,56,1133
2154,746,3.8573,63,215
2155,976,5.3611,67,61
2156,653,3.227,51,406
2157,248,1.1029,49,99
2158,506,2.4553,50,446
2159,585,2.7797,51,152
2160,368,1.6728,52,118
2161,107,0.5506,37,67
2162,537,2.5208,75,535
2163,434,2.1346,50,160
2164,144,0.5883,40,55
2165,129,0.5217,44,47
2166,277,1.1926,50,45
2167,141,0.5854,46,110
2168,1079,5.3122,60,74
2169,818,4.4448,50,210
2170,1366,7.0281,55,1242
2171,219,0.995,66,186
2172,846,4.3591,68,333
2173,1261,6.3874,76,864
2174,1347,7.0822,58,1301
2175,3352,17.1732,61,2088
2176,979,5.1494,51,976
2177,2052,10.2933,57,1362
2178,464,2.2882,74,281
2179,1501,7.8187,57,116
2180,1484,7.5606,65,288
2181,506,2.5795,61,449
2182,506,2.2408,65,449
2183,428,2.2029,51,338
2184,202,0.8662,52,85
2185,833,4.1187,62,494
2186,135,0.6362,41,71
2187,1240,6.1537,56,641
2188,431,2.0742,49,79
2189,266,1.1286,58,210
2190,279,1.2196,47,265
2191,517,2.5165,52,52
2192,532,2.3454,47,451
2193,510,2.2243,55,468
2194,494,2.2561,63,435
2195,678,3.055,55,359
2196,185,0.9624,48,120
2197,859,4.1428,62,84
2198,685,3.2284,65,630
2199,166,0.6838,50,66
2200,521,2.2865,49,56
2201,514,2.2784,51,56
2202,516,2.2556,45,80
2203,631,2.7909,45,77
2204,379,1.736,51,186
2205,222,0.9341,52,193
2206,380,1.6086,64,168
2207,237,1.0136,43,159
2208,397,1.7913,58,32
2209,357,1.5104,46,159
2210,125,0.5207,45,98
2211,254,1.2432,43,108
2212,542,2.4602,59,82
2213,590,2.6499,58,514
2214,879,4.3362,65,602
2215,964,4.7485,67,958
2216,3580,18.7551,63,3128
2217,227,0.9732,47,116
2218,246,1.0664,56,73
2219,385,1.8531,52,297
2220,271,1.1322,67,224
2221,69,0.2955,37,52
2222,525,2.2772,45,229
2223,520,2.2564,63,467
2224,502,2.2886,56,451
2225,1891,9.5954,61,1234
2226,397,2.0043,50,163
2227,611,2.901,55,139
2228,554,2.7547,57,117
2229,379,1.6848,54,96
2230,519,2.2959,53,462
2231,376,1.8479,44,240
2232,1442,7.1205,53,268
2233,725,3.8241,51,257
2234,591,2.9841,62,570
2235,256,1.2005,46,122
2236,226,0.9598,63,77
2237,451,2.0778,56,372
2238,358,1.5861,53,294
2239,403,2.0767,42,310
2240,130,0.5371,42,124
2241,570,2.8112,55,385
2242,1456,7.6243,59,340
2243,1670,8.7171,64,617
2244,761,3.76,60,568
2245,219,0.93,52,75
2246,500,2.1971,57,445
2247,502,2.1633,67,451
2248,503,2.4317,69,452
2249,502,2.1753,64,445
2250,505,2.408,54,70
2251,519,2.1989,65,457
2252,632,2.825,57,535
2253,850,4.3375,59,754
2254,444,2.0619,49,404
2255,478,2.3505,50,214
2256,1070,5.2578,57,549
2257,337,1.5679,53,214
2258,247,1.2045,49,141
2259,511,2.3993,55,294
2260,1568,8.2949,79,1332
2261,837,4.3253,63,402
2262,507,2.2766,52,123
2263,530,2.6106,64,143
2264,621,2.8359,77,314
2265,450,1.9843,58,59
2266,546,2.4049,61,433
2267,290,1.2902,53,43
2268,518,2.2305,50,257
2269,512,2.4618,50,260
2270,196,0.9381,48,34
2271,1062,5.1109,75,382
2272,629,3.1633,69,83
2273,262,1.1232,46,181
2274,120,0.4933,47,107
2275,118,0.5924,50,116
2276,40,0.1536,36,38
2277,126,0.5011,35,79
2278,739,3.5831,53,335
2279,536,2.4065,49,498
2280,325,1.4149,55,285
2281,1039,5.0234,78,769
2282,1699,8.6241,69,1534
2283,512,2.44,50,357
2284,140,0.5995,50,73
2285,420,1.877,53,194
2286,135,0.5658,38,114
2287,150,0.6104,50,41
2288,137,0.5824,45,119
2289,219,0.8919,63,162
2290,417,1.7996,52,310
2291,489,2.1457,56,430
2292,74,0.3665,33,43
2293,579,2.6364,49,174
2294,881,4.4968,58,241
2295,1035,5.4455,57,144
2296,407,1.9929,48,103
2297,400,2.1461,46,257
2298,518,2.456,55,52
2299,944,4.8313,74,891
2300,515,2.4445,53,450
2301,294,1.2728,47,159
2302,733,3.3475,57,555
2303,562,2.7718,47,70
2304,344,1.8579,56,163
2305,1867,9.6338,73,1315
2306,385,1.8926,44,167
2307,303,1.3397,47,116
2308,201,0.8459,48,136
2309,816,4.0829,73,424
2310,365,1.6166,41,283
2311,527,2.5484,46,480
2312,365,1.8118,55,293
2313,196,0.8123,43,93
2314,308,1.3977,55,271
2315,642,2.9884,59,266
2316,252,1.2231,44,85
2317,536,2.4285,49,481
2318,188,0.84,50,62
2319,1106,5.5535,69,616
2320,705,3.3519,60,311
2321,696,3.2155,55,495
2322,228,0.9976,54,215
2323,195,0.8561,42,122
2324,458,2.0139,52,457
2325,733,3.3763,68,517
2326,473,2.3601,49,264
2327,743,3.5017,47,311
2328,356,1.6456,61,147
2329,1707,8.9477,68,937
2330,202,0.9578,47,156
2331,448,2.1556,49,34
2332,315,1.3601,51,297
2333,598,2.7662,49,236
2334,220,0.9786,48,101
2335,297,1.258,50,178
2336,150,0.6236,44,78
2337,512,2.4518,56,385
2338,143,0.6064,47,77
2339,116,0.4806,55,83
2340,99,0.402,46,92
2341,134,0.5318,55,51
2342,180,0.746,39,90
2343,365,1.5537,46,111
2344,277,1.2994,67,164
2345,655,2.9378,54,536
2346,797,4.0711,55,612
2347,772,3.5258,60,628
2348,307,1.7955,43,224
2349,575,2.743,73,511
2350,396,1.9078,48,173
2351,622,2.888,62,354
2352,316,1.3736,50,269
2353,385,1.7324,57,83
2354,1674,8.5327,74,1627
2355,380,1.9701,46,359
2356,360,1.7477,48,208
2357,398,1.749,51,228
2358,436,1.9143,70,179
2359,3304,16.7758,85,717
2360,164,0.6921,58,126
2361,1266,7.1829,57,865
2362,404,1.9944,52,157
2363,392,1.8854,54,78
2364,508,2.2358,59,73
2365,580,2.4913,68,570
2366,610,2.7328,47,90
2367,378,1.6722,58,48
2368,990,4.6666,76,644
2369,464,2.0039,77,64
2370,1959,9.6598,65,721
2371,329,1.4244,61,276
2372,655,2.8737,65,475
2373,370,1.6222,47,295
2374,76,0.3456,39,57
2375,41,0.1589,54,40
2376,284,1.2226,51,205
2377,1182,5.9379,54,832
2378,653,2.8256,51,614
2379,190,0.7948,62,155
2380,321,1.4297,43,161
2381,250,1.0363,49,53
2382,430,1.8997,50,143
2383,178,0.8455,57,93
2384,774,3.3955,69,240
2385,679,3.0231,62,605
2386,420,1.669,53,68
2387,993,4.7423,62,258
2388,368,1.7042,62,316
2389,1154,5.6641,57,572
2390,701,3.1466,66,342
2391,323,1.7001,67,269
2392,408,1.7071,57,393
2393,696,3.1313,54,188
2394,528,2.4147,57,70
2395,152,0.6383,60,50
2396,1955,9.5983,56,519
2397,1465,7.3606,61,363
2398,68,0.273,33,48
2399,3913,20.1655,73,3723
2400,542,2.7256,50,445
2401,756,3.9144,71,483
2402,738,3.5377,84,521
2403,1431,7.4229,52,1036
2404,261,1.2354,46,67
2405,549,2.5294,62,469
2406,590,2.6188,51,480
2407,4002,21.2608,76,459
2408,180,0.8855,38,55
2409,365,1.5985,60,207
2410,355,1.5015,62,104
2411,166,0.6997,53,103
2412,517,2.3717,62,341
2413,423,1.8723,50,227
2414,268,1.1594,46,53
2415,752,3.6203,62,468
2416,244,1.0404,49,94
2417,154,0.6456,57,97
2418,256,1.0722,47,181
2419,579,2.6425,49,254
2420,1961,9.7767,59,461
2421,212,1.0174,62,172
2422,432,1.9917,55,425
2423,183,0.7773,46,176
2424,401,1.8509,52,348
2425,561,2.919,58,144
2426,208,0.9267,43,81
2427,217,0.9282,52,66
2428,2237,11.679,56,1302
2429,644,3.5212,64,146
2430,425,2.1334,64,75
2431,351,1.5185,50,276
2432,630,3.0971,56,629
2433,609,2.9328,61,390
2434,384,1.9037,56,183
2435,388,1.7363,61,188
2436,324,1.3903,54,135
2437,692,3.5349,61,187
2438,2250,11.4672,67,487
2439,156,0.7152,51,46
2440,516,2.4868,51,48
2441,1201,6.423,61,50
2442,1542,8.2722,66,492
2443,362,1.7446,52,256
2444,741,3.7489,50,617
2445,342,1.532,43,151
2446,445,2.1561,51,255
2447,509,2.6123,59,116
2448,169,0.7342,40,108
2449,274,1.1589,48,86
2450,294,1.3161,46,95
2451,300,1.3355,55,70
2452,409,1.6997,60,387
2453,1365,6.7773,74,538
2454,681,3.694,67,83
2455,229,1.0133,55,205
2456,398,1.7659,65,138
2457,420,2.0306,60,68
2458,174,0.7695,54,89
2459,157,0.6794,36,121
2460,1490,7.6088,72,651
2461,880,4.7033,46,700
2462,552,2.6432,47,538
2463,339,1.5507,48,264
2464,321,1.3913,45,111
2465,287,1.2204,40,110
2466,461,1.9094,53,344
2467,767,3.6617,54,255
2468,81,0.3443,43,50
2469,626,2.7905,60,43
2470,951,4.6306,54,861
2471,139,0.6155,43,115
2472,869,4.1722,61,621
2473,280,1.2157,49,234
2474,409,1.9701,55,60
2475,274,1.4449,56,224
2476,44,0.1785,39,21
2477,563,2.5628,60,238
2478,949,4.6898,50,887
2479,864,4.5654,88,790
2480,741,3.495,78,586
2481,325,1.5942,63,175
2482,251,1.0756,48,226
2483,547,2.7895,48,41
2484,1670,8.4084,67,414
2485,3599,19.1819,67,1700
2486,1639,8.2287,65,1387
2487,536,2.5281,75,157
2488,434,1.7949,54,311
2489,537,2.3146,55,397
2490,537,2.4554,61,482
2491,108,0.4297,48,103
2492,509,2.2488,45,270
2493,201,0.8279,44,45
2494,146,0.5967,44,99
2495,2456,12.5757,67,1137
2496,615,2.865,66,404
2497,233,0.97,58,54
2498,685,3.3121,48,368
2499,148,0.6067,40,133
2500,354,1.4366,49,52
2501,605,2.7462,75,87
2502,877,4.2823,49,202
2503,140,0.5748,47,65
2504,321,1.3974,50,320
2505,561,2.5978,49,286
2506,277,1.162,47,176
2507,643,2.8839,53,202
2508,649,2.8312,61,423
2509,677,3.1431,55,521
2510,810,3.9368,65,741
2511,254,1.1284,36,175
2512,466,2.0236,58,71
2513,593,2.6378,65,433
2514,235,1.06,45,226
2515,853,4.0284,61,429
2516,642,3.0875,75,171
2517,2211,11.3603,63,471
2518,303,1.3231,41,207
2519,629,3.0241,54,566
2520,198,0.8412,50,93
2521,103,0.5056,45,102
2522,363,1.5545,53,241
2523,2241,11.0049,61,2203
2524,670,3.2531,62,288
2525,668,3.2326,57,70
2526,1068,5.4977,63,964
2527,61,0.239,45,59
2528,1115,5.5906,59,833
2529,690,3.2004,52,146
2530,605,2.8509,51,45
2531,151,0.6192,46,145
2532,2043,10.4608,62,1462
2533,752,3.8069,57,67
2534,142,0.6223,52,141
2535,1435,7.108,57,760
2536,218,0.9182,46,124
2537,886,4.3929,56,835
2538,103,0.403,38,49
2539,242,1.018,49,144
2540,264,1.1821,42,241
2541,711,3.5451,52,470
2542,706,3.6449,61,236
2543,1292,6.5008,51,1231
2544,249,1.0201,41,68
2545,174,0.7102,48,173
2546,1146,5.8366,53,455
2547,633,3.0296,49,596
2548,428,1.9929,51,280
2549,710,3.227,53,706
2550,665,2.9608,52,194
2551,231,1.0633,43,154
2552,277,1.1538,62,63
2553,901,4.4303,70,838
2554,1289,6.5253,62,1239
2555,819,4.1956,71,563
2556,1119,5.2084,58,524
2557,493,2.3341,64,49
2558,197,0.8507,45,136
2559,423,2.0173,55,58
2560,148,0.63,49,96
2561,692,3.0715,60,524
2562,583,2.7724,51,579
2563,344,1.449,54,94
2564,402,1.7149,59,216
2565,509,2.2853,50,404
2566,830,3.9234,72,252
2567,298,1.2748,58,70
2568,215,0.874,61,67
2569,621,2.6606,70,585
2570,981,5.361,61,848
2571,995,5.2206,51,464
2572,221,0.923,52,161
2573,252,1.0496,46,48
2574,310,1.2886,53,254
2575,138,0.5692,50,65
2576,453,2.081,52,419
2577,430,1.7313,48,249
2578,511,2.2416,58,52
2579,495,2.1081,67,60
2580,192,0.8023,47,181
2581,642,2.9294,46,275
2582,397,1.9414,54,109
2583,373,1.5824,49,175
2584,182,0.7763,55,141
2585,517,2.4282,60,460
2586,225,0.9323,44,222
2587,216,0.9048,39,183
2588,217,0.9035,43,183
2589,216,0.8941,48,183
2590,200,0.8332,39,167
2591,216,0.8973,47,183
2592,223,1.0109,46,64
2593,1170,5.8172,62,821
2594,493,2.5717,62,51
2595,494,2.1138,50,403
2596,488,2.4504,62,59
2597,887,4.3851,53,876
2598,552,2.6089,56,137
2599,460,1.9399,63,88
2600,290,1.2184,64,91
2601,1976,9.6908,56,893
2602,251,1.0619,46,84
2603,497,2.1874,51,302
2604,521,2.3068,53,64
2605,1194,5.7196,64,1053
2606,1488,7.2521,60,78
2607,196,0.8211,52,171
2608,1253,6.0944,50,182
2609,364,1.726,60,361
2610,584,2.5005,64,55
2611,192,0.8167,45,96
2612,159,0.647,46,140
2613,2244,11.397,60,1831
2614,582,2.7232,53,565
2615,1019,5.1423,55,976
2616,195,0.8066,47,118
2617,87,0.3403,37,84
2618,438,1.8619,53,70
2619,300,1.281,50,126
2620,173,0.7717,41,81
2621,873,4.3686,71,775
2622,1944,9.9986,63,1631
2623,734,3.6277,47,303
2624,357,1.5337,46,104
2625,785,3.8476,62,528
2626,523,2.616,50,493
2627,584,2.5676,58,374
2628,699,3.211,63,323
2629,675,3.238,62,504
2630,457,2.1097,49,47
2631,318,1.5711,52,82
2632,211,0.8655,52,199
2633,684,3.3666,53,574
2634,873,4.4344,52,563
2635,586,2.7138,58,190
2636,453,1.9192,64,452
2637,204,0.8415,41,142
2638,531,2.3454,54,393
2639,258,1.1073,49,153
2640,57,0.2367,50,52
2641,815,3.8078,52,524
2642,679,3.0104,51,273
2643,858,4.0685,71,526
2644,779,3.4675,54,220
2645,878,4.2155,64,646
2646,875,4.063,66,282
2647,259,1.0703,47,80
2648,328,1.4679,41,261
2649,522,2.1305,59,518
2650,228,0.9369,53,59
2651,247,1.0404,50,171
2652,393,1.7057,38,218
2653,351,1.5736,46,199
2654,834,3.9779,57,728
2655,321,1.3834,48,121
2656,338,1.4345,49,192
2657,1346,6.7547,79,1071
2658,86,0.3397,40,76
2659,381,1.5614,75,87
2660,593,2.7222,83,156
2661,943,4.7004,48,137
2662,313,1.32,50,107
2663,155,0.6283,45,40
2664,276,1.2291,56,74
2665,307,1.3087,51,299
2666,827,4.1181,50,548
2667,799,3.82,63,118
2668,503,2.3355,53,45
2669,413,1.9557,46,180
2670,390,1.7117,45,161
2671,391,1.6978,48,286
2672,524,2.2804,47,382
2673,787,3.7085,53,483
2674,90,0.3583,46,51
2675,398,1.9066,42,107
2676,393,1.7463,60,233
2677,400,1.7178,50,39
2678,338,1.4831,56,107
2679,141,0.5781,42,121
2680,614,2.7676,52,589
2681,738,3.6697,56,595
2682,187,0.8252,44,85
2683,330,1.4121,59,123
2684,480,2.0585,62,179
2685,120,0.5145,49,42
2686,705,3.0814,75,52
2687,537,2.8731,55,534
2688,724,3.2666,47,520
2689,783,4.1077,53,447
2690,561,2.5267,79,214
2691,96,0.3754,38,28
2692,609,2.7344,62,593
2693,469,2.1743,52,262
2694,823,3.9423,64,500
2695,252,1.0398,46,77
2696,947,4.5867,70,431
2697,777,3.8962,65,114
2698,767,3.4758,66,83
2699,626,2.9933,53,60
2700,982,5.1947,60,131
2701,508,2.2805,56,66
2702,887,4.3616,49,673
2703,588,2.541,49,416
2704,148,0.6249,45,89
2705,149,0.607,46,90
2706,167,0.6932,52,113
2707,675,3.0272,63,619
2708,674,3.1089,49,483
2709,1321,6.4318,61,395
2710,302,1.502,44,228
2711,603,2.6899,48,168
2712,473,2.2653,49,135
2713,284,1.207,53,190
2714,368,1.5629,55,84
2715,282,1.1727,48,108
2716,2198,11.2174,76,545
2717,126,0.551,45,60
2718,1844,9.2034,64,987
2719,256,1.0974,44,194
2720,190,0.857,47,137
2721,242,1.038,45,140
2722,1063,5.1528,74,288
2723,406,1.7612,45,364
2724,597,2.6178,49,430
2725,507,2.3874,53,172
2726,106,0.4176,53,98
2727,955,4.4663,57,782
2728,218,0.8963,52,217
2729,922,4.3912,51,413
2730,586,2.8996,47,214
2731,179,0.7747,57,62
2732,565,2.4196,60,232
2733,493,2.207,49,202
2734,1452,7.3131,74,1376
2735,242,1.035,45,178
2736,1331,6.8874,79,318
2737,426,1.8723,48,111
2738,1800,9.1594,58,791
2739,319,1.4986,38,232
2740,125,0.5075,40,82
2741,752,4.5115,51,62
2742,118,0.5132,36,74
2743,1691,8.9833,59,630
2744,392,2.0561,43,170
2745,614,2.9084,50,485
2746,312,1.3558,51,100
2747,1129,5.9686,73,715
2748,298,1.3658,42,65
2749,139,0.5607,39,95
2750,471,2.1131,59,247
2751,252,1.0522,44,77
2752,184,0.7354,53,169
2753,142,0.5703,40,95
2754,554,2.3918,65,106
2755,362,1.6778,57,95
2756,156,0.6564,47,86
2757,286,1.1799,71,175
2758,466,1.9584,61,251
2759,688,3.085,61,513
2760,697,3.0296,59,226
2761,207,0.8576,59,83
2762,1221,5.939,75,701
2763,824,4.5494,70,144
2764,656,2.9806,54,232
2765,2471,13.0778,55,1793
2766,1124,5.9046,54,1121
2767,212,0.8731,43,83
2768,894,4.105,61,201
2769,579,2.6884,70,555
2770,396,1.8709,66,335
2771,152,0.6196,48,122
2772,1094,5.2793,66,314
2773,476,2.0423,51,262
2774,395,1.6717,54,137
2775,1342,6.5966,71,948
2776,463,2.0879,66,79
2777,232,0.9712,51,95
2778,254,1.0703,47,214
2779,598,2.8716,59,270
2780,571,2.4925,51,396
2781,289,1.2592,48,211
2782,117,0.4741,50,91
2783,440,1.9132,45,152
2784,1413,6.5667,73,1331
2785,1412,7.189,52,435
2786,462,1.997,51,327
2787,637,2.844,49,617
2788,817,3.9279,61,130
2789,1355,6.8173,73,877
2790,970,4.985,53,509
2791,844,4.0187,68,47
2792,352,1.5968,57,176
2793,330,1.3635,50,248
2794,421,1.7819,71,123
2795,945,4.6533,57,594
2796,135,0.5278,55,75
2797,651,2.9031,48,460
2798,320,1.3661,46,132
2799,200,0.8077,43,198
2800,583,2.5037,63,439
2801,219,0.9094,47,164
2802,476,1.9881,56,342
2803,269,1.1259,48,81
2804,1249,6.2359,53,1032
2805,371,1.6609,53,172
2806,263,1.1224,42,84
2807,2728,13.9904,61,688
2808,221,0.9502,51,166
2809,119,0.4641,52,55
2810,257,1.1698,49,153
2811,695,3.3466,60,104
2812,198,0.8102,56,49
2813,2172,11.6074,62,1256
2814,1477,7.7829,55,1307
2815,514,2.3318,52,220
2816,845,4.3273,52,84
2817,614,2.8037,62,180
2818,440,1.8923,46,406
2819,517,2.2433,57,93
2820,431,2.0231,48,281
2821,527,2.2436,47,41
2822,628,2.759,60,479
2823,410,1.7547,58,231
2824,607,2.7302,57,83
2825,941,4.6048,76,87
2826,445,2.1482,61,443
2827,316,1.6377,65,186
2828,378,1.6505,42,158
2829,223,0.9349,52,111
2830,152,0.6048,52,99
2831,631,3.1843,54,525
2832,454,1.9427,53,442
2833,175,0.7204,48,62
2834,682,3.0386,61,649
2835,117,0.4853,49,114
2836,559,2.7646,54,399
2837,1013,4.9129,56,1011
2838,754,3.5912,65,311
2839,113,0.4788,40,66
2840,200,0.8065,48,151
2841,967,4.7482,49,813
2842,318,1.4018,49,105
2843,123,0.5024,40,60
2844,650,3.1912,62,208
2845,327,1.6181,50,105
2846,327,1.3784,60,237
2847,111,0.4352,56,48
2848,371,1.556,45,102
2849,1094,5.25,60,1079
2850,293,1.2604,52,227
2851,1685,8.4215,59,325
2852,5323,27.7401,68,3053
2853,177,0.7854,69,154
2854,91,0.4107,39,54
2855,537,2.4128,59,90
2856,410,1.7724,46,47
2857,119,0.4634,51,118
2858,95,0.3783,41,47
2859,612,3.2978,68,97
2860,1132,5.6535,70,437
2861,512,2.3401,55,441
2862,471,2.0543,47,133
2863,451,2.0714,46,69
2864,205,0.8507,49,198
2865,670,3.0753,56,127
2866,746,3.5605,54,476
2867,307,1.3034,73,75
2868,80,0.3091,47,47
2869,300,1.2558,47,79
2870,606,2.8264,54,194
2871,887,4.362,61,819
2872,316,1.3589,62,304
2873,909,4.2901,63,810
2874,457,1.9906,53,71
2875,993,4.59,66,47
2876,757,3.5179,54,91
2877,489,2.3002,66,60
2878,236,0.9865,54,208
2879,351,1.4207,55,96
2880,1118,5.7804,74,787
2881,1431,7.0084,62,593
2882,112,0.4455,47,97
2883,301,1.2389,48,57
2884,1660,8.0204,60,337
2885,490,2.2399,58,367
2886,660,2.9075,54,166
2887,2189,10.8048,54,2025
2888,217,0.958,53,92
2889,658,2.965,53,76
2890,224,1.0476,47,193
2891,1839,9.7621,80,1618
2892,336,1.4981,52,151
2893,692,3.1674,65,355
2894,670,3.1503,82,473
2895,250,1.1639,51,48
2896,577,2.6131,48,362
2897,274,1.178,40,164
2898,478,2.1212,47,208
2899,438,1.8376,81,247
2900,132,0.5391,42,120
2901,510,2.2694,52,454
2902,512,2.2717,50,76
2903,510,2.1971,52,65
2904,503,2.316,59,227
2905,502,2.1401,47,446
2906,93,0.4147,39,41
2907,722,3.1949,58,487
2908,389,1.7199,48,151
2909,199,0.8404,42,55
2910,192,0.7872,48,59
2911,253,1.0931,49,120
2912,396,1.6084,59,46
2913,303,1.2939,53,96
2914,601,2.6621,49,87
2915,756,3.3575,59,104
2916,248,1.0811,60,175
2917,449,1.9294,59,345
2918,764,3.5182,58,763
2919,634,2.9708,68,387
2920,322,1.3382,43,211
2921,1391,6.8521,70,819
2922,340,2.1225,54,148
2923,1141,5.5253,61,573
2924,235,1.0607,56,218
2925,298,1.1852,48,190
2926,554,2.5248,57,158
2927,281,1.1743,49,43
2928,199,0.8272,44,48
2929,615,2.633,57,425
2930,257,1.1242,39,198
2931,225,0.9165,48,61
2932,180,0.7423,49,58
2933,228,0.9477,59,218
2934,269,1.7391,46,54
2935,569,2.5642,49,381
2936,454,2.0018,52,226
2937,487,2.2105,55,330
2938,183,0.7568,42,165
2939,199,0.824,37,134
2940,423,1.7802,55,109
2941,86,0.3396,47,53
2942,206,0.8444,44,71
2943,294,1.2353,47,235
2944,672,3.0596,69,491
2945,986,5.1703,53,733
2946,450,2.2416,61,76
2947,1219,5.9571,80,143
2948,398,1.7355,47,85
2949,130,0.5167,47,64
2950,455,2.1128,59,332
2951,486,2.1834,50,432
2952,1060,5.4074,56,903
2953,460,2.0163,45,69
2954,517,2.2878,52,225
2955,728,3.7467,62,167
2956,886,4.2811,69,788
2957,639,3.2415,59,539
2958,1487,8.0389,53,1018
2959,155,0.6537,44,50
2960,1476,7.2498,65,1349
2961,1158,5.7718,72,409
2962,815,4.0445,58,99
2963,389,1.6957,56,234
2964,671,2.9401,56,484
2965,125,0.4953,38,83
2966,1719,8.508,65,898
2967,276,1.1578,49,226
2968,538,2.6804,64,79
2969,953,4.5897,65,83
2970,261,1.1201,44,244
2971,499,2.1767,56,171
2972,355,1.5244,56,58
2973,106,0.4247,44,87
2974,1536,7.5519,74,1267
2975,510,2.3783,63,501
2976,870,4.1597,75,125
2977,534,2.3503,69,485
2978,439,1.8917,60,405
2979,490,2.3422,53,143
2980,843,4.2371,63,451
2981,501,2.2272,51,155
2982,249,1.0295,53,97
2983,540,2.2691,79,117
2984,506,2.399,60,421
2985,348,1.4709,54,172
2986,355,1.6418,54,111
2987,1192,6.0898,68,411
2988,489,2.4557,51,332
2989,154,0.6323,54,146
2990,649,3.032,57,410
2991,455,2.383,62,266
2992,298,1.3065,47,261
2993,256,1.0935,47,128
2994,297,1.2472,47,64
2995,346,1.6516,63,314
2996,855,4.017,61,412
2997,250,1.0371,53,42
2998,588,2.7459,61,242
2999,428,1.8173,59,296
3000,917,4.4714,53,558
3001,231,0.952,68,163
3002,605,3.1156,62,179
3003,952,4.5259,65,878
3004,366,1.7481,61,87
3005,612,2.6968,58,107
3006,246,1.0558,47,220
3007,149,0.7507,56,99
3008,65,0.2606,48,33
3009,740,3.3755,60,252
3010,868,4.5649,50,376
3011,577,2.4784,54,571
3012,295,1.2361,46,113
3013,521,2.4808,56,332
3014,488,1.9971,49,198
3015,507,2.2149,49,452
3016,382,1.6211,55,262
3017,211,0.8801,41,155
3018,860,4.2702,54,464
3019,153,0.6464,55,147
3020,135,0.6565,38,26
3021,239,1.0265,48,117
3022,307,1.3205,44,225
3023,1538,7.5422,58,550
3024,1674,8.8515,77,1282
3025,1042,5.3385,52,226
3026,581,2.8343,52,306
3027,524,2.4449,63,178
3028,150,0.6064,50,47
3029,399,1.6767,61,374
3030,895,4.379,49,725
3031,406,1.7439,48,221
3032,82,0.4047,35,77
3033,579,2.6567,60,230
3034,745,3.7061,61,75
3035,556,2.6468,47,456
3036,204,0.8354,49,194
3037,553,2.3495,50,503
3038,347,1.4828,50,42
3039,944,5.1961,56,568
3040,364,1.5433,59,193
3041,380,1.6311,48,329
3042,496,2.1892,54,415
3043,654,3.2294,62,577
3044,529,2.2871,58,68
3045,374,1.6097,53,67
3046,396,1.7063,49,228
3047,1697,8.4668,80,64
3048,418,1.7984,55,121
3049,482,2.1483,49,444
3050,241,1.1068,44,77
3051,4913,25.5502,69,1703
3052,64,0.2538,36,61
3053,147,0.6025,42,38
3054,721,3.3161,79,82
3055,782,3.5256,48,460
3056,521,2.2842,49,104
3057,1255,6.1301,52,1221
3058,244,1.1091,50,181
3059,697,3.0893,54,294
3060,530,2.3284,59,78
3061,727,3.1203,59,524
3062,1013,4.9808,50,604
3063,424,1.8805,70,259
3064,109,0.4638,42,77
3065,348,1.5318,54,93
3066,659,3.04,50,100
3067,217,0.896,52,158
3068,139,0.5676,42,57
3069,544,2.5463,56,473
3070,519,2.2702,47,296
3071,226,0.9477,62,209
3072,196,0.7853,49,164
3073,1039,4.8725,75,721
3074,1045,5.3128,60,203
3075,526,2.4798,55,507
3076,341,1.5978,47,339
3077,672,2.9618,54,373
3078,122,0.4842,43,39
3079,643,3.0509,43,324
3080,1230,6.1321,56,824
3081,463,2.2367,57,453
3082,368,1.5819,58,80
3083,260,1.0631,47,183
3084,677,2.9427,61,73
3085,995,4.8535,61,519
3086,2075,10.8627,76,1816
3087,189,0.7963,53,70
3088,332,1.5405,51,264
3089,259,1.1021,54,255
3090,725,3.2203,42,402
3091,1146,5.6913,60,128
3092,1053,5.5433,69,274
3093,202,0.9307,64,115
3094,601,2.6365,55,579
3095,481,2.1239,46,222
3096,485,2.0644,57,152
3097,464,2.1777,50,409
3098,187,0.7663,47,63
3099,420,1.9617,52,377
3100,1406,7.4367,63,733
3101,377,1.6093,62,298
3102,78,0.3145,34,49
3103,535,2.3757,68,282
3104,1052,5.1561,58,571
3105,492,2.1598,57,402
3106,994,5.4155,54,861
3107,182,0.7401,51,173
3108,369,1.5669,38,322
3109,347,1.5627,57,195
3110,528,2.5812,56,285
3111,246,1.0554,51,103
3112,653,2.8878,74,566
3113,439,1.878,48,68
3114,694,3.2016,52,630
3115,598,2.7465,59,94
3116,735,3.4112,60,543
3117,244,1.0233,46,122
3118,707,3.1462,62,82
3119,705,3.6119,60,459
3120,612,2.6386,58,156
3121,605,2.8516,46,408
3122,251,1.0449,75,144
3123,251,1.0524,61,89
3124,462,2.1173,83,359
3125,271,1.139,40,50
3126,419,1.7817,48,242
3127,472,2.0231,54,64
3128,408,1.8617,44,147
3129,422,1.8342,58,230
3130,3480,17.9002,66,2874
3131,1002,5.0755,64,88
3132,155,0.7836,44,104
3133,138,0.7268,44,116
3134,121,0.6062,43,114
3135,135,0.604,61,102
3136,455,1.9736,53,431
3137,926,4.3724,69,555
3138,187,0.7886,49,107
3139,318,1.347,45,278
3140,405,1.787,56,190
3141,392,1.8804,44,200
3142,170,0.762,42,94
3143,157,0.6247,45,31
3144,160,0.6447,48,67
3145,963,4.7238,68,481
3146,144,0.5904,44,79
3147,1175,5.9001,64,1100
3148,525,2.6085,48,279
3149,317,1.353,52,227
3150,480,2.0493,53,331
3151,722,3.3264,54,688
3152,281,1.1712,74,69
3153,300,1.541,62,108
3154,495,2.124,51,126
3155,119,0.4702,41,68
3156,887,4.2004,66,139
3157,396,1.6875,45,258
3158,168,0.6881,44,68
3159,331,1.3719,48,239
3160,159,0.6517,46,93
3161,390,1.6698,51,253
3162,93,0.3772,32,53
3163,218,0.9532,37,143
3164,1094,5.28,71,715
3165,493,2.1231,57,63
3166,856,4.0616,67,809
3167,112,0.4382,40,62
3168,477,2.038,56,296
3169,540,2.3766,54,245
3170,351,1.6829,48,147
3171,748,3.4724,65,272
3172,493,2.2069,49,352
3173,213,1.0174,56,159
3174,179,0.7296,47,105
3175,215,0.8805,59,186
3176,820,4.2551,52,326
3177,255,1.1103,50,72
3178,125,0.5059,57,121
3179,3920,20.2506,58,184
3180,394,1.9539,51,316
3181,266,1.402,51,190
3182,452,1.9545,46,124
3183,716,3.2692,51,272
3184,87,0.3959,38,60
3185,392,1.8757,47,178
3186,609,2.7068,50,56
3187,186,0.7867,48,181
3188,532,2.2675,67,445
3189,400,1.9538,46,102
3190,495,2.1204,56,270
3191,953,4.6549,55,730
3192,611,2.9803,44,513
3193,1184,6.1191,66,612
3194,541,2.4527,47,82
3195,1077,5.5242,72,50
3196,334,1.3702,49,178
3197,379,1.8534,76,174
3198,766,3.4024,53,104
3199,628,3.051,60,617
3200,504,2.136,56,500
3201,1191,6.0894,68,131
3202,1515,7.7354,56,684
3203,218,1.0129,46,127
3204,1215,5.8867,64,96
3205,289,1.2425,41,284
3206,608,2.9195,52,77
3207,335,1.5617,53,49
3208,277,1.1821,50,41
3209,591,2.5305,50,73
3210,344,1.4661,45,114
3211,624,2.8049,70,51
3212,2143,10.9127,55,232
3213,638,3.1857,61,438
3214,1227,6.1859,92,83
3215,672,3.1346,66,468
3216,699,3.2265,54,325
3217,1192,5.9539,61,248
3218,140,0.569,32,125
3219,91,0.3603,59,41
3220,192,0.7891,49,177
3221,348,1.6095,53,239
3222,193,0.7773,45,186
3223,468,2.2457,47,449
3224,842,3.9786,52,582
3225,227,0.9457,71,207
3226,317,1.3758,49,83
3227,183,0.7336,48,99
3228,144,0.605,47,55
3229,333,1.4452,55,305
3230,79,0.3226,47,68
3231,556,2.468,53,73
3232,397,1.7474,59,47
3233,269,1.1538,41,240
3234,370,1.6969,47,49
3235,405,1.7689,44,311
3236,212,0.8683,48,80
3237,890,4.4221,52,184
3238,269,1.1451,40,234
3239,123,0.4852,35,47
3240,820,3.679,74,122
3241,421,1.8213,71,420
3242,681,2.9459,82,332
3243,1008,5.0175,59,520
3244,227,0.9588,43,60
3245,595,2.646,63,74
3246,630,2.8014,57,226
3247,338,1.4588,55,187
3248,226,0.926,54,95
3249,847,3.719,61,177
3250,511,2.4797,46,455
3251,170,0.6971,48,72
3252,497,2.1921,60,289
3253,540,2.6282,68,70
3254,462,2.2414,50,144
3255,197,0.8213,49,183
3256,525,2.2615,55,118
3257,177,0.7273,67,174
3258,591,2.7019,66,435
3259,289,1.2485,48,60
3260,182,0.7593,51,85
3261,526,2.2979,49,524
3262,329,1.465,47,239
3263,929,4.4925,66,524
3264,387,1.6945,41,237
3265,328,1.4439,44,251
3266,412,1.7218,52,238
3267,301,1.2684,48,116
3268,246,1.018,64,78
3269,695,3.3126,73,329
3270,498,2.4779,58,268
3271,682,3.3322,60,351
3272,1748,9.1069,52,61
3273,126,0.5648,61,83
3274,408,1.7363,61,117
3275,2227,11.6833,71,741
3276,432,1.9364,50,324
3277,718,3.3033,72,689
3278,505,2.1688,61,450
3279,2532,13.1047,90,2297
3280,1060,5.7476,77,649
3281,126,0.5102,38,117
3282,1308,6.4682,62,548
3283,4700,24.2741,70,4251
3284,163,0.715,43,140
3285,891,4.3751,63,95
3286,220,0.9358,58,144
3287,204,0.841,45,92
3288,263,1.0838,55,94
3289,1351,6.8211,54,995
3290,249,1.3678,54,172
3291,1747,9.2584,63,647
3292,1597,8.6783,77,873
3293,581,2.8402,65,516
3294,410,1.8329,51,42
3295,1283,6.4208,64,998
3296,2112,10.8643,75,1987
3297,69,0.2912,37,52
3298,2007,10.0652,73,125
3299,388,1.7757,51,262
3300,388,1.6797,52,55
3301,161,0.6722,49,130
3302,378,1.6762,44,70
3303,73,0.2909,49,50
3304,184,0.7568,55,119
3305,212,0.8813,52,203
3306,326,1.4008,58,54
3307,420,1.8255,58,162
3308,1151,6.088,73,610
3309,561,2.7181,52,193
3310,2104,10.6349,79,1386
3311,574,2.9429,54,57
3312,484,2.317,59,58
3313,491,2.0788,59,427
3314,575,2.7488,56,129
3315,873,4.1664,76,585
3316,332,1.7657,55,104
3317,344,1.4336,51,75
3318,395,1.883,52,84
3319,308,1.31,47,306
3320,526,2.5163,53,302
3321,360,1.5726,64,70
3322,188,0.7669,45,180
3323,329,1.4087,60,276
3324,608,2.624,59,275
3325,163,0.6704,44,45
3326,210,0.885,49,191
3327,1106,5.1792,57,537
3328,1562,7.7062,62,1137
3329,321,1.415,51,80
3330,835,3.7517,80,408
3331,1825,9.1379,57,753
3332,190,0.8026,45,144
3333,413,1.8022,49,318
3334,376,1.7323,50,105
3335,247,1.0304,67,107
3336,174,0.7858,49,98
3337,234,0.9635,45,230
3338,177,0.7364,51,58
3339,455,1.9747,71,454
3340,677,3.0557,66,78
3341,77,0.3249,44,68
3342,640,2.9879,67,194
3343,1884,9.3244,66,1191
3344,585,2.9675,65,86
3345,1960,9.914,65,1466
3346,512,2.4107,73,83
3347,2518,12.918,54,1708
3348,682,3.3686,73,55
3349,1103,5.6022,49,923
3350,599,2.8457,48,455
3351,274,1.1393,46,211
3352,465,2.1023,65,187
3353,419,1.8443,67,200
3354,378,1.6326,51,285
3355,62,0.3212,36,61
3356,666,2.918,48,126
3357,346,1.4217,54,134
3358,226,0.9304,47,134
3359,334,1.4877,50,137
3360,688,3.2491,78,257
3361,333,1.4005,56,323
3362,318,1.3798,47,68
3363,94,0.375,53,89
3364,496,2.1998,57,416
3365,2085,10.5737,63,963
3366,181,0.7829,60,39
3367,353,1.6019,50,314
3368,658,2.8339,53,575
3369,168,0.6767,55,164
3370,729,3.1809,75,60
3371,261,1.0977,56,121
3372,225,0.998,49,67
3373,228,0.9891,43,183
3374,1202,6.4624,58,772
3375,788,3.8339,59,380
3376,1385,7.2425,53,1383
3377,284,1.353,50,165
3378,250,1.027,67,193
3379,500,2.1794,60,455
3380,2314,11.728,73,455
3381,96,0.3818,35,61
3382,356,1.5992,51,275
3383,302,1.4233,56,56
3384,507,2.1645,58,439
3385,516,2.1992,63,111
3386,241,1.0387,54,127
3387,180,0.7347,52,140
3388,700,3.0434,62,257
3389,3005,16.0878,73,1590
3390,173,0.7287,51,90
3391,537,2.3916,57,475
3392,484,2.4147,53,79
3393,1130,5.5162,61,297
3394,218,0.9173,46,202
3395,1181,5.867,70,1006
3396,1374,6.8937,71,833
3397,335,1.6302,59,172
3398,506,2.2059,62,440
3399,417,1.9391,42,256
3400,620,2.7073,55,411
3401,239,0.9953,46,85
3402,102,0.3962,39,101
3403,204,0.8787,46,169
3404,200,0.9234,47,96
3405,405,1.7173,53,393
3406,575,2.501,51,567
3407,808,3.5807,50,543
3408,407,1.7682,52,148
3409,374,1.6306,50,54
3410,1713,8.8806,61,1239
3411,190,0.8131,62,123
3412,152,0.6337,55,73
3413,217,1.0809,45,147
3414,161,0.646,49,132
3415,185,0.7439,53,174
3416,244,1.0272,50,236
3417,506,2.2955,62,73
3418,239,1.0134,43,54
3419,148,0.6291,43,142
3420,325,1.3566,55,107
3421,360,1.6331,45,70
3422,692,3.1921,52,69
3423,1327,7.039,76,566
3424,292,1.3167,44,45
3425,1048,5.2116,75,333
3426,1074,5.4234,62,325
3427,709,3.1727,67,93
3428,418,1.9691,63,308
3429,339,1.46,48,199
3430,486,2.1269,53,280
3431,121,0.4813,45,119
3432,513,2.3077,55,323
3433,562,2.5954,53,113
3434,632,3.0387,55,569
3435,752,3.6167,68,279
3436,722,3.6912,78,223
3437,111,0.434,42,58
3438,145,0.5797,39,123
3439,443,2.1689,48,332
3440,2301,12.3453,64,2137
3441,501,2.425,60,295
3442,266,1.1924,46,131
3443,413,2.0603,59,68
3444,550,2.4603,75,491
3445,421,1.8035,46,393
3446,388,1.7848,59,201
3447,522,2.5087,57,81
3448,1528,7.8919,58,922
3449,879,4.4223,52,612
3450,511,2.9113,56,48
3451,855,4.1975,61,328
3452,151,0.6153,46,149
3453,685,3.2559,52,539
3454,1755,8.8885,55,282
3455,452,2.2174,75,437
3456,517,2.2523,54,61
3457,3536,18.5675,59,2043
3458,479,2.221,69,169
3459,671,2.9208,56,581
3460,432,1.8663,54,132
3461,485,2.2253,54,474
3462,1032,5.0356,60,518
3463,184,0.7738,59,180
3464,198,0.8096,58,150
3465,1545,7.8182,59,1284
3466,794,4.1275,48,77
3467,549,2.4853,56,518
3468,254,1.1685,46,91
3469,139,0.5993,47,77
3470,308,1.5937,50,193
3471,252,1.0294,54,181
3472,593,2.6034,49,300
3473,491,2.0753,62,199
3474,1068,5.1728,70,945
3475,978,4.6863,73,503
3476,1979,9.919,66,1338
3477,437,1.952,51,245
3478,1228,6.0643,48,974
3479,996,5.067,69,218
3480,319,1.4929,77,137
3481,351,1.4574,49,187
3482,1554,8.2697,79,1110
3483,586,2.6991,50,39
3484,514,2.5459,57,357
3485,410,2.1319,61,62
3486,927,4.4104,49,266
3487,164,0.6689,40,128
3488,1774,9.1803,65,260
3489,2670,13.8057,59,159
3490,957,4.7853,64,847
3491,837,4.0972,62,483
3492,493,2.2147,53,324
3493,310,1.2898,55,262
3494,168,0.7342,42,125
3495,158,0.6489,44,64
3496,914,4.601,51,868
3497,2845,14.8972,66,497
3498,465,2.2152,54,312
3499,496,2.2613,52,495
3500,523,2.4248,64,464
3501,519,2.2313,54,494
3502,303,1.4506,52,292
3503,108,0.4427,46,60
3504,584,2.6977,45,182
3505,732,3.5666,61,242
3506,972,4.8459,74,668
3507,588,2.5908,54,220
3508,320,1.3341,50,139
3509,785,3.751,51,641
3510,798,4.0295,65,288
3511,1638,8.8581,58,992
3512,2054,10.694,59,477
3513,127,0.5277,48,58
3514,617,2.7793,52,326
3515,332,1.4369,42,130
3516,748,3.4198,63,74
3517,1216,5.8478,57,768
3518,456,2.1043,53,70
3519,656,2.8299,70,56
3520,113,0.4499,45,44
3521,498,2.2103,48,250
3522,407,1.7418,47,105
3523,1001,5.0348,62,826
3524,407,1.7793,55,81
3525,400,1.7497,58,368
3526,412,1.7829,45,318
3527,399,1.7001,48,91
3528,1396,6.9405,62,215
3529,1855,9.5295,69,1737
3530,627,2.8684,57,620
3531,398,1.7823,63,122
3532,90,0.3943,47,84
3533,691,3.0027,51,551
3534,345,1.4733,51,271
3535,684,3.1087,56,624
3536,453,2.0167,60,251
3537,197,0.8169,53,102
3538,1712,8.5177,74,1096
3539,1440,7.5859,58,967
3540,322,1.3903,47,200
3541,258,1.0639,63,230
3542,204,0.8466,39,103
3543,513,2.38,50,416
3544,149,0.6024,46,78
3545,1319,6.4258,55,1249
3546,156,0.6266,66,61
3547,776,3.5314,77,255
3548,465,2.1615,51,349
3549,678,3.0176,64,674
3550,819,3.6683,55,149
3551,409,2.0165,58,408
3552,413,1.7818,49,292
3553,398,1.6649,48,229
3554,93,0.3657,38,53
3555,223,0.93,44,158
3556,1871,9.7669,80,83
3557,347,1.5657,48,227
3558,1545,7.7137,72,839
3559,179,0.8487,39,83
3560,542,2.3751,55,69
3561,597,2.9056,66,208
3562,287,1.3675,51,184
3563,566,2.6132,46,535
3564,874,4.3146,71,486
3565,190,0.7752,45,80
3566,622,2.9477,67,457
3567,793,3.7733,59,520
3568,723,3.4893,58,251
3569,610,2.7186,68,471
3570,393,1.7846,51,332
3571,115,0.4628,35,71
3572,231,0.9715,55,72
3573,443,1.8676,50,386
3574,314,1.3126,51,205
3575,3751,19.6144,67,3194
3576,66,0.2723,38,55
3577,935,4.7578,66,397
3578,827,4.7367,74,179
3579,467,2.1303,57,343
3580,664,3.1992,63,165
3581,917,4.4231,65,760
3582,386,1.6826,50,324
3583,388,1.6487,53,306
3584,288,1.2338,46,45
3585,458,2.1684,51,63
3586,78,0.3472,58,57
3587,191,0.7769,50,136
3588,1248,6.2281,52,514
3589,238,1.0251,62,214
3590,1009,5.1916,54,671
3591,479,2.0685,55,136
3592,315,1.3426,47,157
3593,1672,8.6809,64,708
3594,1023,5.6057,52,883
3595,1196,5.8871,85,1189
3596,526,2.4705,51,131
3597,414,1.8073,49,95
3598,499,2.2347,45,142
3599,744,3.53,57,509
3600,718,3.3113,73,575
3601,543,2.6512,53,310
3602,572,2.4938,59,477
3603,2220,11.3892,62,1489
3604,487,2.2455,47,414
3605,837,4.034,48,743
3606,270,1.254,38,230
3607,80,0.3143,46,41
3608,150,0.6142,51,100
3609,538,2.3475,47,80
3610,512,2.3249,53,266
3611,457,2.1581,63,111
3612,187,0.7712,55,119
3613,163,0.6668,49,150
3614,978,4.8397,77,727
3615,737,3.3298,61,128
3616,395,1.9848,47,251
3617,465,2.0182,49,102
3618,545,2.5656,53,325
3619,425,1.955,48,111
3620,1832,9.8046,77,1789
3621,222,1.1096,69,33
3622,353,1.754,57,104
3623,850,4.1095,64,101
3624,194,0.8173,56,49
3625,183,0.9405,46,133
3626,559,2.3911,52,532
3627,986,4.8544,57,914
3628,1285,6.6967,65,1206
3629,981,5.3225,56,783
3630,445,2.2181,54,103
3631,1127,5.9173,64,745
3632,642,3.0783,54,30
3633,942,4.6166,69,147
3634,3467,18.1733,75,1445
3635,253,1.0605,56,208
3636,253,1.2114,44,147
3637,596,2.7921,64,127
3638,65,0.2615,41,61
3639,189,0.7744,39,66
3640,747,3.3949,58,46
3641,789,3.815,48,521
3642,912,4.952,49,286
3643,351,1.7995,42,163
3644,160,0.7003,53,141
3645,583,2.6099,52,326
3646,718,3.2244,61,103
3647,984,5.1702,76,114
3648,1210,6.2381,89,355
3649,429,2.0368,58,149
3650,270,1.1358,49,113
3651,722,3.3095,52,423
3652,670,2.9142,66,656
3653,108,0.5072,54,96
3654,1742,8.9256,70,919
3655,671,3.4716,64,616
3656,1519,7.3475,78,697
3657,177,0.7464,41,105
3658,479,2.2108,53,432
3659,612,2.6735,64,114
3660,491,2.1348,56,46
3661,607,2.5627,53,548
3662,429,1.9049,53,93
3663,5496,28.1038,90,730
3664,656,2.9848,63,512
3665,390,1.6803,62,334
3666,108,0.4445,44,106
3667,1821,9.4023,75,688
3668,766,3.938,53,478
3669,1301,6.8109,75,1063
3670,109,0.4403,54,83
3671,1134,5.8404,56,750
3672,393,1.7569,51,241
3673,267,1.1429,47,112
3674,71,0.3366,37,46
3675,143,0.5809,46,59
3676,300,1.2643,45,254
3677,2287,11.6748,70,798
3678,288,1.2313,60,213
3679,787,3.5823,49,460
3680,845,4.3851,52,651
3681,711,3.3612,46,94
3682,969,4.67,58,342
3683,56,0.2307,28,54
3684,451,1.9488,53,246
3685,272,1.1557,56,183
3686,206,0.8543,43,59
3687,853,3.969,53,57
3688,918,4.367,53,463
3689,266,1.3103,53,161
3690,721,3.216,52,227
3691,820,3.7871,58,689
3692,1141,5.5481,55,87
3693,824,3.7395,63,699
3694,973,5.1332,59,581
3695,880,4.4454,49,699
3696,321,1.3783,47,99
3697,777,4.424,49,584
3698,1417,7.3526,73,937
3699,118,0.4977,41,107
3700,328,1.3696,61,251
3701,174,0.8369,46,151
3702,122,0.4797,39,86
3703,118,0.4843,53,66
3704,245,1.0093,55,89
3705,293,1.2771,62,74
3706,65,0.2632,43,54
3707,614,2.8576,76,574
3708,218,0.9171,43,118
3709,251,1.0608,47,188
3710,147,0.5824,46,44
3711,976,4.7886,53,183
3712,537,2.5776,66,401
3713,199,0.8566,62,126
3714,2263,11.4782,62,400
3715,950,4.7486,62,257
3716,425,1.9848,63,171
3717,118,0.6452,43,111
3718,448,2.0074,60,409
3719,638,3.2132,52,118
3720,420,1.9339,46,273
3721,840,4.1325,62,70
3722,779,3.4751,53,409
3723,369,1.585,50,356
3724,595,2.5837,50,174
3725,539,2.5413,57,231
3726,668,3.1459,59,486
3727,432,1.8238,64,294
3728,557,2.8878,48,499
3729,327,1.3975,55,281
3730,750,3.3182,62,389
3731,718,3.3634,51,230
3732,89,0.3715,35,34
3733,258,1.0755,52,221
3734,618,2.694,50,190
3735,1076,5.3756,59,1025
3736,1026,5.1357,56,769
3737,634,3.4182,51,224
3738,410,1.8093,52,170
3739,275,1.166,46,121
3740,501,2.2114,65,319
3741,500,2.1649,56,287
3742,674,3.2515,72,656
3743,1448,7.5872,72,1216
3744,474,2.0478,56,201
3745,992,4.8783,68,326
3746,1150,5.7645,60,128
3747,475,2.3335,51,219
3748,252,1.0552,74,139
3749,336,1.7238,47,328
3750,899,4.4116,50,736
3751,564,2.4158,60,231
3752,277,1.2263,41,53
3753,950,4.5062,69,69
3754,3990,21.011,106,513
3755,487,2.5527,74,236
3756,2083,10.3885,57,937
3757,666,3.2624,49,43
3758,853,3.915,68,696
3759,557,2.6268,73,179
3760,2010,10.0278,72,1272
3761,1089,5.7376,71,297
3762,538,2.5363,65,529
3763,602,2.8873,67,52
3764,47,0.1922,30,40
3765,418,1.889,46,84
3766,1017,5.1268,71,224
3767,281,1.3059,50,228
3768,98,0.4333,56,83
3769,194,0.8283,39,191
3770,1295,6.3612,66,142
3771,538,2.5418,83,401
3772,850,3.9025,59,754
3773,512,2.1846,57,278
3774,603,2.6886,54,128
3775,138,0.6099,50,118
3776,717,3.4542,75,701
3777,841,3.8923,65,427
3778,197,0.9235,53,102
3779,140,0.6762,46,90
3780,543,2.3209,52,532
3781,85,0.3653,49,26
3782,68,0.2674,40,46
3783,539,2.4114,62,489
3784,1214,5.9454,65,962
3785,557,2.3803,87,212
3786,2931,15.26,76,102
3787,65,0.3198,34,44
3788,452,2.1414,45,369
3789,2930,15.2135,76,102
3790,3190,16.8056,73,1304
3791,1818,9.3625,61,281
3792,147,0.6106,46,135
3793,1100,5.6546,61,155
3794,212,0.8889,59,139
3795,534,2.374,57,279
3796,2241,11.6592,63,501
3797,67,0.2681,38,54
3798,991,4.9842,56,114
3799,541,2.5076,57,536
3800,297,1.3477,48,117
3801,2029,10.406,72,1290
3802,1035,5.3466,71,297
3803,720,3.3225,73,291
3804,538,2.4764,64,515
3805,214,0.8928,54,55
3806,750,3.6861,71,543
3807,1355,6.5834,79,898
3808,751,3.4399,66,555
3809,764,3.6772,51,359
3810,326,1.5189,42,147
3811,1083,5.3374,48,1032
3812,469,2.0094,53,418
3813,386,1.6286,73,239
3814,405,1.6823,52,197
3815,512,2.1709,49,63
3816,1046,5.0416,71,297
3817,136,0.7045,49,82
3818,993,4.9573,71,297
3819,585,2.6683,64,562
3820,889,4.1901,76,404
3821,1789,9.1287,66,1733
3822,644,3.0872,62,642
3823,416,1.9214,61,394
3824,130,0.5108,36,72
3825,570,2.4692,75,554
3826,279,1.3127,45,135
3827,978,5.2235,68,813
3828,250,1.0953,49,113
3829,154,0.6322,68,82
3830,529,2.3014,57,522
3831,1064,5.2145,59,538
3832,1293,6.5067,86,211
3833,1980,10.2103,56,1089
3834,898,4.7993,71,532
3835,46,0.1839,36,34
3836,2737,14.0153,76,102
3837,3580,19.1469,63,3128
3838,914,4.8235,82,894
3839,202,0.8477,53,91
3840,63,0.2559,35,24
3841,189,0.7794,39,187
3842,73,0.2837,41,69
3843,1367,6.9539,64,138
3844,447,2.0811,52,141
3845,952,4.8501,71,86
3846,7906,41.4202,85,7227
3847,71,0.4044,36,58
3848,141,0.6446,48,117
3849,571,2.6978,75,555
3850,77,0.3197,42,69
3851,513,2.2618,54,380
3852,618,2.6699,61,523
3853,135,0.5483,38,114
3854,1965,10.2969,56,1089
3855,1323,7.0216,65,1071
3856,1146,5.9563,58,1055
3857,3140,16.194,76,102
3858,771,4.0291,69,475
3859,90,0.3804,46,70
3860,109,0.4462,44,108
3861,555,2.5319,54,528
3862,2738,13.7709,76,102
3863,604,3.1156,61,385
3864,243,1.0783,46,214
3865,869,4.2904,71,771
3866,219,1.0142,47,40
3867,1560,7.9285,66,878
3868,1845,9.3551,61,281
3869,1265,6.5364,67,387
3870,732,3.7263,73,699
3871,98,0.4074,38,62
3872,139,0.7007,50,109
3873,818,3.8844,55,725
3874,405,1.7504,73,240
3875,95,0.4765,47,51
3876,230,0.9708,45,222
3877,90,0.4923,42,53
3878,264,1.1229,42,241
3879,729,3.3717,73,300
3880,923,4.6592,62,754
3881,832,4.0781,69,493
3882,62,0.2696,45,59
3883,123,0.4868,54,99
3884,814,3.9763,60,226
3885,957,4.8669,56,114
3886,649,3.1358,76,273
3887,152,0.6185,52,140
3888,782,3.4935,54,131
3889,363,1.5947,49,79
3890,490,2.1503,50,432
3891,2173,10.9279,67,331
3892,573,2.7413,52,262
3893,551,2.5892,50,455
3894,103,0.4027,41,84
3895,1149,5.6504,58,44
3896,926,4.5481,63,312
3897,1542,7.6385,76,273
3898,1345,6.8455,68,693
3899,861,4.4572,72,142
3900,966,5.1134,54,280
3901,459,2.0193,54,52
3902,125,0.5025,50,56
3903,214,0.9223,76,99
3904,1836,9.0717,79,280
3905,686,3.2104,52,262
3906,564,3.0443,73,503
3907,1919,9.5143,57,1192
3908,1548,8.0963,68,1538
3909,1035,5.3389,72,739
3910,135,0.556,52,88
3911,153,0.6692,45,111
3912,785,3.8148,55,414
3913,130,0.5146,48,123
3914,920,4.3273,63,393
3915,1944,9.584,63,1631
3916,3735,19.7809,68,859
3917,150,0.6346,44,69
3918,251,1.0212,49,109
3919,1570,7.7227,78,923
3920,2075,10.4677,59,1463
3921,809,3.8144,69,470
3922,1497,7.5058,68,1487
3923,188,0.8049,53,104
3924,74,0.3761,35,40
3925,1622,8.2378,87,843
3926,1966,10.0112,87,1153
3927,692,3.8278,60,524
3928,1316,6.5294,69,979
3929,181,0.7466,43,154
3930,60,0.279,31,59
3931,846,4.1447,79,802
3932,282,1.2031,52,145
3933,943,4.6529,62,554
3934,1552,8.0059,79,933
3935,569,2.8325,59,217
3936,85,0.3397,37,72
3937,522,2.5061,54,98
3938,2142,10.8588,77,199
3939,1159,5.8205,63,785
3940,800,3.9161,69,470
3941,336,1.4472,49,53
3942,1169,5.9896,71,871
3943,474,2.1894,54,52
3944,467,2.2401,49,357
3945,961,4.8271,54,871
3946,1121,5.5436,83,187
3947,117,0.5021,54,61
3948,318,1.3572,63,143
3949,2793,14.3915,87,1153
3950,123,0.5022,49,80
3951,1937,9.8932,57,1169
3952,1656,8.5748,87,843
3953,480,2.1141,59,192
3954,870,4.4691,58,164
3955,57,0.2212,42,44
3956,1035,5.3729,59,496
3957,99,0.394,47,60
3958,1286,6.5128,64,281
3959,1052,5.1863,54,889
3960,1418,7.2594,69,1112
3961,4744,24.7382,65,1280
3962,1276,6.3915,65,959
3963,1384,6.8696,72,1155
3964,974,4.9646,54,884
3965,1950,10.2432,63,1637
3966,115,0.4654,50,39
3967,107,0.4324,37,74
3968,374,1.6049,73,371
3969,854,4.0675,58,737
3970,315,1.3702,60,137
3971,2019,10.5863,70,408
3972,136,0.5872,42,78
3973,715,3.6661,68,209
3974,2461,13.1564,79,1916
3975,728,3.7572,50,54
3976,534,2.5545,72,305
3977,512,2.299,54,262
3978,1152,5.9795,69,979
3979,2555,13.8048,68,555
3980,554,2.4981,57,158
3981,509,2.3878,42,396
3982,1226,6.0511,65,974
3983,983,4.8585,78,923
3984,732,3.5071,70,533
3985,1897,9.6874,77,1598
3986,138,0.5822,53,40
3987,944,5.25,60,639
3988,479,2.2613,54,52
3989,463,1.9971,49,357
3990,70,0.3443,38,47
3991,58,0.2395,31,51
3992,943,4.6302,83,158
3993,783,3.7525,53,447
3994,606,2.6634,62,169
3995,1410,6.9688,74,1363
3996,582,2.709,50,486
3997,129,0.5204,50,127
3998,2520,12.9404,74,726
3999,547,2.4418,46,423
4000,710,3.1949,73,281
4001,1632,8.2996,87,843
4002,54,0.267,33,46
4003,2799,14.8632,87,1153
4004,2516,13.3033,68,555
4005,878,4.6351,64,646
4006,126,0.5511,61,49
4007,990,4.819,76,644
4008,209,0.8671,45,64
4009,521,2.2849,55,315
4010,568,2.6794,73,45
4011,597,2.6988,60,563
4012,3030,15.3346,65,1257
4013,2455,12.784,67,1136
4014,912,4.9783,63,385
4015,800,3.8016,54,168
4016,1504,7.4666,87,881
4017,155,0.7089,41,66
4018,1009,5.1734,60,724
4019,187,0.8393,50,166
4020,387,1.7301,46,136
4021,366,1.5428,52,100
4022,1675,8.3307,79,280
4023,97,0.3781,53,76
4024,2036,10.3347,64,1992
4025,865,4.7465,71,567
4026,205,0.9221,58,62
4027,2036,10.4231,64,1992
4028,1502,8.0809,76,273
4029,2020,10.2273,64,1976
4030,890,4.4291,70,365
4031,361,1.5466,73,358
4032,2037,10.4769,64,1993
4033,122,0.4889,49,65
4034,268,1.1315,51,139
4035,104,0.4192,47,97
4036,1181,5.8968,68,529
4037,450,2.2832,57,313
4038,1301,6.6248,65,1050
4039,1644,8.7237,63,229
4040,781,4.1037,54,131
4041,5131,26.49,63,3624
4042,486,2.3641,54,52
4043,143,0.6205,44,113
4044,571,2.479,62,561
4045,2307,11.9146,79,1916
4046,1261,6.4998,79,804
4047,972,4.6952,83,187
4048,309,1.3635,53,254
4049,95,0.3727,50,93
4050,188,0.8906,38,129
4051,1782,8.9464,56,1398
4052,708,3.2273,55,507
4053,674,3.0961,52,262
4054,138,0.5566,44,96
4055,623,2.9514,60,589
4056,544,2.5449,46,67
4057,2459,12.4157,85,728
4058,942,4.6734,64,219
4059,2762,14.5712,68,79
4060,1872,9.6773,57,1169
4061,1857,9.5356,73,1305
4062,1554,7.8135,69,1248
4063,899,4.5368,85,293
4064,154,0.6242,57,152
4065,96,0.4256,54,77
4066,3579,18.2667,63,3128
4067,280,1.3281,46,252
4068,122,0.4963,65,82
4069,1121,5.8953,69,784
4070,525,2.6703,52,315
4071,324,1.4191,56,78
4072,115,0.5916,37,101
4073,600,2.6409,58,257
4074,2396,12.0845,82,1553
4075,162,0.6905,46,141
4076,2021,10.3975,64,1977
4077,1134,5.8957,72,905
4078,215,0.9025,59,184
4079,736,3.4155,59,366
4080,2020,10.4208,64,1976
4081,982,5.1382,78,923
4082,165,0.7646,46,148
4083,2017,10.3972,64,1973
4084,501,2.4099,51,53
4085,2083,10.8581,59,1463
4086,2797,14.1388,73,1445
4087,4733,24.7367,65,1280
4088,756,3.6007,53,251
4089,445,2.1128,60,416
4090,413,1.7395,66,277
4091,5116,26.8472,63,3602
4092,1499,7.5612,68,734
4093,4101,21.2555,63,4061
4094,5135,26.52,63,3620
4095,1915,10.0561,63,1603
0,775,4.2382,58,208
1,89,0.4412,37,84
2,2719,13.8598,67,2022
3,1867,9.6229,57,1776
4,966,4.9739,61,923
5,781,3.956,67,151
6,344,1.6019,47,56
7,835,3.9236,58,88
8,2037,10.2009,74,1691
9,401,1.7303,57,258
10,2177,11.0726,245,577
11,447,2.136,62,239
12,669,3.2775,55,572
13,280,1.24,46,252
14,1877,9.457,61,1696
15,524,2.5412,48,214
16,286,1.3197,49,213
17,341,1.5377,50,340
18,397,1.8925,57,245
19,636,2.8958,49,172
20,1300,6.6546,69,1249
21,3322,17.6931,63,1433
22,466,2.1562,51,446
23,1156,5.791,74,817
24,635,2.8858,60,192
25,1698,8.7679,63,283
26,1242,6.5094,63,1003
27,1482,7.9905,64,1439
28,520,2.3318,59,426
29,1191,5.8938,68,158
30,41,0.1623,22,38
31,1135,5.6782,64,284
32,1351,6.8544,71,693
33,157,0.6294,50,91
34,460,2.0331,49,83
35,487,2.2191,46,71
36,546,2.4278,52,336
37,2347,11.7856,71,1833
38,352,1.7027,54,71
39,1978,9.9796,59,357
40,164,0.6741,39,136
41,653,2.9635,57,234
42,951,4.5078,58,394
43,884,4.2174,63,865
44,218,0.9579,46,113
45,1243,6.053,79,277
46,1577,8.1437,70,1108
47,1229,6.4033,60,485
48,148,0.6517,41,84
49,607,2.6431,48,250
50,2195,11.2839,63,397
51,379,1.6722,46,215
52,175,0.7858,50,138
53,996,5.3201,69,452
54,1449,7.8455,69,91
55,747,3.5887,59,231
56,360,1.5179,49,126
57,544,2.4058,55,43
58,626,2.7496,55,82
59,1671,8.4202,66,1163
60,1008,5.0326,59,78
61,1631,8.1567,74,926
62,1337,6.8549,60,1075
63,1723,9.1477,56,1612
64,216,0.9025,58,130
65,500,2.1706,57,320
66,911,4.6221,68,904
67,356,1.5539,44,174
68,145,0.5796,50,126
69,77,0.308,41,69
70,41,0.1549,40,40
71,41,0.154,35,39
72,610,2.6998,61,295
73,541,2.519,52,517
74,913,4.6368,55,235
75,2600,13.5714,75,1476
76,267,1.2713,60,189
77,253,1.045,52,213
78,1470,7.7858,69,286
79,651,3.2422,44,402
80,526,2.4307,57,301
81,694,3.3033,67,409
82,12,0.054,17,11
83,33,0.1214,33,30
84,529,2.3246,53,384
85,659,2.9965,64,314
86,2024,10.4384,62,92
87,88,0.3815,37,85
88,4219,21.5799,69,3564
89,460,2.2749,52,119
90,144,0.5784,42,110
91,617,2.686,75,326
92,145,0.5817,49,62
93,1896,9.4952,57,1169
94,643,2.9933,52,113
95,256,1.0708,61,218
96,1584,8.0627,74,494
97,638,2.953,77,296
98,1654,8.2765,80,133
99,723,3.252,69,353
100,1070,5.3368,54,489
101,159,0.6667,44,54
102,1032,5.145,61,668
103,391,1.6795,79,386
104,887,4.158,58,426
105,155,0.6436,47,70
106,1694,8.443,65,812
107,835,4.195,61,305
108,556,2.7609,53,130
109,130,0.5066,55,75
110,1040,5.2176,56,641
111,352,1.7601,53,73
112,823,4.1158,69,493
113,179,0.7357,49,88
114,1577,8.0265,97,376
115,62,0.2624,39,60
116,30,0.1618,22,29
117,29,0.151,30,22
118,12,0.0536,14,11
119,12,0.0499,14,11
120,620,2.8197,68,127
121,164,0.6961,63,141
122,132,0.5232,59,119
123,186,0.8225,55,121
124,186,0.763,55,121
125,152,0.6075,40,141
126,152,0.7634,40,141
127,254,1.1291,53,67
128,254,1.0499,53,67
129,254,1.0475,53,67
130,266,1.1052,53,189
131,266,1.1173,53,189
132,64,0.3148,30,62
133,64,0.3155,30,62
134,105,0.4132,41,51
135,105,0.4168,41,51
136,106,0.4247,50,71
137,106,0.5187,50,71
138,137,0.5537,47,64
139,137,0.5348,47,64
140,258,1.054,52,133
141,258,1.0865,52,133
142,378,1.9255,62,127
143,368,1.527,53,263
144,1877,9.2713,69,497
145,557,2.5569,45,312
146,288,1.2322,56,104
147,1602,8.0561,76,290
148,948,4.9728,54,646
149,549,2.377,65,212
150,741,3.5885,56,664
151,110,0.5051,43,87
152,12346,63.9702,69,9422
153,178,0.7371,44,129
154,741,3.5488,57,91
155,2552,13.4345,61,657
156,3124,16.1621,60,3090
157,1913,9.4949,70,921
158,2861,14.9426,85,172
159,474,2.1279,59,324
160,1716,9.2351,59,536
161,2180,11.4086,65,1982
162,353,1.5753,61,106
163,2463,12.4449,68,1575
164,458,2.2092,60,427
165,249,1.1468,39,81
166,406,1.8717,53,267
167,366,1.7012,57,85
168,298,1.2652,43,130
169,370,1.6393,62,132
170,575,2.5058,51,509
171,324,1.5451,48,66
172,828,3.8322,62,116
173,542,2.3124,57,390
174,327,1.3936,44,165
175,154,0.7391,45,145
176,477,2.0186,60,61
177,574,2.52,44,571
178,3098,15.7927,65,470
179,643,2.9488,62,570
180,298,1.2778,59,296
181,893,4.215,58,888
182,454,1.9483,55,82
183,52,0.216,34,48
184,417,1.8095,54,317
185,925,4.303,58,247
186,64,0.292,31,62
187,1202,6.0049,67,95
188,399,1.7057,65,349
189,417,1.7981,55,357
190,579,2.5894,61,345
191,205,0.832,56,86
192,1048,5.233,64,459
193,214,0.9324,40,125
194,209,0.8575,46,63
195,399,1.7244,48,90
196,858,4.1753,73,423
197,885,4.2684,64,397
198,332,1.47,52,179
199,510,2.2751,62,277
200,256,1.0844,43,41
201,271,1.1496,51,250
202,494,2.1044,54,158
203,719,3.2796,54,238
204,406,1.6715,53,354
205,2060,10.0998,70,1282
206,319,1.3476,45,93
207,509,2.1513,55,507
208,276,1.1927,52,82
209,258,1.1073,44,52
210,1116,5.6479,58,135
211,502,2.2345,54,457
212,152,0.6052,45,143
213,590,2.6907,70,341
214,477,1.9338,48,476
215,962,4.7059,65,793
216,463,1.9751,53,161
217,724,3.1527,58,53
218,508,2.1049,57,454
219,497,2.2357,43,33
220,1193,5.6688,63,638
221,398,1.9157,50,265
222,488,2.1374,66,146
223,290,1.2544,57,54
224,1103,5.5405,51,80
225,93,0.3631,43,51
226,245,1.1004,50,194
227,613,3.0331,54,539
228,504,2.2239,51,95
229,440,1.8763,53,67
230,395,1.7603,42,103
231,235,0.9824,49,55
232,121,0.4765,44,70
233,82,0.3264,46,79
234,26,0.1072,23,20
235,116,0.467,47,112
236,253,1.0308,63,83
237,48,0.1846,36,44
238,488,2.0995,67,248
239,410,1.7351,62,325
240,219,0.8964,47,46
241,477,1.9932,43,152
242,461,2.1507,50,112
243,2732,14.1139,72,342
244,738,3.6284,59,587
245,536,2.5544,46,359
246,1303,6.389,69,1237
247,366,1.6288,52,278
248,427,1.8056,49,354
249,439,1.8592,49,298
250,473,2.1909,48,75
251,947,4.6667,74,206
252,513,2.2263,58,343
253,177,0.7721,44,90
254,414,1.7309,57,251
255,1028,5.0838,71,912
256,532,2.623,59,175
257,367,1.5602,50,363
258,534,2.4699,60,153
259,915,4.5164,54,83
260,154,0.6349,47,51
261,441,1.9308,60,399
262,193,0.7984,51,84
263,785,3.5483,62,64
264,461,2.2396,45,370
265,322,1.3769,56,163
266,208,0.8651,40,201
267,213,0.9322,48,73
268,444,1.8967,55,432
269,261,1.1741,54,87
270,317,1.4769,52,245
271,983,5.1173,61,52
272,238,1.0983,51,192
273,867,4.4909,67,69
274,510,2.2184,53,137
275,84,0.3244,47,50
276,308,1.3054,50,103
277,371,1.5611,54,241
278,543,2.6243,49,225
279,1572,7.9368,67,216
280,46,0.1905,38,36
281,589,2.7116,70,447
282,425,1.8305,56,258
283,257,1.1204,56,90
284,362,1.5878,43,161
285,341,1.429,47,328
286,88,0.3502,52,87
287,436,2.1006,47,400
288,582,2.5694,71,123
289,602,2.6077,63,305
290,339,1.4814,49,317
291,393,1.7381,67,85
292,1098,5.5689,68,388
293,485,2.1825,60,140
294,969,4.7503,54,283
295,876,4.3102,49,708
296,103,0.421,55,54
297,223,0.9486,42,106
298,1810,9.1563,75,459
299,90,0.4817,39,77
300,220,0.939,47,19
301,187,0.7653,53,79
302,420,1.7937,46,221
303,636,2.8412,44,275
304,770,3.6502,51,303
305,515,2.7749,52,94
306,1983,10.0232,70,1682
307,100,0.4089,43,41
308,157,0.662,55,55
309,219,1.1142,56,156
310,139,0.5771,50,105
311,71,0.3592,38,64
312,2225,11.1031,59,2092
313,97,0.3739,48,95
314,307,1.294,47,236
315,566,2.4626,60,359
316,257,1.1785,46,33
317,512,2.348,48,237
318,229,0.9607,44,113
319,263,1.1254,43,207
320,1621,8.0232,80,1124
321,553,2.6918,57,95
322,225,0.9998,46,69
323,1354,6.3865,58,100
324,257,1.1899,42,88
325,124,0.5042,48,56
326,137,0.5446,45,64
327,175,0.8742,52,86
328,187,0.7582,37,184
329,209,0.8864,50,64
330,214,0.8739,41,33
331,377,1.888,39,144
332,377,1.7667,45,376
333,643,2.93,49,641
334,718,3.1486,54,703
335,379,1.8201,63,240
336,411,1.7207,57,202
337,553,2.4719,66,411
338,131,0.5295,47,55
339,308,1.2707,58,121
340,75,0.3417,41,74
341,76,0.316,47,75
342,440,2.0395,50,203
343,443,1.9055,54,46
344,342,1.5332,43,341
345,1888,9.2978,59,167
346,658,2.9325,74,380
347,41,0.1564,46,40
348,135,0.5308,51,87
349,193,0.8472,48,57
350,1427,7.06,61,1355
351,106,0.4401,36,53
352,522,2.2809,59,454
353,257,1.1588,52,61
354,384,1.6506,57,230
355,511,2.1591,68,138
356,436,1.8672,51,241
357,759,3.7478,73,697
358,680,2.9923,61,301
359,207,1.0532,61,137
360,463,1.9875,56,267
361,114,0.4538,42,46
362,577,2.6877,61,94
363,263,1.1104,48,118
364,56,0.2189,63,53
365,1963,9.6598,58,1599
366,698,3.3491,59,532
367,446,2.106,66,296
368,2225,11.1912,57,2018
369,374,1.7525,54,221
370,614,2.8247,61,231
371,377,1.5751,51,90
372,451,1.9292,55,357
373,450,1.8735,55,357
374,451,1.9217,55,357
375,463,2.0984,64,368
376,421,1.7586,43,389
377,156,0.6261,42,76
378,340,1.4268,51,196
379,650,2.9552,67,173
380,285,1.1686,50,103
381,307,1.402,69,52
382,173,0.7234,51,79
383,116,0.4688,51,48
384,174,0.7039,59,101
385,127,0.5017,42,115
386,113,0.4567,50,72
387,113,0.4639,51,50
388,578,2.5173,70,220
389,568,2.4685,75,225
390,575,2.7005,80,219
391,2704,14.4188,81,2198
392,503,2.2334,63,501
393,333,1.41,53,256
394,333,1.4197,53,256
395,587,2.6682,82,140
396,1225,5.9641,70,768
397,434,2.0527,58,146
398,357,1.5297,48,165
399,531,2.2669,52,503
400,722,3.3983,51,598
401,164,0.6734,56,137
402,589,2.6152,66,161
403,362,1.5456,49,75
404,366,1.5206,69,286
405,391,1.8839,57,111
406,382,1.6742,52,216
407,1162,5.6881,57,561
408,1780,9.6516,68,852
409,495,2.458,59,460
410,846,4.1167,55,516
411,545,2.5663,52,63
412,57,0.2301,42,28
413,337,1.4648,45,109
414,236,0.9747,41,234
415,379,1.7091,51,52
416,1177,6.1081,52,1106
417,656,3.1602,59,466
418,113,0.4654,47,88
419,787,3.821,78,301
420,185,0.7656,40,54
421,190,0.7869,48,115
422,464,2.1442,46,141
423,247,1.2763,43,230
424,455,1.917,46,452
425,154,0.6381,41,50
426,623,2.8429,59,613
427,1098,5.4497,54,935
428,942,4.5938,64,219
429,142,0.5658,48,84
430,142,0.591,44,72
431,662,3.3171,57,294
432,418,1.9622,73,306
433,495,2.1153,73,272
434,428,1.9845,50,192
435,450,1.8825,62,295
436,428,1.9895,74,171
437,494,2.1736,58,195
438,354,1.5738,60,254
439,253,1.1779,58,122
440,402,1.8592,59,330
441,2145,10.6254,82,2136
442,568,2.7551,65,453
443,285,1.2137,59,130
444,469,2.0312,75,382
445,258,1.0957,56,190
446,487,2.0479,58,147
447,576,2.63,57,219
448,542,2.6022,57,254
449,91,0.3581,36,49
450,764,3.423,35,72
451,88,0.3411,40,48
452,419,1.8199,76,298
453,2147,10.5944,69,922
454,834,4.0548,66,683
455,202,0.9868,51,81
456,346,1.5827,61,131
457,688,3.4517,54,269
458,636,2.826,80,368
459,2176,10.7322,79,769
460,351,1.5695,53,77
461,265,1.1109,45,41
462,91,0.3617,45,54
463,1336,6.4767,60,183
464,489,2.2763,46,180
465,854,4.3536,65,523
466,348,1.4825,51,213
467,491,2.0829,57,144
468,653,2.9424,53,448
469,1502,7.3364,65,1424
470,430,2.0041,62,380
471,141,0.5637,43,94
472,377,1.5908,45,376
473,377,1.5965,39,144
474,1789,8.9133,63,930
475,634,3.2389,54,172
476,652,2.9265,47,644
477,740,3.3506,66,346
478,711,3.2743,67,163
479,142,0.5852,46,50
480,283,1.3586,58,153
481,429,1.8125,48,235
482,884,4.5634,71,494
483,847,4.5192,64,577
484,198,0.8625,84,117
485,315,1.3431,56,202
486,1092,5.2502,64,914
487,44,0.1762,34,21
488,817,4.0584,50,759
489,790,4.2057,50,732
490,773,3.6439,51,595
491,1316,6.5829,55,465
492,1397,6.9656,55,352
493,1071,5.4435,68,1039
494,964,4.8431,80,880
495,354,1.5124,52,265
496,183,0.9297,52,87
497,676,3.1376,49,71
498,558,2.438,47,53
499,525,2.226,49,203
500,280,1.1604,52,279
501,303,1.2988,58,213
502,1334,6.6184,65,82
503,115,0.4638,45,59
504,648,2.9989,63,466
505,1413,6.9418,74,445
506,845,4.3436,50,843
507,153,0.6255,43,106
508,179,0.7321,41,163
509,187,0.7699,53,180
510,180,0.7705,44,135
511,1096,5.2746,74,545
512,169,0.6908,45,53
513,605,2.7163,67,124
514,2555,13.0478,65,2063
515,2416,12.3643,56,650
516,464,2.2093,78,97
517,543,2.5001,57,178
518,1266,6.1161,59,388
519,393,1.7299,56,131
520,1042,5.2185,50,166
521,701,3.3991,58,312
522,740,3.4955,52,390
523,364,1.6011,54,219
524,2039,10.4186,71,1818
525,338,1.4881,60,170
526,1047,4.953,69,253
527,600,2.8501,72,302
528,185,0.8179,44,181
529,185,0.7719,48,108
530,888,4.2429,72,400
531,511,2.3996,68,59
532,921,4.3611,62,482
533,492,2.2954,52,327
534,64,0.2522,43,48
535,501,2.1526,54,71
536,1640,8.0062,58,760
537,509,2.5828,61,435
538,1000,5.0144,65,528
539,1448,7.5535,68,1110
540,157,0.6529,44,91
541,334,1.4421,49,312
542,374,1.5701,63,128
543,365,1.5882,46,154
544,238,0.9852,47,98
545,870,4.3586,62,243
546,353,1.6464,38,350
547,428,1.8544,69,91
548,731,3.6882,73,302
549,544,2.4108,62,138
550,747,3.4467,62,613
551,355,1.5397,46,336
552,806,4.145,93,557
553,53,0.2251,40,52
554,557,2.5832,62,77
555,783,3.816,50,777
556,1463,7.3886,58,122
557,2030,10.7486,53,1373
558,377,1.6632,49,114
559,216,0.89,52,209
560,355,1.6066,44,90
561,584,2.6809,68,193
562,484,2.0931,58,169
563,449,1.8932,65,335
564,273,1.2341,47,93
565,976,5.2655,52,92
566,453,2.1709,52,244
567,507,2.2532,49,381
568,577,2.5335,52,370
569,1200,5.8358,62,1017
570,1356,6.8538,62,1173
571,132,0.546,44,90
572,183,0.7628,50,101
573,644,2.8846,62,642
574,703,3.2457,53,43
575,261,1.114,38,245
576,986,5.1439,67,817
577,572,2.7657,55,435
578,499,2.4244,56,381
579,265,1.1577,46,83
580,925,4.6502,46,77
581,129,0.5454,35,72
582,453,2.0346,52,374
583,667,3.1337,53,486
584,1326,6.6216,60,192
585,545,2.6714,49,135
586,1405,8.4198,56,705
587,1209,6.4346,67,893
588,951,5.1838,67,893
589,1591,8.4676,69,1321
590,626,3.0299,52,139
591,290,1.422,61,96
592,515,2.3984,60,459
593,223,0.9332,62,80
594,580,2.8812,55,158
595,924,4.7268,60,668
596,511,2.4232,62,107
597,505,2.1189,61,477
598,498,2.0379,60,148
599,153,0.6146,63,71
600,3414,17.9322,80,1816
601,200,0.8557,45,138
602,1287,6.796,64,478
603,582,3.0532,57,303
604,844,4.4663,64,821
605,313,1.4153,54,215
606,118,0.488,47,62
607,447,2.0532,46,132
608,573,2.4934,56,468
609,175,0.7522,32,130
610,97,0.3986,42,46
611,379,1.6553,57,333
612,265,1.1957,64,95
613,402,1.7116,49,124
614,720,3.2394,60,66
615,1276,6.6162,58,1110
616,355,1.7172,62,99
617,398,1.6778,61,394
618,1398,6.9397,61,919
619,318,1.4249,52,83
620,437,1.9918,53,203
621,648,2.9321,51,265
622,328,1.4939,83,242
623,1130,5.7512,51,523
624,830,4.1989,71,440
625,509,2.4874,53,93
626,1251,6.3636,67,551
627,354,1.7641,68,161
628,511,2.4034,45,37
629,314,1.2864,58,115
630,425,1.9604,60,155
631,1303,6.2061,73,434
632,136,0.5984,44,61
633,141,0.61,49,126
634,356,1.5645,55,172
635,380,1.7453,47,206
636,356,1.6358,49,337
637,386,1.8553,56,226
638,511,2.3313,55,268
639,210,0.9082,39,57
640,531,2.4472,58,225
641,400,1.8089,47,124
642,370,1.6214,59,112
643,701,3.3495,62,59
644,1384,6.9118,72,1155
645,480,2.0624,53,252
646,3727,19.4212,73,70
647,565,2.6959,74,117
648,635,2.9389,57,465
649,315,1.3553,75,52
650,1595,8.2741,98,1017
651,800,4.0195,58,537
652,475,1.9833,75,51
653,756,3.4005,69,386
654,58,0.2374,39,46
655,143,0.6612,48,87
656,298,1.2455,51,80
657,356,1.7846,70,102
658,955,4.5655,78,338
659,602,2.7038,61,466
660,1326,6.2569,79,1187
661,325,1.4449,51,52
662,322,1.3635,46,208
663,195,0.9977,47,177
664,91,0.4197,47,90
665,1021,4.9843,53,164
666,417,2.2222,67,307
667,443,1.8918,59,440
668,250,1.0585,58,78
669,660,2.9351,73,72
670,724,3.5135,68,291
671,383,1.6463,56,89
672,543,2.5896,76,163
673,463,1.9497,60,318
674,692,3.135,61,355
675,511,2.405,59,351
676,897,4.5822,57,83
677,333,1.4491,79,103
678,991,4.9124,53,533
679,139,0.6196,38,108
680,112,0.4451,46,104
681,200,0.8405,50,147
682,550,2.671,74,272
683,460,2.1413,48,459
684,1186,5.7532,60,1086
685,476,2.2746,53,152
686,160,0.6757,53,117
687,84,0.4058,45,76
688,84,0.3495,49,54
689,298,1.3557,45,220
690,315,1.4218,47,306
691,354,1.4713,45,207
692,697,3.204,75,346
693,806,4.0834,64,515
694,847,4.3259,63,98
695,310,1.3182,48,296
696,371,1.5777,64,175
697,426,2.1003,60,418
698,127,0.5767,40,109
699,569,2.7797,78,76
700,393,1.8029,58,91
701,108,0.4324,56,70
702,1505,7.6674,61,750
703,277,1.1912,41,53
704,397,1.8618,48,339
705,107,0.429,55,58
706,1294,6.624,64,1219
707,228,0.9805,52,192
708,268,1.1624,42,189
709,697,3.4922,61,305
710,607,2.8638,77,418
711,152,0.6117,52,140
712,458,1.9731,52,41
713,607,3.0381,58,410
714,1027,5.3169,67,216
715,181,0.7648,53,111
716,495,2.1585,45,491
717,520,2.4975,49,475
718,1138,5.561,50,1132
719,548,2.7196,56,547
720,1369,7.0953,76,1142
721,221,0.9119,43,58
722,1639,8.3072,60,355
723,1319,6.447,71,585
724,350,1.7037,50,325
725,1068,5.4648,62,543
726,402,1.9015,62,303
727,1534,8.0939,85,269
728,2516,13.1712,65,967
729,127,0.5568,35,89
730,148,0.609,45,103
731,465,2.048,55,75
732,471,2.0442,54,307
733,766,3.5954,59,616
734,1003,5.1109,70,271
735,1270,6.6558,75,938
736,391,1.8126,66,127
737,1489,7.6005,64,1202
738,173,0.8189,78,54
739,339,1.6921,64,73
740,341,1.4312,44,122
741,1597,8.0806,61,35
742,377,1.8122,88,329
743,688,3.3728,57,110
744,456,2.53,48,353
745,1595,8.3202,68,827
746,878,4.6742,59,805
747,363,1.7844,55,337
748,123,0.5096,53,98
749,189,0.7818,48,73
750,160,0.6736,57,69
751,680,3.1297,64,354
752,595,2.7059,70,581
753,1055,5.5737,74,598
754,3006,15.4461,69,713
755,835,4.3396,66,499
756,618,3.0781,60,85
757,353,1.5344,53,184
758,1005,4.782,62,377
759,297,1.2858,49,237
760,1715,8.5702,63,1242
761,533,2.6009,72,443
762,316,1.5042,45,256
763,249,1.0921,41,92
764,249,1.037,48,242
765,846,4.2674,77,767
766,407,1.6687,65,271
767,755,3.6818,60,328
768,591,2.6479,69,583
769,248,1.0947,39,194
770,142,0.568,48,78
771,1704,8.5774,79,280
772,470,2.3844,53,152
773,467,2.0775,73,232
774,1679,8.9092,50,538
775,443,2.1144,64,413
776,517,2.2439,63,376
777,491,2.1755,61,159
778,519,2.196,60,128
779,476,2.3114,75,204
780,347,1.4704,48,273
781,642,2.7967,53,150
782,657,3.0813,53,54
783,687,2.9961,52,503
784,2839,14.6615,62,2598
785,441,1.9409,59,183
786,973,4.7791,72,72
787,1102,5.3952,57,656
788,1680,8.3845,63,912
789,505,2.267,65,445
790,520,2.2534,71,63
791,971,4.6466,61,169
792,268,1.1174,48,39
793,783,3.7265,67,478
794,602,2.6752,65,151
795,499,2.1491,59,411
796,488,2.0054,63,206
797,491,2.1025,49,372
798,935,4.3281,57,386
799,509,2.3651,93,415
800,373,1.5117,53,119
801,272,1.1394,48,117
802,323,1.3246,57,77
803,452,1.9345,67,139
804,253,1.0533,41,187
805,369,1.5322,47,47
806,419,1.7976,56,312
807,406,1.6886,51,49
808,214,0.9454,49,71
809,701,3.4599,50,380
810,715,3.5974,64,245
811,2249,11.369,73,1796
812,373,1.7488,59,326
813,1028,5.1845,83,500
814,513,2.2521,46,511
815,507,2.2471,54,473
816,1027,5.3091,71,825
817,5148,26.7281,62,189
818,879,4.479,67,220
819,874,4.3519,68,825
820,1062,5.3158,62,92
821,254,1.2114,58,67
822,257,1.0713,50,188
823,228,1.0335,47,165
824,152,0.6379,58,129
825,918,4.2553,49,663
826,553,2.4957,48,303
827,880,4.2793,52,846
828,641,3.1042,64,150
829,1355,6.7338,61,1193
830,2132,10.7139,56,1503
831,183,0.7652,57,68
832,987,4.8995,58,194
833,1602,8.2024,72,1056
834,1302,6.6329,62,1128
835,995,4.9041,50,890
836,1991,10.0659,57,1961
837,592,2.8688,44,369
838,270,1.1824,53,92
839,93,0.3734,45,36
840,65,0.2534,52,39
841,204,0.9192,52,97
842,500,2.2247,53,64
843,265,1.1313,49,115
844,130,0.5161,48,123
845,213,0.8617,56,209
846,141,0.5925,54,88
847,141,0.7609,41,86
848,143,0.602,45,93
849,173,0.7016,41,110
850,188,0.7763,51,180
851,4640,23.96,55,2748
852,71,0.2801,36,66
853,271,1.1496,56,96
854,157,0.69,42,153
855,602,2.7705,55,368
856,309,1.3231,54,81
857,449,1.8579,56,365
858,548,2.3468,71,388
859,610,2.6308,54,419
860,1590,8.0643,64,150
861,1366,6.7434,73,142
862,113,0.4596,56,70
863,147,0.6052,62,133
864,58,0.2911,36,31
865,235,0.9981,44,126
866,236,1.1389,49,92
867,409,1.9493,56,152
868,377,1.7523,54,303
869,662,3.0603,48,201
870,175,0.7496,42,98
871,377,1.5803,55,308
872,540,2.3474,64,115
873,670,2.9155,63,431
874,785,3.4688,68,355
875,549,2.5055,65,425
876,354,1.4922,53,216
877,541,2.6171,68,442
878,193,0.8232,53,68
879,192,0.7959,43,68
880,304,1.411,72,270
881,731,3.4786,61,463
882,391,1.6584,59,168
883,540,2.3741,73,105
884,1107,5.4457,66,281
885,395,1.7974,49,234
886,394,1.8291,46,82
887,385,1.6317,56,82
888,181,0.7502,46,124
889,176,0.8916,46,131
890,262,1.0877,47,181
891,250,1.027,52,46
892,311,1.3081,53,149
893,551,2.6701,62,388
894,717,3.0932,73,46
895,150,0.6536,56,51
896,178,0.7176,46,89
897,153,0.6068,53,133
898,219,0.8846,44,64
899,342,1.4212,53,340
900,313,1.4656,51,129
901,482,2.1526,47,158
902,512,2.5492,54,262
903,385,1.7764,56,68
904,278,1.1843,46,276
905,71,0.3544,44,49
906,456,2.0423,65,249
907,761,3.3749,53,41
908,362,1.6925,49,327
909,458,2.0974,53,150
910,263,1.0922,53,204
911,263,1.1053,57,235
912,281,1.1784,49,77
913,87,0.3395,33,29
914,814,3.6598,60,226
915,892,4.2928,63,211
916,550,2.4108,63,211
917,1380,6.75,79,1256
918,296,1.5206,68,162
919,191,0.7807,66,184
920,598,2.5748,68,270
921,175,0.7352,42,174
922,1407,7.0378,52,1014
923,1260,6.2934,57,319
924,918,5.016,49,172
925,217,0.9424,67,145
926,965,4.6521,58,525
927,863,4.4272,75,100
928,149,0.6378,36,101
929,667,3.0158,51,67
930,225,0.9037,50,104
931,400,1.791,57,99
932,377,1.6077,56,311
933,399,1.679,54,362
934,377,1.6085,46,138
935,636,3.0146,57,168
936,579,2.4801,67,505
937,185,0.7841,48,58
938,272,1.103,46,74
939,380,1.6095,51,330
940,746,3.6038,50,429
941,509,2.1672,59,196
942,1067,5.1813,62,1041
943,785,3.994,57,448
944,922,4.5483,60,893
945,108,0.4385,40,80
946,155,0.6193,41,66
947,156,0.6318,42,105
948,156,0.6913,48,105
949,437,1.844,84,283
950,193,0.8283,58,138
951,131,0.6575,49,101
952,141,0.5877,41,106
953,109,0.4336,42,70
954,1164,6.3264,68,1156
955,171,0.7037,52,120
956,623,2.7484,60,589
957,328,1.4627,57,213
958,331,1.4734,56,155
959,193,0.7882,53,68
960,202,0.9262,49,197
961,118,0.4621,53,49
962,813,3.8628,56,544
963,394,1.7099,56,78
964,194,0.8043,54,119
965,325,1.4739,47,116
966,260,1.0731,56,67
967,440,2.1161,54,158
968,615,2.6785,55,432
969,277,1.3823,49,207
970,214,1.0297,50,97
971,545,2.6983,48,318
972,327,1.3645,58,113
973,1092,5.3487,61,1031
974,295,1.2702,50,235
975,357,1.5504,46,182
976,169,0.6798,44,60
977,396,1.6988,66,394
978,453,1.9326,52,444
979,422,1.8396,65,271
980,386,1.6464,70,368
981,313,1.2994,50,178
982,1125,5.5293,60,655
983,1399,7.7874,66,315
984,148,0.6038,50,121
985,360,1.6904,49,77
986,149,0.5961,56,106
987,597,2.661,57,491
988,400,1.7693,64,124
989,519,2.2011,62,443
990,116,0.4559,44,114
991,909,4.6941,85,704
992,888,4.38,54,367
993,833,4.0934,80,391
994,705,3.2497,63,490
995,607,2.6352,53,431
996,145,0.745,49,102
997,705,3.3108,64,79
998,1074,5.2444,72,122
999,197,0.8105,75,92
1000,197,0.8586,49,102
1001,161,0.6381,61,155
1002,493,2.0987,53,273
1003,336,1.4162,62,304
1004,774,3.6249,66,756
1005,1040,5.1758,79,90
1006,513,2.4478,53,181
1007,191,0.7765,44,179
1008,300,1.2801,45,206
1009,719,3.3797,71,456
1010,2130,11.0789,67,288
1011,624,3.3994,69,619
1012,437,1.9151,49,324
1013,1352,6.8747,84,526
1014,2886,14.7157,63,146
1015,623,2.8738,56,250
1016,559,2.4928,43,154
1017,789,3.8432,57,566
1018,541,2.4887,63,315
1019,1265,6.4997,70,1066
1020,523,2.3634,48,151
1021,654,3.0287,62,402
1022,577,2.5846,56,405
1023,233,0.9757,56,82
1024,200,0.821,52,94
1025,154,0.6269,51,152
1026,367,1.5487,52,142
1027,107,0.4268,42,61
1028,253,1.0792,51,161
1029,332,1.3991,42,58
1030,508,2.1832,53,121
1031,377,1.7357,45,376
1032,668,2.967,48,128
1033,93,0.3714,41,80
1034,270,1.1147,51,264
1035,211,0.871,57,145
1036,149,0.6049,43,62
1037,151,0.6318,44,54
1038,155,0.6381,44,154
1039,176,0.7187,39,61
1040,144,0.6207,34,104
1041,694,3.1778,61,606
1042,610,2.712,58,194
1043,753,3.5807,51,466
1044,519,2.2154,66,92
1045,167,0.6664,45,52
1046,250,1.0395,62,150
1047,148,0.695,37,102
1048,1093,5.3877,54,71
1049,420,1.8169,53,384
1050,584,2.5637,58,432
1051,255,1.075,52,128
1052,1035,4.9862,59,692
1053,416,1.8018,65,312
1054,338,1.4419,44,223
1055,563,2.4353,55,506
1056,358,1.514,51,266
1057,257,1.1083,39,220
1058,497,2.2323,46,52
1059,227,1.0236,42,67
1060,147,0.5939,39,142
1061,1321,7.027,60,914
1062,401,1.9334,52,98
1063,710,3.8002,67,93
1064,397,1.7769,67,282
1065,1127,5.6711,57,82
1066,2779,14.6644,68,79
1067,121,0.4806,47,91
1068,269,1.1259,46,85
1069,167,0.6868,49,81
1070,196,0.8186,51,195
1071,698,3.046,71,544
1072,448,2.0424,54,261
1073,385,1.6367,48,298
1074,246,1.0164,48,85
1075,121,0.5975,43,105
1076,410,1.7843,65,108
1077,576,2.5671,48,328
1078,409,1.7905,50,162
1079,395,1.7162,59,55
1080,384,1.901,67,52
1081,390,1.6835,53,370
1082,379,1.6432,62,54
1083,392,1.813,48,167
1084,373,1.6031,54,141
1085,382,1.8523,46,191
1086,382,1.8034,56,128
1087,372,1.7433,45,311
1088,370,1.7656,43,248
1089,415,1.8651,47,184
1090,396,1.7519,48,145
1091,391,1.8136,45,124
1092,183,0.7842,50,124
1093,101,0.401,36,96
1094,154,0.6213,58,50
1095,80,0.3516,50,63
1096,447,2.1882,45,98
1097,150,0.6396,55,99
1098,140,0.586,48,113
1099,55,0.2251,35,53
1100,495,2.5149,59,460
1101,161,0.7111,50,97
1102,378,1.7549,49,77
1103,398,1.9077,50,100
1104,398,1.9849,59,95
1105,403,1.7313,54,206
1106,380,1.6329,54,216
1107,399,1.8614,57,211
1108,379,1.6361,57,247
1109,380,2.1408,49,249
1110,385,1.6652,51,192
1111,377,1.6354,50,199
1112,404,2.0734,67,64
1113,382,1.8051,46,220
1114,386,1.9966,56,190
1115,413,1.7851,48,206
1116,398,1.7512,49,165
1117,262,1.1334,46,178
1118,188,0.7794,43,186
1119,1014,4.8212,62,947
1120,93,0.3829,36,74
1121,72,0.2781,65,56
1122,43,0.1745,27,42
1123,46,0.1823,43,43
1124,504,2.2346,62,492
1125,522,2.3423,66,467
1126,539,2.3751,54,483
1127,208,0.9245,61,109
1128,156,0.6362,41,48
1129,165,0.6644,37,154
1130,643,2.8364,49,641
1131,418,1.9305,46,214
1132,407,1.7798,51,368
1133,411,1.7728,51,400
1134,394,1.7397,46,224
1135,386,1.651,61,194
1136,426,1.8067,53,289
1137,571,2.5948,50,468
1138,792,3.8116,56,533
1139,347,1.603,45,90
1140,672,2.985,64,67
1141,357,1.5079,45,279
1142,502,2.2456,63,409
1143,829,3.663,70,613
1144,567,2.714,48,282
1145,394,1.6727,56,300
1146,533,2.343,46,511
1147,489,2.3117,49,359
1148,375,1.6456,58,49
1149,457,2.0932,56,195
1150,407,1.7633,52,138
1151,420,1.8167,65,320
1152,452,2.1517,57,394
1153,470,2.0116,56,39
1154,572,2.4149,66,342
1155,449,1.9254,61,123
1156,524,2.4574,50,148
1157,605,2.8353,53,489
1158,47,0.1891,26,41
1159,390,1.6522,60,147
1160,377,1.7813,45,376
1161,141,0.701,54,86
1162,109,0.5323,34,58
1163,104,0.4103,58,36
1164,125,0.573,40,25
1165,387,1.658,55,368
1166,388,1.7005,56,51
1167,54,0.2165,34,52
1168,273,1.1441,51,168
1169,2062,10.1983,70,621
1170,2073,10.5302,75,472
1171,414,1.7729,54,335
1172,487,2.0832,62,407
1173,253,1.068,40,246
1174,1852,9.6392,58,1778
1175,383,1.7013,43,204
1176,1375,6.8953,62,772
1177,162,0.6625,52,81
1178,744,3.3889,56,30
1179,1037,5.2433,73,743
1180,977,4.9608,62,494
1181,1643,8.4064,50,733
1182,340,1.5383,45,339
1183,941,4.6322,60,712
1184,1014,5.2767,60,960
1185,740,3.3579,56,53
1186,408,1.7853,52,375
1187,348,1.4762,48,82
1188,597,2.7995,57,305
1189,752,3.4196,70,745
1190,218,0.895,51,157
1191,263,1.2171,40,93
1192,322,1.3447,52,132
1193,281,1.1626,58,83
1194,373,1.769,49,291
1195,2225,11.0872,73,2002
1196,668,3.2132,63,121
1197,2617,13.8248,64,1593
1198,1985,10.1927,72,1887
1199,531,2.5033,51,418
1200,3713,19.2528,65,567
1201,1303,6.6951,64,787
1202,218,0.9222,47,135
1203,298,1.3322,75,88
1204,1303,6.5669,53,1098
1205,445,1.9803,53,211
1206,2292,12.2651,58,2144
1207,225,0.9573,50,93
1208,196,0.8019,58,182
1209,206,0.834,51,143
1210,174,0.8233,43,172
1211,235,0.9995,49,71
1212,728,3.2766,79,307
1213,1212,5.9603,69,951
1214,691,3.2453,54,100
1215,607,2.6979,62,135
1216,494,2.4597,45,386
1217,64,0.2514,45,36
1218,75,0.3137,48,39
1219,56,0.2408,48,50
1220,73,0.2937,53,57
1221,683,3.3323,59,77
1222,570,2.5966,52,413
1223,733,3.2652,72,235
1224,1254,6.1358,56,976
1225,1175,6.0212,70,1148
1226,1078,5.315,79,755
1227,366,1.5605,70,320
1228,457,1.933,64,89
1229,145,0.574,86,117
1230,450,1.9448,74,294
1231,1157,5.4287,62,957
1232,404,1.75,49,388
1233,799,3.8314,55,419
1234,865,4.1147,61,372
1235,472,2.1996,68,420
1236,472,2.105,49,272
1237,501,2.1603,55,144
1238,427,1.8374,49,219
1239,769,3.6207,51,122
1240,1089,5.4559,60,211
1241,152,0.685,44,27
1242,516,2.4313,72,303
1243,622,2.7584,57,93
1244,992,4.8514,59,696
1245,1201,5.7011,67,722
1246,250,1.0525,55,205
1247,701,3.069,84,132
1248,1694,8.347,70,1118
1249,310,1.3199,58,97
1250,682,3.0357,55,113
1251,1478,7.8728,66,791
1252,465,2.1315,56,322
1253,1030,4.98,54,858
1254,430,2.0194,71,153
1255,809,4.1046,56,158
1256,767,3.8256,67,128
1257,788,4.1089,80,479
1258,400,1.9218,54,224
1259,724,3.2555,59,560
1260,303,1.4379,58,213
1261,502,2.3885,57,197
1262,848,4.3463,52,797
1263,113,0.5507,40,98
1264,506,2.161,40,150
1265,200,0.833,55,129
1266,578,2.5421,60,471
1267,462,2.1525,50,461
1268,409,2.4606,52,74
1269,120,0.4737,40,98
1270,247,1.0112,60,236
1271,185,0.7592,55,118
1272,112,0.4392,53,71
1273,677,3.159,44,479
1274,538,2.283,54,447
1275,799,3.8532,49,181
1276,598,2.6152,55,597
1277,730,3.5292,60,173
1278,1428,7.119,65,1307
1279,1164,6.0982,52,673
1280,522,2.5183,49,231
1281,98,0.4002,47,55
1282,212,1.0866,45,208
1283,765,3.4161,55,298
1284,345,1.4782,53,254
1285,582,2.5183,64,324
1286,141,0.5876,54,86
1287,497,2.1591,57,394
1288,268,1.1196,48,160
1289,959,4.596,67,183
1290,1458,7.2046,68,792
1291,1053,5.3985,52,397
1292,1549,7.7788,62,293
1293,451,1.9787,45,83
1294,819,4.1797,57,145
1295,691,3.1438,61,257
1296,82,0.3991,36,81
1297,1332,6.3494,73,1131
1298,156,0.6325,46,70
1299,835,3.933,63,634
1300,2017,10.0788,64,1973
1301,1040,5.3969,63,517
1302,675,3.3565,71,359
1303,534,2.4609,53,83
1304,722,3.1439,54,314
1305,1455,7.1387,58,1423
1306,161,0.6797,44,107
1307,1855,9.2714,72,344
1308,710,3.2276,61,555
1309,1373,6.5136,76,273
1310,616,3.1374,57,517
1311,829,3.989,64,384
1312,430,1.8682,52,317
1313,142,0.5948,40,141
1314,136,0.5472,64,97
1315,1000,4.7415,61,72
1316,218,0.8915,57,133
1317,632,2.9704,55,409
1318,1179,5.5579,79,607
1319,1012,5.2988,53,333
1320,1036,5.1349,51,574
1321,67,0.2714,40,57
1322,293,1.2338,46,95
1323,739,3.2702,59,485
1324,889,4.4419,61,677
1325,453,2.0586,49,211
1326,675,2.9813,59,171
1327,906,4.5384,65,698
1328,1257,6.6484,49,96
1329,1039,5.5805,60,958
1330,214,0.9948,47,57
1331,214,0.8838,47,148
1332,310,1.3177,49,242
1333,324,1.3445,47,61
1334,181,0.7346,67,137
1335,263,1.0784,57,242
1336,962,4.9215,52,483
1337,399,1.762,52,149
1338,411,1.8988,74,180
1339,627,2.7199,68,103
1340,90,0.3588,39,77
1341,916,4.8152,52,302
1342,1023,4.9746,60,273
1343,1060,5.1575,65,494
1344,335,1.4989,50,77
1345,579,2.4921,49,193
1346,371,1.5778,49,340
1347,402,1.8303,60,240
1348,602,2.7843,60,348
1349,724,3.574,65,150
1350,940,4.5111,53,478
1351,762,3.6019,57,534
1352,75,0.2991,30,74
1353,77,0.3014,54,66
1354,227,0.9514,51,174
1355,326,1.3948,55,56
1356,1508,7.3855,75,1406
1357,619,3.174,59,247
1358,461,1.9848,46,389
1359,905,4.507,72,275
1360,250,1.0496,53,82
1361,640,2.8212,54,376
1362,577,2.6511,70,222
1363,680,3.0059,47,523
1364,229,0.9814,44,60
1365,209,0.8688,46,55
1366,191,0.8146,47,165
1367,881,4.1424,79,307
1368,229,0.9779,55,224
1369,476,2.1648,55,126
1370,899,5.0904,49,786
1371,851,4.3078,67,706
1372,1263,6.133,90,454
1373,171,0.7028,53,120
1374,597,2.6533,59,447
1375,355,1.5008,59,52
1376,664,2.9166,58,224
1377,1147,5.4298,52,322
1378,718,3.2761,58,123
1379,179,0.8445,51,178
1380,545,2.4438,69,195
1381,646,3.018,76,634
1382,645,3.1446,62,539
1383,2517,13.6925,65,267
1384,390,1.7807,50,157
1385,666,2.9021,65,252
1386,3504,18.404,62,3317
1387,89,0.407,35,88
1388,1508,8.053,53,122
1389,439,2.0674,53,238
1390,499,2.1244,49,106
1391,775,4.0227,54,287
1392,734,3.4554,52,55
1393,1003,4.7593,65,111
1394,439,1.8499,58,160
1395,446,1.9219,52,162
1396,450,1.9015,41,129
1397,132,0.533,49,63
1398,900,4.4565,56,886
1399,725,3.4808,68,224
1400,397,1.6852,50,72
1401,1222,5.965,61,1080
1402,105,0.4165,43,52
1403,426,1.8116,62,39
1404,413,1.8333,50,144
1405,687,3.3524,59,89
1406,1028,5.0873,60,808
1407,770,3.6396,79,707
1408,360,1.5761,51,87
1409,702,3.1572,49,686
1410,53,0.2109,39,50
1411,496,2.1824,55,390
1412,107,0.4934,45,100
1413,998,4.8929,55,991
1414,538,2.3566,63,202
1415,973,4.7931,76,156
1416,480,2.054,57,142
1417,24,0.0925,20,12
1418,210,0.862,38,178
1419,1109,5.5683,59,84
1420,1044,5.2411,71,929
1421,846,4.3651,49,355
1422,66,0.2715,38,57
1423,1097,5.6274,69,822
1424,686,3.0792,61,394
1425,198,0.81,53,172
1426,604,2.7824,57,174
1427,5128,26.7521,63,3620
1428,468,2.0558,62,186
1429,220,0.9215,52,51
1430,1332,6.6716,73,267
1431,513,2.3397,56,112
1432,383,1.678,70,127
1433,450,2.5159,59,353
1434,220,0.9156,54,182
1435,394,1.7837,51,279
1436,1026,5.2149,65,744
1437,292,1.2279,48,117
1438,733,3.452,55,446
1439,448,2.1506,47,447
1440,417,1.7562,66,48
1441,540,2.5766,56,361
1442,636,2.7954,56,351
1443,727,3.2217,66,665
1444,794,3.9498,56,642
1445,139,0.5589,53,63
1446,431,2.1135,55,116
1447,912,4.4169,78,426
1448,1557,7.933,61,237
1449,125,0.4968,43,124
1450,1178,6.0744,52,340
1451,1294,6.7971,66,284
1452,436,1.9153,60,191
1453,475,2.4732,69,434
1454,313,1.371,54,135
1455,454,1.972,61,263
1456,155,0.645,63,132
1457,136,0.5563,37,101
1458,867,4.2105,71,148
1459,521,2.4733,59,101
1460,425,1.8064,49,224
1461,279,1.1755,55,275
1462,400,1.7817,67,77
1463,337,1.4147,50,95
1464,611,2.7871,61,241
1465,615,2.8236,55,432
1466,511,2.2327,48,456
1467,417,1.8314,75,294
1468,492,2.1081,43,269
1469,806,3.5682,58,632
1470,156,0.6522,39,152
1471,505,2.3842,63,263
1472,153,0.615,46,121
1473,1567,7.4973,66,1436
1474,1350,6.7194,69,90
1475,253,1.0753,41,164
1476,433,1.8374,46,216
1477,502,2.3861,54,57
1478,800,3.6821,66,39
1479,507,2.1707,63,451
1480,505,2.1773,52,74
1481,680,3.2491,54,241
1482,547,2.4559,46,423
1483,527,2.3045,50,451
1484,1146,5.6013,63,508
1485,227,0.95,47,215
1486,304,1.2962,45,194
1487,571,2.5521,62,322
1488,225,0.9543,44,129
1489,401,1.7801,55,379
1490,168,0.6873,45,49
1491,554,2.3703,64,500
1492,1263,6.6,62,183
1493,1841,9.3234,73,1783
1494,1659,9.0815,75,1065
1495,396,1.8643,58,216
1496,1257,6.2137,67,700
1497,537,2.5372,62,118
1498,183,0.7582,61,133
1499,898,4.3921,52,453
1500,486,2.1518,64,333
1501,164,0.663,50,98
1502,461,1.9781,52,442
1503,490,2.2778,66,447
1504,109,0.4382,47,66
1505,235,0.9834,55,109
1506,963,5.3441,89,106
1507,179,0.9462,47,78
1508,151,0.6701,41,57
1509,187,0.769,41,155
1510,277,1.1508,50,103
1511,591,2.7111,73,565
1512,626,2.8916,62,63
1513,1323,6.615,65,127
1514,1450,7.6935,54,1405
1515,2768,14.3272,56,2603
1516,565,2.6297,51,412
1517,1642,8.0774,75,276
1518,1239,6.1409,77,535
1519,1034,5.1582,68,678
1520,187,0.8101,54,156
1521,1361,7.036,70,1143
1522,73,0.2944,39,62
1523,1189,5.851,52,98
1524,544,2.4304,49,126
1525,711,3.184,68,524
1526,277,1.1876,55,250
1527,723,3.2762,66,496
1528,1046,4.9819,71,657
1529,915,4.5637,52,139
1530,761,3.6436,54,706
1531,422,2.4388,70,157
1532,667,2.965,77,111
1533,631,2.7597,48,548
1534,634,2.6416,64,220
1535,602,2.7883,54,158
1536,400,1.8416,64,358
1537,3219,16.6274,62,62
1538,191,0.7958,53,68
1539,1430,7.2335,63,991
1540,1526,7.5246,66,1213
1541,646,3.1769,63,450
1542,378,1.5859,51,296
1543,380,1.6682,46,329
1544,182,0.7424,50,133
1545,651,2.7826,60,69
1546,505,2.3076,67,328
1547,324,1.3562,52,161
1548,731,3.2339,49,553
1549,161,0.6747,53,159
1550,541,2.293,47,321
1551,447,1.8875,69,95
1552,518,2.2893,57,342
1553,194,0.8886,43,191
1554,477,2.0264,76,71
1555,227,0.9615,53,184
1556,388,1.6373,52,245
1557,331,1.3571,70,254
1558,1431,6.8498,68,121
1559,68,0.2999,32,41
1560,272,1.201,46,61
1561,500,2.0973,51,154
1562,337,1.4322,46,118
1563,127,0.5051,45,106
1564,222,1.1852,59,107
1565,405,2.9662,58,50
1566,344,2.5118,47,69
1567,98,0.4585,47,85
1568,419,2.3272,61,182
1569,395,2.3539,51,106
1570,190,1.5221,50,71
1571,1298,10.1277,76,800
1572,175,0.9028,41,37
1573,242,1.6137,55,57
1574,176,0.8653,43,62
1575,233,1.4268,54,209
1576,370,1.9438,50,349
1577,167,0.783,57,57
1578,118,0.4841,50,100
1579,565,2.6411,55,195
1580,224,0.9317,57,171
1581,317,1.3727,50,272
1582,631,2.7851,52,623
1583,327,1.5549,55,116
1584,385,1.737,54,138
1585,785,3.5816,59,130
1586,392,2.0064,61,236
1587,255,1.0754,50,53
1588,198,0.8425,47,172
1589,336,1.7145,49,214
1590,165,0.7065,44,98
1591,389,1.7545,54,315
1592,424,1.9391,48,41
1593,359,1.5101,52,76
1594,381,1.5959,45,86
1595,390,1.6605,64,157
1596,355,1.5774,53,319
1597,206,0.9394,54,160
1598,306,1.3511,70,251
1599,434,2.1925,60,64
1600,922,4.5032,58,731
1601,730,3.4393,59,437
1602,1368,6.9465,69,113
1603,465,2.2984,41,234
1604,795,3.854,56,653
1605,686,3.1134,53,131
1606,927,4.8266,69,233
1607,654,3.0488,59,208
1608,650,3.0749,72,247
1609,801,3.8272,59,82
1610,663,2.9162,66,371
1611,245,1.0436,43,89
1612,553,2.6963,63,548
1613,632,3.2489,66,142
1614,274,1.15,61,68
1615,237,0.981,49,150
1616,476,2.2465,57,294
1617,304,1.473,50,52
1618,366,1.5647,49,196
1619,656,3.1082,62,294
1620,472,2.1126,51,192
1621,155,0.6535,56,152
1622,386,1.7417,49,309
1623,189,0.7661,48,38
1624,1487,7.8538,72,884
1625,1447,7.3263,63,1086
1626,713,3.2006,63,514
1627,423,1.824,52,112
1628,426,2.1059,57,327
1629,794,3.5579,63,67
1630,670,2.9214,51,537
1631,802,3.703,56,519
1632,494,2.2762,56,483
1633,742,3.3232,53,397
1634,700,3.3691,52,299
1635,225,0.975,55,76
1636,412,1.9845,50,91
1637,332,1.5344,56,69
1638,1575,8.1411,71,252
1639,788,4.229,63,211
1640,131,0.6292,47,101
1641,522,2.2413,66,467
1642,128,0.5136,38,80
1643,632,2.8599,49,157
1644,1665,8.384,74,1034
1645,206,0.8899,39,132
1646,810,3.8841,56,710
1647,1067,5.2692,78,81
1648,600,2.6292,58,595
1649,1852,9.4456,68,530
1650,156,0.6325,47,99
1651,108,0.4302,43,100
1652,563,2.4495,54,321
1653,949,4.5686,53,206
1654,183,0.7675,44,98
1655,483,2.1218,58,238
1656,2619,13.6941,73,968
1657,1884,9.6332,70,173
1658,102,0.4097,41,75
1659,109,0.4423,55,39
1660,1025,5.0689,73,280
1661,173,0.7187,53,152
1662,173,0.692,53,152
1663,173,0.7244,53,152
1664,173,0.7137,53,152
1665,173,0.8236,53,152
1666,173,0.6902,51,152
1667,173,0.6932,53,152
1668,877,4.4543,54,666
1669,189,0.7856,44,107
1670,1002,4.8296,81,856
1671,928,5.0528,67,91
1672,334,1.4445,57,63
1673,1031,5.0056,66,186
1674,1235,6.0077,76,1080
1675,521,2.4194,60,92
1676,794,3.8538,66,123
1677,842,3.9006,49,110
1678,2078,10.3883,54,306
1679,749,3.4373,57,96
1680,868,4.4436,49,350
1681,1069,5.6283,64,194
1682,373,1.6271,47,301
1683,811,3.7651,58,143
1684,1052,5.2365,62,814
1685,1215,5.9258,66,595
1686,1232,5.9527,67,489
1687,3242,16.567,74,925
1688,1198,6.2938,48,262
1689,111,0.524,59,87
1690,971,5.1096,67,595
1691,496,2.2246,46,122
1692,2899,14.9092,66,1372
1693,976,4.9062,69,220
1694,999,4.8921,56,700
1695,671,2.9739,48,339
1696,600,2.6353,58,257
1697,611,2.8991,59,192
1698,1514,8.2479,77,1309
1699,4724,24.5128,65,1257
1700,102,0.5006,53,70
1701,203,1.0203,61,116
1702,515,2.6991,55,422
1703,149,0.6157,53,64
1704,201,0.8354,38,125
1705,1163,5.946,68,137
1706,326,1.4249,51,274
1707,1236,6.3155,63,260
1708,378,1.9019,62,127
1709,607,3.032,57,398
1710,1252,6.201,74,475
1711,389,2.1007,68,260
1712,461,2.3648,62,302
1713,355,1.5256,49,334
1714,1376,6.9168,67,1050
1715,884,4.5826,52,719
1716,759,3.5437,74,48
1717,658,2.9305,66,410
1718,991,4.9302,65,749
1719,3791,19.7751,57,3226
1720,556,2.8623,57,381
1721,45,0.1826,30,29
1722,558,2.4591,60,299
1723,645,3.2685,49,119
1724,631,2.9066,65,356
1725,564,2.505,47,223
1726,158,0.6526,40,156
1727,835,4.0158,48,417
1728,1194,6.3852,64,1193
1729,1011,5.2251,66,810
1730,205,0.8896,58,62
1731,1193,6.4298,70,1186
1732,1263,6.7241,66,802
1733,220,0.9135,52,196
1734,413,1.9833,61,165
1735,409,1.8408,51,147
1736,582,2.6808,63,356
1737,424,2.0104,62,80
1738,291,1.2047,46,99
1739,653,3.2848,49,43
1740,405,1.9558,59,61
1741,854,4.3438,62,215
1742,396,1.8995,56,98
1743,759,3.5921,55,32
1744,143,0.6215,43,93
1745,148,0.6041,51,83
1746,130,0.5312,46,46
1747,130,0.5142,41,46
1748,387,1.6676,45,59
1749,196,0.8177,50,128
1750,956,4.6593,86,457
1751,2717,14.2475,86,510
1752,612,2.78,57,57
1753,1098,5.4766,57,1093
1754,343,1.5784,48,301
1755,846,4.0861,48,325
1756,642,2.8259,46,275
1757,233,0.9899,50,103
1758,209,0.8508,60,197
1759,1421,7.157,70,152
1760,398,1.7572,51,255
1761,142,0.5835,45,53
1762,1849,8.779,70,473
1763,1484,7.3851,61,271
1764,135,0.5633,45,38
1765,308,1.3384,53,55
1766,411,1.9462,50,304
1767,391,1.7676,56,136
1768,173,0.8862,51,136
1769,516,2.3791,53,80
1770,2893,14.6901,68,813
1771,613,3.359,48,368
1772,143,0.5908,53,70
1773,450,2.2103,46,417
1774,549,2.4904,75,410
1775,233,0.9643,51,81
1776,122,0.4824,51,41
1777,994,4.8847,57,115
1778,160,0.7957,63,146
1779,939,4.7523,77,231
1780,183,0.7497,48,104
1781,367,1.5496,46,356
1782,372,1.7195,44,170
1783,224,0.9637,54,152
1784,566,2.4397,49,134
1785,567,2.9553,65,94
1786,339,1.4593,53,148
1787,2091,10.6184,62,1505
1788,184,0.7838,52,171
1789,1258,6.329,65,1142
1790,1466,7.4291,73,978
1791,276,1.1878,47,102
1792,1084,5.5004,63,1081
1793,734,3.3711,60,169
1794,1441,7.4398,75,809
1795,289,1.4966,52,203
1796,342,1.5315,50,308
1797,526,2.3296,50,145
1798,313,1.3468,58,263
1799,912,4.441,48,286
1800,912,4.8152,49,286
1801,663,3.2679,68,631
1802,2432,12.2831,63,1424
1803,495,2.4404,43,130
1804,388,1.8332,54,171
1805,906,4.7223,56,409
1806,478,2.1894,57,141
1807,431,1.983,55,90
1808,142,0.64,31,127
1809,170,0.6945,39,138
1810,168,0.6819,44,59
1811,327,1.3729,56,100
1812,767,3.6038,55,465
1813,107,0.4774,42,95
1814,243,1.0186,67,75
1815,742,3.495,62,194
1816,209,0.9163,45,64
1817,442,1.9114,51,385
1818,440,2.1023,50,399
1819,272,1.1626,65,145
1820,137,0.5489,48,46
1821,246,1.0084,55,107
1822,83,0.3276,41,28
1823,1790,9.6549,84,120
1824,1175,6.2904,74,197
1825,768,3.8252,65,536
1826,571,2.7187,69,196
1827,394,1.721,58,391
1828,241,1.0084,49,239
1829,651,2.9584,60,104
1830,695,3.1238,51,317
1831,641,2.9523,52,303
1832,179,0.7257,40,59
1833,518,2.4128,55,354
1834,96,0.4816,38,45
1835,663,2.8342,66,662
1836,2780,13.9617,74,385
1837,648,2.974,75,242
1838,1166,5.6275,53,795
1839,591,4.0444,65,55
1840,1819,9.2666,80,745
1841,250,1.0624,52,248
1842,741,3.3246,46,601
1843,582,2.5796,65,521
1844,480,2.2476,49,150
1845,1428,7.3809,63,615
1846,697,3.7806,59,159
1847,416,2.4334,55,247
1848,592,2.6786,52,47
1849,633,2.9018,46,258
1850,1479,7.8573,55,359
1851,559,2.6484,52,205
1852,323,1.3914,43,248
1853,521,2.3617,47,272
1854,436,2.1349,52,60
1855,1085,5.2345,64,835
1856,398,1.8178,65,47
1857,493,2.1374,45,484
1858,168,0.6963,45,165
1859,225,0.9867,52,111
1860,610,2.5974,53,601
1861,831,3.8613,51,242
1862,5561,29.0299,78,2953
1863,315,1.459,52,69
1864,1123,5.5295,71,626
1865,137,0.5887,56,87
1866,370,1.5925,59,284
1867,500,2.2113,51,108
1868,439,1.9463,53,318
1869,699,3.1609,69,639
1870,207,0.8624,46,176
1871,1385,6.8253,72,1232
1872,1123,5.7068,71,1009
1873,132,0.5417,38,120
1874,59,0.2418,39,37
1875,284,1.3053,64,113
1876,370,1.6117,53,53
1877,446,1.9417,46,439
1878,377,1.8333,50,63
1879,478,2.0596,48,66
1880,534,2.3258,51,102
1881,121,0.4942,52,105
1882,517,2.3574,51,250
1883,153,0.6161,44,127
1884,685,2.956,53,420
1885,412,1.7418,56,229
1886,435,1.9098,65,349
1887,1041,5.2153,60,731
1888,603,2.5897,53,385
1889,499,2.1755,55,493
1890,300,1.263,53,60
1891,630,2.7535,57,365
1892,227,1.0483,54,224
1893,445,1.8962,57,389
1894,670,2.9068,54,491
1895,370,1.6972,60,285
1896,380,1.6143,43,183
1897,144,0.5737,46,119
1898,131,0.5347,51,72
1899,352,1.4744,43,283
1900,1581,8.1015,74,1030
1901,356,1.7196,59,320
1902,981,4.8127,86,914
1903,1241,6.4051,65,234
1904,638,2.9878,56,446
1905,450,2.145,61,280
1906,166,0.7268,62,63
1907,335,1.4013,48,105
1908,382,1.851,45,314
1909,181,0.7351,47,85
1910,661,3.1575,55,188
1911,281,1.2951,46,106
1912,732,3.2338,54,157
1913,150,0.8002,50,105
1914,322,1.485,50,118
1915,244,1.0272,42,85
1916,522,2.4745,71,455
1917,218,0.8997,53,55
1918,153,0.6159,48,124
1919,276,1.1568,46,137
1920,329,1.3901,51,235
1921,662,3.2222,52,462
1922,112,0.4435,44,91
1923,1002,4.9426,62,800
1924,972,4.7869,63,75
1925,232,1.1209,43,194
1926,265,1.1022,71,241
1927,557,2.5821,60,244
1928,726,3.3933,70,269
1929,586,2.7316,70,364
1930,1285,6.344,55,217
1931,661,3.0676,69,131
1932,445,1.9092,56,345
1933,457,2.0076,56,451
1934,353,1.6558,57,291
1935,289,1.2233,48,140
1936,261,1.1024,44,94
1937,624,2.7541,67,268
1938,283,1.2293,42,37
1939,504,2.1646,53,40
1940,333,1.4185,50,196
1941,372,1.5829,49,235
1942,539,2.4665,59,533
1943,245,1.0328,45,85
1944,242,1.004,55,61
1945,568,2.6038,56,424
1946,220,1.0901,56,162
1947,251,1.102,46,186
1948,378,1.5956,80,156
1949,732,3.2505,67,577
1950,419,1.9688,73,408
1951,701,3.3724,80,157
1952,326,1.3845,57,43
1953,282,1.1912,54,84
1954,684,3.1031,50,290
1955,791,3.5918,56,751
1956,645,2.9472,55,342
1957,346,1.6792,56,270
1958,488,2.0623,64,227
1959,600,2.5515,68,359
1960,510,2.2225,57,219
1961,627,2.7148,66,625
1962,237,0.9923,57,87
1963,595,3.0149,53,327
1964,277,1.1951,56,138
1965,422,1.848,50,145
1966,195,0.814,46,131
1967,465,1.9922,45,353
1968,369,1.7302,56,210
1969,567,2.8013,58,227
1970,439,1.8562,49,61
1971,777,3.6312,54,345
1972,655,3.0925,51,189
1973,1073,5.2135,58,130
1974,960,4.8984,44,625
1975,1162,5.8756,70,720
1976,614,2.8776,63,230
1977,374,1.733,43,71
1978,810,3.7811,72,552
1979,586,2.6935,48,419
1980,484,2.0651,52,416
1981,552,2.351,64,529
1982,1123,5.3837,59,493
1983,517,2.4602,54,205
1984,542,2.5904,75,231
1985,761,3.3783,68,355
1986,806,3.7392,65,725
1987,278,1.1467,51,115
1988,1470,7.5197,70,1126
1989,906,4.7907,51,99
1990,605,3.0001,61,123
1991,1532,7.5867,69,1368
1992,2058,10.8615,56,1167
1993,642,3.1289,46,275
1994,642,2.921,46,275
1995,968,4.9307,60,112
1996,283,1.2131,50,150
1997,521,2.245,56,94
1998,322,1.3875,58,311
1999,1504,7.4204,87,881
2000,1228,6.7585,72,851
2001,1099,5.4703,52,1088
2002,1312,6.8472,67,326
2003,606,2.7708,60,540
2004,2131,10.7935,71,1236
2005,160,0.649,43,91
2006,134,0.5591,35,81
2007,703,3.238,58,95
2008,388,1.7528,59,54
2009,221,1.0351,52,39
2010,962,4.8139,71,896
2011,1338,6.6494,69,994
2012,537,2.5557,50,390
2013,576,2.4672,56,348
2014,356,1.5092,51,340
2015,209,0.8533,61,151
2016,217,0.9943,57,185
2017,493,2.2385,69,235
2018,384,1.6786,45,189
2019,1527,7.8904,74,342
2020,430,2.2312,59,377
2021,1532,7.6177,69,1013
2022,18142,94.1705,70,4292
2023,429,1.9233,55,408
2024,440,1.896,48,432
2025,388,1.6989,53,171
2026,1081,5.4239,79,285
2027,82,0.3175,44,59
2028,542,2.5678,67,169
2029,872,4.3637,61,501
2030,5234,26.9604,75,2608
2031,1492,8.1296,62,705
2032,464,2.2246,67,348
2033,706,3.3814,59,54
2034,3199,16.5932,70,351
2035,393,1.7446,47,263
2036,250,1.2579,50,216
2037,559,2.4523,58,329
2038,159,0.6536,50,80
2039,487,2.0818,49,387
2040,466,2.2554,53,52
2041,685,3.034,67,482
2042,73,0.2784,35,62
2043,1251,6.1328,65,901
2044,996,4.9894,62,840
2045,490,2.4213,59,44
2046,491,2.0924,54,113
2047,495,2.2608,52,89
2048,185,0.8059,43,178
2049,1448,7.2497,60,842
2050,794,3.878,64,62
2051,123,0.4946,58,97
2052,534,2.2675,51,375
2053,677,2.8978,55,602
2054,152,0.6171,51,84
2055,1163,5.6147,57,534
2056,173,0.7976,54,152
2057,1082,5.3939,65,665
2058,901,4.6999,90,858
2059,1712,8.3698,68,1202
2060,293,1.2871,50,131
2061,377,1.5985,59,375
2062,488,2.3519,76,479
2063,1064,5.3504,50,441
2064,196,0.879,63,164
2065,117,0.4706,44,113
2066,1833,9.6097,65,1540
2067,303,1.5009,46,109
2068,673,3.0317,52,70
2069,786,3.4779,66,541
2070,1021,5.3556,57,695
2071,388,1.7539,47,237
2072,1025,5.0964,67,311
2073,2080,10.9111,68,164
2074,366,1.5902,50,354
2075,128,0.642,38,109
2076,571,2.6879,53,159
2077,301,1.2537,51,126
2078,720,3.1307,55,703
2079,285,1.2238,68,103
2080,345,1.469,51,344
2081,615,2.8392,69,210
2082,40,0.1946,38,35
2083,168,0.6977,62,166
2084,166,0.7253,48,141
2085,882,4.1808,77,285
2086,352,1.4966,80,108
2087,971,4.5825,72,907
2088,378,1.5915,72,240
2089,410,1.6997,79,89
2090,611,2.8787,60,583
2091,1426,7.067,74,1346
2092,274,1.1858,49,137
2093,339,1.4491,51,91
2094,701,3.2795,65,48
2095,496,2.4267,58,314
2096,408,1.7194,53,304
2097,211,0.8771,43,114
2098,504,2.1559,61,52
2099,450,2.1703,57,297
2100,484,2.3612,53,177
2101,240,0.977,45,200
2102,260,1.11,71,90
2103,620,2.7372,50,178
2104,179,0.8321,43,120
2105,1430,7.1069,64,590
2106,391,1.8645,53,330
2107,441,2.0553,45,369
2108,723,3.242,86,88
2109,757,3.4736,75,450
2110,411,1.7439,44,75
2111,257,1.0778,48,245
2112,301,1.2539,52,255
2113,636,2.9222,50,93
2114,390,1.6343,49,374
2115,309,1.3365,50,154
2116,134,0.534,51,80
2117,220,0.9416,51,213
2118,1208,5.8859,68,72
2119,344,1.5099,42,70
2120,469,1.9897,51,190
2121,77,0.3236,35,66
2122,357,1.488,53,347
2123,362,1.5107,56,56
2124,482,2.0191,52,333
2125,1049,5.3752,74,123
2126,155,0.6322,43,50
2127,448,1.9649,59,78
2128,385,1.6661,52,378
2129,287,1.2081,49,259
2130,195,0.8217,44,47
2131,1021,5.1151,70,946
2132,410,1.8604,42,68
2133,679,3.3357,63,657
2134,913,4.4527,75,280
2135,395,1.7428,49,327
2136,360,1.5441,53,42
2137,557,2.4311,55,86
2138,667,3.0352,69,66
2139,467,2.0125,56,77
2140,682,3.1872,47,417
2141,216,0.8953,42,207
2142,259,1.1244,79,206
2143,223,0.9181,50,158
2144,139,0.5745,41,46
2145,439,1.8113,55,437
2146,371,1.7639,56,335
2147,939,4.4356,60,473
2148,216,0.8968,55,161
2149,249,1.0454,51,170
2150,160,0.664,42,71
2151,485,2.2641,58,44
2152,392,1.6721,58,110
2153,2168,10.9236,56,1133
2154,746,3.9684,63,215
2155,976,4.9399,67,61
2156,653,2.9231,51,406
2157,248,1.022,49,99
2158,506,2.3543,50,446
2159,585,2.6228,51,152
2160,368,1.7026,52,118
2161,107,0.4685,37,67
2162,537,2.3535,75,535
2163,434,1.9516,50,160
2164,144,0.5875,40,55
2165,129,0.5271,44,47
2166,277,1.2081,50,45
2167,141,0.5614,46,110
2168,1079,5.271,60,74
2169,818,3.8328,50,210
2170,1366,6.5537,55,1242
2171,219,1.0078,66,186
2172,846,4.0455,68,333
2173,1261,6.5957,76,864
2174,1347,7.2652,58,1301
2175,3352,17.1579,61,2088
2176,979,4.8588,51,976
2177,2052,10.1721,57,1362
2178,464,2.0625,74,281
2179,1501,7.7172,57,116
2180,1484,7.492,65,288
2181,506,2.3359,61,449
2182,506,2.1974,65,449
2183,428,1.8316,51,338
2184,202,0.8406,52,85
2185,833,4.1167,62,494
2186,135,0.6572,41,71
2187,1240,6.0181,56,641
2188,431,2.4377,49,79
2189,266,1.1038,58,210
2190,279,1.1846,47,265
2191,517,2.407,52,52
2192,532,2.2813,47,451
2193,510,2.1858,55,468
2194,494,2.1574,63,435
2195,678,2.9268,55,359
2196,185,0.9845,48,120
2197,859,4.2296,62,84
2198,685,3.2589,65,630
2199,166,0.6911,50,66
2200,521,2.4496,49,56
2201,514,2.2324,51,56
2202,516,2.3586,45,80
2203,631,2.7075,45,77
2204,379,1.6407,51,186
2205,222,0.9242,52,193
2206,380,1.6205,64,168
2207,237,1.0642,43,159
2208,397,1.74,58,32
2209,357,1.5281,46,159
2210,125,0.4946,45,98
2211,254,1.1073,43,108
2212,542,2.4144,59,82
2213,590,2.7639,58,514
2214,879,4.427,65,602
2215,964,5.0034,67,958
2216,3580,18.4807,63,3128
2217,227,1.0249,47,116
2218,246,1.0427,56,73
2219,385,1.7336,52,297
2220,271,1.1297,67,224
2221,69,0.289,37,52
2222,525,2.241,45,229
2223,520,2.4376,63,467
2224,502,2.1657,56,451
2225,1891,9.5863,61,1234
2226,397,2.1684,50,163
2227,611,2.6845,55,139
2228,554,2.3726,57,117
2229,379,1.6299,54,96
2230,519,2.5135,53,462
2231,376,1.6575,44,240
2232,1442,7.1445,53,268
2233,725,3.6915,51,257
2234,591,2.7062,62,570
2235,256,1.0878,46,122
2236,226,0.9385,63,77
2237,451,2.181,56,372
2238,358,1.5712,53,294
2239,403,1.9253,42,310
2240,130,0.5252,42,124
2241,570,2.5605,55,385
2242,1456,7.1961,59,340
2243,1670,8.6224,64,617
2244,761,3.548,60,568
2245,219,0.8969,52,75
2246,500,2.1412,57,445
2247,502,2.1097,67,451
2248,503,2.1276,69,452
2249,502,2.2811,64,445
2250,505,2.1883,54,70
2251,519,2.2164,65,457
2252,632,2.6979,57,535
2253,850,3.9007,59,754
2254,444,1.8911,49,404
2255,478,2.0472,50,214
2256,1070,5.1812,57,549
2257,337,1.6133,53,214
2258,247,1.0217,49,141
2259,511,2.2174,55,294
2260,1568,7.5889,79,1332
2261,837,4.0834,63,402
2262,507,2.3252,52,123
2263,530,2.468,64,143
2264,621,2.631,77,314
2265,450,2.2046,58,59
2266,546,2.3139,61,433
2267,290,1.236,53,43
2268,518,2.2849,50,257
2269,512,2.2639,50,260
2270,196,0.806,48,34
2271,1062,5.2988,75,382
2272,629,2.9722,69,83
2273,262,1.1036,46,181
2274,120,0.4892,47,107
2275,118,0.5242,50,116
2276,40,0.155,36,38
2277,126,0.6082,35,79
2278,739,3.2649,53,335
2279,536,2.299,49,498
2280,325,1.4684,55,285
2281,1039,5.0075,78,769
2282,1699,8.2574,69,1534
2283,512,2.2653,50,357
2284,140,0.5629,50,73
2285,420,2.0413,53,194
2286,135,0.541,38,114
2287,150,0.6197,50,41
2288,137,0.5682,45,119
2289,219,0.9053,63,162
2290,417,1.7927,52,310
2291,489,2.1008,56,430
2292,74,0.3267,33,43
2293,579,2.8186,49,174
2294,881,4.1635,58,241
2295,1035,5.0933,57,144
2296,407,1.8707,48,103
2297,400,1.7461,46,257
2298,518,2.1913,55,52
2299,944,4.2669,74,891
2300,515,2.2511,53,450
2301,294,1.3056,47,159
2302,733,3.2707,57,555
2303,562,2.5629,47,70
2304,344,1.4771,56,163
2305,1867,9.5009,73,1315
2306,385,1.6847,44,167
2307,303,1.3299,47,116
2308,201,0.8377,48,136
2309,816,4.1427,73,424
2310,365,1.6476,41,283
2311,527,2.2737,46,480
2312,365,1.5614,55,293
2313,196,0.8262,43,93
2314,308,1.2842,55,271
2315,642,2.8312,59,266
2316,252,1.0598,44,85
2317,536,2.4888,49,481
2318,188,0.7747,50,62
2319,1106,5.3009,69,616
2320,705,3.3626,60,311
2321,696,3.2177,55,495
2322,228,0.9532,54,215
2323,195,0.8516,42,122
2324,458,1.9429,52,457
2325,733,3.7533,68,517
2326,473,2.1572,49,264
2327,743,3.536,47,311
2328,356,1.6267,61,147
2329,1707,8.7679,68,937
2330,202,0.8597,47,156
2331,448,1.981,49,34
2332,315,1.3258,51,297
2333,598,2.5714,49,236
2334,220,0.9351,48,101
2335,297,1.5405,50,178
2336,150,0.6398,44,78
2337,512,2.1954,56,385
2338,143,0.5841,47,77
2339,116,0.4796,55,83
2340,99,0.4108,46,92
2341,134,0.5354,55,51
2342,180,0.7464,39,90
2343,365,1.5619,46,111
2344,277,1.1478,67,164
2345,655,2.9678,54,536
2346,797,3.9451,55,612
2347,772,3.4977,60,628
2348,307,1.313,43,224
2349,575,2.4689,73,511
2350,396,1.7586,48,173
2351,622,2.8552,62,354
2352,316,1.3837,50,269
2353,385,1.7065,57,83
2354,1674,8.2611,74,1627
2355,380,1.6577,46,359
2356,360,1.6059,48,208
2357,398,2.1491,51,228
2358,436,1.9726,70,179
2359,3304,17.7868,85,717
2360,164,0.8029,58,126
2361,1266,6.638,57,865
2362,404,1.7813,52,157
2363,392,1.6946,54,78
2364,508,2.4554,59,73
2365,580,2.8463,68,570
2366,610,3.0337,47,90
2367,378,1.6396,58,48
2368,990,4.788,76,644
2369,464,2.0009,77,64
2370,1959,9.9041,65,721
2371,329,1.4392,61,276
2372,655,2.769,65,475
2373,370,1.5914,47,295
2374,76,0.3297,39,57
2375,41,0.1589,54,40
2376,284,1.1999,51,205
2377,1182,5.8,54,832
2378,653,2.9651,51,614
2379,190,0.8074,62,155
2380,321,1.341,43,161
2381,250,1.0332,49,53
2382,430,1.8527,50,143
2383,178,0.7271,57,93
2384,774,3.4715,69,240
2385,679,3.3567,62,605
2386,420,1.766,53,68
2387,993,4.8237,62,258
2388,368,1.5969,62,316
2389,1154,5.651,57,572
2390,701,3.1198,66,342
2391,323,1.6574,67,269
2392,408,1.7136,57,393
2393,696,3.0305,54,188
2394,528,2.2944,57,70
2395,152,0.7349,60,50
2396,1955,9.5231,56,519
2397,1465,7.3208,61,363
2398,68,0.3518,33,48
2399,3913,20.5281,73,3723
2400,542,2.4462,50,445
2401,756,3.3712,71,483
2402,738,3.2684,84,521
2403,1431,7.5644,52,1036
2404,261,1.1563,46,67
2405,549,2.4686,62,469
2406,590,2.5988,51,480
2407,4002,20.8857,76,459
2408,180,0.7827,38,55
2409,365,1.566,60,207
2410,355,1.5208,62,104
2411,166,0.7014,53,103
2412,517,2.3681,62,341
2413,423,1.8011,50,227
2414,268,1.1409,46,53
2415,752,3.4606,62,468
2416,244,1.1316,49,94
2417,154,0.6171,57,97
2418,256,1.057,47,181
2419,579,2.6593,49,254
2420,1961,10.0199,59,461
2421,212,1.5135,62,172
2422,432,1.9171,55,425
2423,183,0.7694,46,176
2424,401,1.9526,52,348
2425,561,2.5378,58,144
2426,208,0.8645,43,81
2427,217,0.9058,52,66
2428,2237,11.1219,56,1302
2429,644,2.8521,64,146
2430,425,1.8032,64,75
2431,351,1.5012,50,276
2432,630,2.7922,56,629
2433,609,2.5908,61,390
2434,384,1.8227,56,183
2435,388,1.7243,61,188
2436,324,1.3308,54,135
2437,692,3.1284,61,187
2438,2250,12.0366,67,487
2439,156,0.6742,51,46
2440,516,2.8231,51,48
2441,1201,6.1253,61,50
2442,1542,8.4841,66,492
2443,362,1.7451,52,256
2444,741,3.7433,50,617
2445,342,1.4692,43,151
2446,445,1.9949,51,255
2447,509,2.2182,59,116
2448,169,0.685,40,108
2449,274,1.1305,48,86
2450,294,1.3246,46,95
2451,300,1.2562,55,70
2452,409,1.9065,60,387
2453,1365,6.9175,74,538
2454,681,3.1916,67,83
2455,229,0.947,55,205
2456,398,1.747,65,138
2457,420,2.0382,60,68
2458,174,0.7203,54,89
2459,157,0.6592,36,121
2460,1490,7.2711,72,651
2461,880,4.8651,46,700
2462,552,2.4561,47,538
2463,339,1.4933,48,264
2464,321,1.3762,45,111
2465,287,1.1925,40,110
2466,461,1.9694,53,344
2467,767,3.5208,54,255
2468,81,0.3204,43,50
2469,626,3.084,60,43
2470,951,4.8537,54,861
2471,139,0.57,43,115
2472,869,4.1637,61,621
2473,280,1.2003,49,234
2474,409,1.8138,55,60
2475,274,1.146,56,224
2476,44,0.1959,39,21
2477,563,2.6508,60,238
2478,949,4.5636,50,887
2479,864,4.1094,88,790
2480,741,3.2414,78,586
2481,325,1.7389,63,175
2482,251,1.051,48,226
2483,547,2.5513,48,41
2484,1670,8.4186,67,414
2485,3599,18.7379,67,1700
2486,1639,8.7567,65,1387
2487,536,2.3994,75,157
2488,434,1.7927,54,311
2489,537,2.378,55,397
2490,537,2.3238,61,482
2491,108,0.4392,48,103
2492,509,2.4124,45,270
2493,201,0.862,44,45
2494,146,0.682,44,99
2495,2456,12.4562,67,1137
2496,615,2.8447,66,404
2497,233,0.9738,58,54
2498,685,3.016,48,368
2499,148,0.5933,40,133
2500,354,1.5086,49,52
2501,605,2.5666,75,87
2502,877,4.3799,49,202
2503,140,0.5591,47,65
2504,321,1.3448,50,320
2505,561,2.7421,49,286
2506,277,1.3511,47,176
2507,643,2.7879,53,202
2508,649,3.0676,61,423
2509,677,3.2777,55,521
2510,810,3.7505,65,741
2511,254,1.1788,36,175
2512,466,2.0642,58,71
2513,593,2.6415,65,433
2514,235,1.0545,45,226
2515,853,4.1475,61,429
2516,642,3.0633,75,171
2517,2211,11.1096,63,471
2518,303,1.3925,41,207
2519,629,2.7774,54,566
2520,198,0.8442,50,93
2521,103,0.408,45,102
2522,363,1.6453,53,241
2523,2241,11.3593,61,2203
2524,670,3.7623,62,288
2525,668,3.058,57,70
2526,1068,5.0555,63,964
2527,61,0.2503,45,59
2528,1115,6.0013,59,833
2529,690,3.3224,52,146
2530,605,2.6672,51,45
2531,151,0.6486,46,145
2532,2043,9.9857,62,1462
2533,752,3.5008,57,67
2534,142,0.5766,52,141
2535,1435,7.1762,57,760
2536,218,0.9431,46,124
2537,886,4.1969,56,835
2538,103,0.4382,38,49
2539,242,0.9995,49,144
2540,264,1.198,42,241
2541,711,3.1697,52,470
2542,706,3.2812,61,236
2543,1292,6.6344,51,1231
2544,249,1.0561,41,68
2545,174,0.7008,48,173
2546,1146,5.6058,53,455
2547,633,2.8466,49,596
2548,428,1.8109,51,280
2549,710,3.5224,53,706
2550,665,3.0249,52,194
2551,231,0.967,43,154
2552,277,1.3429,62,63
2553,901,4.2532,70,838
2554,1289,6.3664,62,1239
2555,819,4.0487,71,563
2556,1119,5.8585,58,524
2557,493,2.4368,64,49
2558,197,0.8013,45,136
2559,423,1.8259,55,58
2560,148,0.6012,49,96
2561,692,2.9988,60,524
2562,583,2.4967,51,579
2563,344,1.448,54,94
2564,402,1.7913,59,216
2565,509,2.471,50,404
2566,830,3.7699,72,252
2567,298,1.3567,58,70
2568,215,0.8852,61,67
2569,621,2.8795,70,585
2570,981,4.9579,61,848
2571,995,4.762,51,464
2572,221,0.9372,52,161
2573,252,1.122,46,48
2574,310,1.4339,53,254
2575,138,0.5625,50,65
2576,453,2.1842,52,419
2577,430,1.9418,48,249
2578,511,2.2039,58,52
2579,495,2.4596,67,60
2580,192,0.8451,47,181
2581,642,2.9475,46,275
2582,397,1.7426,54,109
2583,373,1.7678,49,175
2584,182,0.7644,55,141
2585,517,2.3013,60,460
2586,225,0.9423,44,222
2587,216,0.9006,39,183
2588,217,0.9082,43,183
2589,216,0.9135,48,183
2590,200,0.8283,39,167
2591,216,0.8918,47,183
2592,223,0.9309,46,64
2593,1170,5.8223,62,821
2594,493,2.235,62,51
2595,494,2.1452,50,403
2596,488,2.0909,62,59
2597,887,4.6066,53,876
2598,552,2.7468,56,137
2599,460,2.1462,63,88
2600,290,1.2086,64,91
2601,1976,10.234,56,893
2602,251,1.098,46,84
2603,497,2.2134,51,302
2604,521,2.3361,53,64
2605,1194,5.911,64,1053
2606,1488,7.4417,60,78
2607,196,0.8455,52,171
2608,1253,6.2427,50,182
2609,364,1.6751,60,361
2610,584,2.7104,64,55
2611,192,0.8138,45,96
2612,159,0.6855,46,140
2613,2244,11.4934,60,1831
2614,582,2.7909,53,565
2615,1019,5.0518,55,976
2616,195,0.8116,47,118
2617,87,0.3376,37,84
2618,438,1.8844,53,70
2619,300,1.2713,50,126
2620,173,1.0574,41,81
2621,873,4.5814,71,775
2622,1944,10.0417,63,1631
2623,734,3.3996,47,303
2624,357,1.5348,46,104
2625,785,3.4829,62,528
2626,523,2.4732,50,493
2627,584,2.648,58,374
2628,699,3.2557,63,323
2629,675,2.9573,62,504
2630,457,2.0496,49,47
2631,318,1.3673,52,82
2632,211,0.8847,52,199
2633,684,3.1592,53,574
2634,873,4.3912,52,563
2635,586,2.6404,58,190
2636,453,1.9377,64,452
2637,204,0.8464,41,142
2638,531,2.4897,54,393
2639,258,1.1381,49,153
2640,57,0.2245,50,52
2641,815,3.7024,52,524
2642,679,3.0926,51,273
2643,858,4.1778,71,526
2644,779,3.6819,54,220
2645,878,4.3266,64,646
2646,875,4.1671,66,282
2647,259,1.0976,47,80
2648,328,1.4103,41,261
2649,522,2.2068,59,518
2650,228,0.9347,53,59
2651,247,1.0203,50,171
2652,393,1.7174,38,218
2653,351,1.5406,46,199
2654,834,3.9521,57,728
2655,321,1.3556,48,121
2656,338,1.5218,49,192
2657,1346,6.7704,79,1071
2658,86,0.3669,40,76
2659,381,1.6149,75,87
2660,593,2.6282,83,156
2661,943,4.3909,48,137
2662,313,1.3495,50,107
2663,155,0.6307,45,40
2664,276,1.1878,56,74
2665,307,1.4186,51,299
2666,827,4.0441,50,548
2667,799,3.4815,63,118
2668,503,2.3462,53,45
2669,413,1.7854,46,180
2670,390,1.7091,45,161
2671,391,1.8047,48,286
2672,524,2.2261,47,382
2673,787,4.2807,53,483
2674,90,0.4117,46,51
2675,398,1.9625,42,107
2676,393,1.7384,60,233
2677,400,1.6775,50,39
2678,338,1.4706,56,107
2679,141,0.5709,42,121
2680,614,2.7383,52,589
2681,738,3.249,56,595
2682,187,0.8171,44,85
2683,330,1.519,59,123
2684,480,2.2299,62,179
2685,120,0.4846,49,42
2686,705,3.1386,75,52
2687,537,2.4689,55,534
2688,724,3.4191,47,520
2689,783,3.5507,53,447
2690,561,2.5274,79,214
2691,96,0.3805,38,28
2692,609,2.6918,62,593
2693,469,2.0348,52,262
2694,823,3.7784,64,500
2695,252,1.0406,46,77
2696,947,4.484,70,431
2697,777,3.6354,65,114
2698,767,3.8687,66,83
2699,626,2.7369,53,60
2700,982,5.0452,60,131
2701,508,2.2819,56,66
2702,887,4.3096,49,673
2703,588,2.5609,49,416
2704,148,0.6108,45,89
2705,149,0.6153,46,90
2706,167,0.6788,52,113
2707,675,3.0444,63,619
2708,674,3.0667,49,483
2709,1321,6.7149,61,395
2710,302,1.2789,44,228
2711,603,2.5643,48,168
2712,473,2.1339,49,135
2713,284,1.2977,53,190
2714,368,1.6759,55,84
2715,282,1.1765,48,108
2716,2198,11.4001,76,545
2717,126,0.5231,45,60
2718,1844,9.4179,64,987
2719,256,1.086,44,194
2720,190,0.8227,47,137
2721,242,1.0362,45,140
2722,1063,5.1046,74,288
2723,406,1.8217,45,364
2724,597,2.8551,49,430
2725,507,2.1523,53,172
2726,106,0.4474,53,98
2727,955,4.6212,57,782
2728,218,0.94,52,217
2729,922,4.616,51,413
2730,586,2.8087,47,214
2731,179,0.745,57,62
2732,565,2.7046,60,232
2733,493,2.1551,49,202
2734,1452,7.2093,74,1376
2735,242,1.0209,45,178
2736,1331,6.7422,79,318
2737,426,1.8648,48,111
2738,1800,9.0021,58,791
2739,319,1.4476,38,232
2740,125,0.5071,40,82
2741,752,3.3849,51,62
2742,118,0.4797,36,74
2743,1691,8.3366,59,630
2744,392,1.8404,43,170
2745,614,2.6863,50,485
2746,312,1.3108,51,100
2747,1129,5.3511,73,715
2748,298,1.2749,42,65
2749,139,0.5765,39,95
2750,471,2.0069,59,247
2751,252,1.0932,44,77
2752,184,0.7687,53,169
2753,142,0.6288,40,95
2754,554,2.8088,65,106
2755,362,1.5871,57,95
2756,156,0.6331,47,86
2757,286,1.2814,71,175
2758,466,1.9886,61,251
2759,688,3.0755,61,513
2760,697,3.0738,59,226
2761,207,1.0242,59,83
2762,1221,5.9015,75,701
2763,824,4.0807,70,144
2764,656,3.3972,54,232
2765,2471,12.947,55,1793
2766,1124,5.69,54,1121
2767,212,0.9765,43,83
2768,894,4.3312,61,201
2769,579,2.6788,70,555
2770,396,1.6489,66,335
2771,152,0.6397,48,122
2772,1094,5.5762,66,314
2773,476,2.1845,51,262
2774,395,1.6923,54,137
2775,1342,6.702,71,948
2776,463,2.3059,66,79
2777,232,0.9577,51,95
2778,254,1.073,47,214
2779,598,2.6103,59,270
2780,571,2.683,51,396
2781,289,1.2933,48,211
2782,117,0.5274,50,91
2783,440,1.9089,45,152
2784,1413,7.1134,73,1331
2785,1412,7.1064,52,435
2786,462,2.1974,51,327
2787,637,2.8188,49,617
2788,817,3.9622,61,130
2789,1355,6.4342,73,877
2790,970,4.8746,53,509
2791,844,4.0479,68,47
2792,352,1.6523,57,176
2793,330,1.4136,50,248
2794,421,1.7357,71,123
2795,945,4.8321,57,594
2796,135,0.5389,55,75
2797,651,2.8595,48,460
2798,320,1.3563,46,132
2799,200,0.8215,43,198
2800,583,2.492,63,439
2801,219,0.9221,47,164
2802,476,2.0928,56,342
2803,269,1.1821,48,81
2804,1249,6.1569,53,1032
2805,371,1.5651,53,172
2806,263,1.0887,42,84
2807,2728,14.0057,61,688
2808,221,0.9467,51,166
2809,119,0.5828,52,55
2810,257,1.0785,49,153
2811,695,3.2792,60,104
2812,198,0.839,56,49
2813,2172,10.7883,62,1256
2814,1477,7.4669,55,1307
2815,514,2.3971,52,220
2816,845,4.001,52,84
2817,614,2.8829,62,180
2818,440,1.8438,46,406
2819,517,2.332,57,93
2820,431,1.8147,48,281
2821,527,2.3341,47,41
2822,628,2.7042,60,479
2823,410,1.7222,58,231
2824,607,2.643,57,83
2825,941,4.3177,76,87
2826,445,1.9623,61,443
2827,316,1.2921,65,186
2828,378,1.6523,42,158
2829,223,1.0262,52,111
2830,152,0.6184,52,99
2831,631,2.8125,54,525
2832,454,2.0939,53,442
2833,175,0.7077,48,62
2834,682,2.9357,61,649
2835,117,0.518,49,114
2836,559,2.4201,54,399
2837,1013,4.9479,56,1011
2838,754,3.3292,65,311
2839,113,0.4732,40,66
2840,200,0.8138,48,151
2841,967,4.5789,49,813
2842,318,1.5749,49,105
2843,123,0.5041,40,60
2844,650,2.9078,62,208
2845,327,1.4801,50,105
2846,327,1.5457,60,237
2847,111,0.4294,56,48
2848,371,1.5664,45,102
2849,1094,5.4286,60,1079
2850,293,1.4495,52,227
2851,1685,9.032,59,325
2852,5323,27.6324,68,3053
2853,177,0.7641,69,154
2854,91,0.371,39,54
2855,537,2.4695,59,90
2856,410,1.7945,46,47
2857,119,0.5241,51,118
2858,95,0.3741,41,47
2859,612,2.709,68,97
2860,1132,5.6017,70,437
2861,512,2.458,55,441
2862,471,2.0632,47,133
2863,451,1.971,46,69
2864,205,0.8508,49,198
2865,670,2.9543,56,127
2866,746,3.3444,54,476
2867,307,1.3229,73,75
2868,80,0.3124,47,47
2869,300,1.2984,47,79
2870,606,2.6235,54,194
2871,887,4.3352,61,819
2872,316,1.4267,62,304
2873,909,4.5263,63,810
2874,457,2.0246,53,71
2875,993,4.9685,66,47
2876,757,3.5841,54,91
2877,489,2.205,66,60
2878,236,0.9922,54,208
2879,351,1.4747,55,96
2880,1118,5.6177,74,787
2881,1431,7.4953,62,593
2882,112,0.5862,47,97
2883,301,1.8507,48,57
2884,1660,8.5666,60,337
2885,490,2.2542,58,367
2886,660,3.299,54,166
2887,2189,11.1231,54,2025
2888,217,0.9463,53,92
2889,658,2.9157,53,76
2890,224,0.9733,47,193
2891,1839,9.7655,80,1618
2892,336,1.4891,52,151
2893,692,3.2493,65,355
2894,670,3.1838,82,473
2895,250,1.0546,51,48
2896,577,2.6599,48,362
2897,274,1.1461,40,164
2898,478,2.1491,47,208
2899,438,2.0541,81,247
2900,132,0.5529,42,120
2901,510,2.1988,52,454
2902,512,2.2942,50,76
2903,510,2.3789,52,65
2904,503,2.2034,59,227
2905,502,2.2026,47,446
2906,93,0.3828,39,41
2907,722,3.2716,58,487
2908,389,1.7916,48,151
2909,199,0.8245,42,55
2910,192,0.8631,48,59
2911,253,1.0845,49,120
2912,396,1.8297,59,46
2913,303,1.2635,53,96
2914,601,2.5983,49,87
2915,756,3.5804,59,104
2916,248,1.0187,60,175
2917,449,2.2483,59,345
2918,764,3.5806,58,763
2919,634,2.7506,68,387
2920,322,1.3908,43,211
2921,1391,6.6949,70,819
2922,340,1.7456,54,148
2923,1141,5.8362,61,573
2924,235,0.9863,56,218
2925,298,1.2167,48,190
2926,554,2.6626,57,158
2927,281,1.1644,49,43
2928,199,0.8316,44,48
2929,615,2.6923,57,425
2930,257,1.122,39,198
2931,225,0.9317,48,61
2932,180,0.7395,49,58
2933,228,0.949,59,218
2934,269,1.1113,46,54
2935,569,2.4218,49,381
2936,454,1.9854,52,226
2937,487,2.4165,55,330
2938,183,0.7503,42,165
2939,199,0.8337,37,134
2940,423,1.7763,55,109
2941,86,0.4294,47,53
2942,206,0.8622,44,71
2943,294,1.2205,47,235
2944,672,2.955,69,491
2945,986,4.775,53,733
2946,450,2.2426,61,76
2947,1219,5.9504,80,143
2948,398,1.7234,47,85
2949,130,0.5425,47,64
2950,455,1.925,59,332
2951,486,2.2121,50,432
2952,1060,5.1293,56,903
2953,460,2.1877,45,69
2954,517,2.4272,52,225
2955,728,3.2637,62,167
2956,886,4.4273,69,788
2957,639,3.0924,59,539
2958,1487,7.4782,53,1018
2959,155,0.6504,44,50
2960,1476,7.4266,65,1349
2961,1158,5.7617,72,409
2962,815,4.3312,58,99
2963,389,1.674,56,234
2964,671,3.3069,56,484
2965,125,0.5217,38,83
2966,1719,8.7402,65,898
2967,276,1.1881,49,226
2968,538,2.3993,64,79
2969,953,4.9708,65,83
2970,261,1.5051,44,244
2971,499,2.1957,56,171
2972,355,1.4903,56,58
2973,106,0.4304,44,87
2974,1536,7.6453,74,1267
2975,510,2.2832,63,501
2976,870,4.0835,75,125
2977,534,2.4642,69,485
2978,439,1.8515,60,405
2979,490,2.1175,53,143
2980,843,3.9143,63,451
2981,501,2.3296,51,155
2982,249,1.0371,53,97
2983,540,2.5247,79,117
2984,506,2.457,60,421
2985,348,1.4794,54,172
2986,355,1.5232,54,111
2987,1192,6.3512,68,411
2988,489,2.1516,51,332
2989,154,0.6336,54,146
2990,649,2.8387,57,410
2991,455,1.9523,62,266
2992,298,1.2576,47,261
2993,256,1.0966,47,128
2994,297,1.2657,47,64
2995,346,1.4835,63,314
2996,855,4.0358,61,412
2997,250,1.0564,53,42
2998,588,2.5651,61,242
2999,428,1.8275,59,296
3000,917,4.3913,53,558
3001,231,1.0541,68,163
3002,605,2.8722,62,179
3003,952,4.7549,65,878
3004,366,1.5638,61,87
3005,612,2.9646,58,107
3006,246,1.0544,47,220
3007,149,0.6023,56,99
3008,65,0.2631,48,33
3009,740,3.2208,60,252
3010,868,4.2727,50,376
3011,577,2.5605,54,571
3012,295,1.254,46,113
3013,521,2.1242,56,332
3014,488,2.139,49,198
3015,507,2.3388,49,452
3016,382,1.5954,55,262
3017,211,0.8837,41,155
3018,860,4.1722,54,464
3019,153,0.6215,55,147
3020,135,0.5414,38,26
3021,239,1.0217,48,117
3022,307,1.2961,44,225
3023,1538,7.8882,58,550
3024,1674,8.5876,77,1282
3025,1042,5.4522,52,226
3026,581,2.8543,52,306
3027,524,2.3141,63,178
3028,150,0.677,50,47
3029,399,1.8762,61,374
3030,895,4.5358,49,725
3031,406,1.9732,48,221
3032,82,0.3361,35,77
3033,579,2.5502,60,230
3034,745,3.4904,61,75
3035,556,2.4804,47,456
3036,204,0.8663,49,194
3037,553,2.5848,50,503
3038,347,1.6394,50,42
3039,944,4.4553,56,568
3040,364,1.5485,59,193
3041,380,1.6047,48,329
3042,496,2.324,54,415
3043,654,4.2389,62,577
3044,529,2.3584,58,68
3045,374,1.7673,53,67
3046,396,1.6718,49,228
3047,1697,8.8636,80,64
3048,418,1.9619,55,121
3049,482,2.238,49,444
3050,241,1.006,44,77
3051,4913,25.9605,69,1703
3052,64,0.2536,36,61
3053,147,0.5988,42,38
3054,721,3.3685,79,82
3055,782,3.7552,48,460
3056,521,2.4325,49,104
3057,1255,6.3686,52,1221
3058,244,1.109,50,181
3059,697,3.8568,54,294
3060,530,2.6148,59,78
3061,727,4.0718,59,524
3062,1013,5.3661,50,604
3063,424,1.8961,70,259
3064,109,0.4457,42,77
3065,348,1.5418,54,93
3066,659,2.9156,50,100
3067,217,1.0276,52,158
3068,139,0.6007,42,57
3069,544,2.4079,56,473
3070,519,2.2547,47,296
3071,226,0.9296,62,209
3072,196,0.8554,49,164
3073,1039,5.0121,75,721
3074,1045,5.2596,60,203
3075,526,2.2866,55,507
3076,341,1.4527,47,339
3077,672,2.9676,54,373
3078,122,0.4842,43,39
3079,643,2.8862,43,324
3080,1230,5.883,56,824
3081,463,2.0499,57,453
3082,368,1.8208,58,80
3083,260,1.0818,47,183
3084,677,2.9762,61,73
3085,995,4.8402,61,519
3086,2075,10.8018,76,1816
3087,189,0.8057,53,70
3088,332,1.4061,51,264
3089,259,1.055,54,255
3090,725,3.19,42,402
3091,1146,5.7859,60,128
3092,1053,5.1737,69,274
3093,202,0.8345,64,115
3094,601,2.8783,55,579
3095,481,2.0639,46,222
3096,485,2.0769,57,152
3097,464,2.0947,50,409
3098,187,0.7786,47,63
3099,420,1.7466,52,377
3100,1406,7.0406,63,733
3101,377,1.7572,62,298
3102,78,0.3515,34,49
3103,535,2.3017,68,282
3104,1052,5.0469,58,571
3105,492,2.1817,57,402
3106,994,5.0305,54,861
3107,182,0.7581,51,173
3108,369,1.6034,38,322
3109,347,1.4519,57,195
3110,528,2.2717,56,285
3111,246,1.0674,51,103
3112,653,3.0476,74,566
3113,439,2.0308,48,68
3114,694,3.0365,52,630
3115,598,2.5783,59,94
3116,735,3.5382,60,543
3117,244,1.0276,46,122
3118,707,3.4258,62,82
3119,705,3.1217,60,459
3120,612,3.0564,58,156
3121,605,2.6036,46,408
3122,251,1.0753,75,144
3123,251,1.0318,61,89
3124,462,2.1102,83,359
3125,271,1.1631,40,50
3126,419,1.77,48,242
3127,472,2.2288,54,64
3128,408,1.9132,44,147
3129,422,1.8693,58,230
3130,3480,18.014,66,2874
3131,1002,5.0671,64,88
3132,155,0.6369,44,104
3133,138,0.7022,44,116
3134,121,0.491,43,114
3135,135,0.5383,61,102
3136,455,1.8823,53,431
3137,926,4.4911,69,555
3138,187,0.7939,49,107
3139,318,1.3415,45,278
3140,405,1.7546,56,190
3141,392,1.699,44,200
3142,170,0.7373,42,94
3143,157,0.6403,45,31
3144,160,0.838,48,67
3145,963,4.5835,68,481
3146,144,0.5739,44,79
3147,1175,5.9253,64,1100
3148,525,2.9961,48,279
3149,317,1.3487,52,227
3150,480,2.1708,53,331
3151,722,3.2668,54,688
3152,281,1.1737,74,69
3153,300,1.4279,62,108
3154,495,2.1096,51,126
3155,119,0.4728,41,68
3156,887,4.3287,66,139
3157,396,1.871,45,258
3158,168,0.7311,44,68
3159,331,1.461,48,239
3160,159,0.6733,46,93
3161,390,1.6772,51,253
3162,93,0.3832,32,53
3163,218,0.8952,37,143
3164,1094,5.2057,71,715
3165,493,2.3173,57,63
3166,856,4.1174,67,809
3167,112,0.4401,40,62
3168,477,2.1282,56,296
3169,540,2.6125,54,245
3170,351,1.4986,48,147
3171,748,3.4122,65,272
3172,493,2.2582,49,352
3173,213,1.0038,56,159
3174,179,0.7666,47,105
3175,215,0.8957,59,186
3176,820,3.8921,52,326
3177,255,1.1552,50,72
3178,125,0.5072,57,121
3179,3920,20.4654,58,184
3180,394,2.0476,51,316
3181,266,1.301,51,190
3182,452,1.9991,46,124
3183,716,3.1872,51,272
3184,87,0.4368,38,60
3185,392,1.6532,47,178
3186,609,2.4854,50,56
3187,186,0.7867,48,181
3188,532,2.2986,67,445
3189,400,1.6726,46,102
3190,495,2.147,56,270
3191,953,4.5342,55,730
3192,611,2.8327,44,513
3193,1184,5.8794,66,612
3194,541,2.4506,47,82
3195,1077,5.3616,72,50
3196,334,1.5723,49,178
3197,379,1.6387,76,174
3198,766,3.7979,53,104
3199,628,2.8221,60,617
3200,504,2.2321,56,500
3201,1191,5.7219,68,131
3202,1515,7.669,56,684
3203,218,1.0192,46,127
3204,1215,6.1729,64,96
3205,289,1.3703,41,284
3206,608,2.6334,52,77
3207,335,1.4202,53,49
3208,277,1.1727,50,41
3209,591,2.6943,50,73
3210,344,1.4954,45,114
3211,624,2.7276,70,51
3212,2143,10.61,55,232
3213,638,2.8864,61,438
3214,1227,6.1247,92,83
3215,672,3.3105,66,468
3216,699,3.3699,54,325
3217,1192,6.3737,61,248
3218,140,0.6132,32,125
3219,91,0.373,59,41
3220,192,0.9844,49,177
3221,348,1.7938,53,239
3222,193,0.7884,45,186
3223,468,2.0223,47,449
3224,842,3.8671,52,582
3225,227,0.9506,71,207
3226,317,1.5095,49,83
3227,183,0.7519,48,99
3228,144,0.5744,47,55
3229,333,1.4861,55,305
3230,79,0.332,47,68
3231,556,2.4694,53,73
3232,397,1.7204,59,47
3233,269,1.1378,41,240
3234,370,1.767,47,49
3235,405,1.876,44,311
3236,212,1.0301,48,80
3237,890,4.5423,52,184
3238,269,1.1393,40,234
3239,123,0.4972,35,47
3240,820,4.217,74,122
3241,421,1.7882,71,420
3242,681,3.0988,82,332
3243,1008,4.869,59,520
3244,227,0.9579,43,60
3245,595,2.5845,63,74
3246,630,2.8951,57,226
3247,338,1.4543,55,187
3248,226,0.9183,54,95
3249,847,3.9568,61,177
3250,511,2.531,46,455
3251,170,0.716,48,72
3252,497,2.1369,60,289
3253,540,2.2912,68,70
3254,462,2.0323,50,144
3255,197,0.8212,49,183
3256,525,2.3258,55,118
3257,177,0.7358,67,174
3258,591,2.7025,66,435
3259,289,1.2047,48,60
3260,182,0.7508,51,85
3261,526,2.238,49,524
3262,329,1.4545,47,239
3263,929,4.335,66,524
3264,387,1.6753,41,237
3265,328,1.4005,44,251
3266,412,1.8355,52,238
3267,301,1.2597,48,116
3268,246,1.0284,64,78
3269,695,3.0798,73,329
3270,498,2.4585,58,268
3271,682,2.995,60,351
3272,1748,8.8767,52,61
3273,126,0.5771,61,83
3274,408,1.7378,61,117
3275,2227,11.7453,71,741
3276,432,1.9118,50,324
3277,718,3.1944,72,689
3278,505,2.5919,61,450
3279,2532,13.1195,90,2297
3280,1060,5.2717,77,649
3281,126,0.5277,38,117
3282,1308,6.5468,62,548
3283,4700,24.3145,70,4251
3284,163,0.7234,43,140
3285,891,4.4146,63,95
3286,220,0.9135,58,144
3287,204,0.877,45,92
3288,263,1.0936,55,94
3289,1351,6.8043,54,995
3290,249,1.0599,54,172
3291,1747,9.152,63,647
3292,1597,8.1013,77,873
3293,581,2.724,65,516
3294,410,1.7793,51,42
3295,1283,6.3303,64,998
3296,2112,10.8994,75,1987
3297,69,0.2817,37,52
3298,2007,10.5018,73,125
3299,388,1.8193,51,262
3300,388,1.7925,52,55
3301,161,0.7223,49,130
3302,378,1.6279,44,70
3303,73,0.2955,49,50
3304,184,0.7529,55,119
3305,212,0.899,52,203
3306,326,1.4023,58,54
3307,420,1.8774,58,162
3308,1151,6.0459,73,610
3309,561,2.5966,52,193
3310,2104,10.8876,79,1386
3311,574,2.8839,54,57
3312,484,2.2476,59,58
3313,491,2.2909,59,427
3314,575,2.5015,56,129
3315,873,4.1924,76,585
3316,332,1.4675,55,104
3317,344,1.4313,51,75
3318,395,1.7104,52,84
3319,308,1.3311,47,306
3320,526,2.2732,53,302
3321,360,1.5488,64,70
3322,188,0.7858,45,180
3323,329,1.3835,60,276
3324,608,2.6117,59,275
3325,163,0.6787,44,45
3326,210,0.8727,49,191
3327,1106,5.5271,57,537
3328,1562,8.0342,62,1137
3329,321,1.409,51,80
3330,835,4.215,80,408
3331,1825,9.0883,57,753
3332,190,0.7873,45,144
3333,413,1.8543,49,318
3334,376,1.6248,50,105
3335,247,1.0097,67,107
3336,174,0.7327,49,98
3337,234,0.9594,45,230
3338,177,0.7452,51,58
3339,455,2.1081,71,454
3340,677,3.1205,66,78
3341,77,0.3086,44,68
3342,640,2.8231,67,194
3343,1884,9.1194,66,1191
3344,585,2.8512,65,86
3345,1960,9.9228,65,1466
3346,512,2.3343,73,83
3347,2518,12.8323,54,1708
3348,682,3.1269,73,55
3349,1103,5.4518,49,923
3350,599,2.7913,48,455
3351,274,1.1382,46,211
3352,465,2.2189,65,187
3353,419,1.813,67,200
3354,378,1.6381,51,285
3355,62,0.2463,36,61
3356,666,2.947,48,126
3357,346,1.6727,54,134
3358,226,0.9349,47,134
3359,334,1.439,50,137
3360,688,3.2509,78,257
3361,333,1.4069,56,323
3362,318,1.3411,47,68
3363,94,0.4174,53,89
3364,496,2.1302,57,416
3365,2085,10.5598,63,963
3366,181,0.756,60,39
3367,353,1.5638,50,314
3368,658,3.0162,53,575
3369,168,0.7276,55,164
3370,729,3.2254,75,60
3371,261,1.1025,56,121
3372,225,0.9439,49,67
3373,228,0.9497,43,183
3374,1202,5.9287,58,772
3375,788,3.7091,59,380
3376,1385,6.8648,53,1383
3377,284,1.2868,50,165
3378,250,1.0485,67,193
3379,500,2.1505,60,455
3380,2314,11.3919,73,455
3381,96,0.3946,35,61
3382,356,1.4825,51,275
3383,302,1.3045,56,56
3384,507,2.3555,58,439
3385,516,2.2552,63,111
3386,241,1.0007,54,127
3387,180,0.7213,52,140
3388,700,3.3475,62,257
3389,3005,15.5074,73,1590
3390,173,0.7255,51,90
3391,537,2.3605,57,475
3392,484,2.0458,53,79
3393,1130,6.0218,61,297
3394,218,1.1024,46,202
3395,1181,5.8096,70,1006
3396,1374,6.8711,71,833
3397,335,1.4393,59,172
3398,506,2.5902,62,440
3399,417,1.8759,42,256
3400,620,2.769,55,411
3401,239,1.0014,46,85
3402,102,0.401,39,101
3403,204,0.8664,46,169
3404,200,0.8572,47,96
3405,405,1.6918,53,393
3406,575,2.4758,51,567
3407,808,3.6715,50,543
3408,407,1.7409,52,148
3409,374,1.6203,50,54
3410,1713,8.7135,61,1239
3411,190,0.8286,62,123
3412,152,0.6207,55,73
3413,217,0.9168,45,147
3414,161,0.6684,49,132
3415,185,0.7618,53,174
3416,244,1.0294,50,236
3417,506,2.3739,62,73
3418,239,1.0001,43,54
3419,148,0.598,43,142
3420,325,1.3801,55,107
3421,360,1.5695,45,70
3422,692,3.1979,52,69
3423,1327,6.7106,76,566
3424,292,1.252,44,45
3425,1048,5.0914,75,333
3426,1074,5.3457,62,325
3427,709,3.4791,67,93
3428,418,2.0617,63,308
3429,339,1.4578,48,199
3430,486,2.2841,53,280
3431,121,0.4818,45,119
3432,513,2.5696,55,323
3433,562,2.638,53,113
3434,632,2.981,55,569
3435,752,3.3572,68,279
3436,722,3.3987,78,223
3437,111,0.4547,42,58
3438,145,0.578,39,123
3439,443,2.1058,48,332
3440,2301,11.7017,64,2137
3441,501,2.6788,60,295
3442,266,1.1111,46,131
3443,413,1.9413,59,68
3444,550,2.4077,75,491
3445,421,1.8187,46,393
3446,388,2.0078,59,201
3447,522,2.3703,57,81
3448,1528,8.207,58,922
3449,879,4.4482,52,612
3450,511,2.2404,56,48
3451,855,4.1451,61,328
3452,151,0.6156,46,149
3453,685,3.0117,52,539
3454,1755,8.7169,55,282
3455,452,2.0202,75,437
3456,517,2.2352,54,61
3457,3536,18.3963,59,2043
3458,479,2.14,69,169
3459,671,2.9573,56,581
3460,432,1.8674,54,132
3461,485,2.296,54,474
3462,1032,4.9442,60,518
3463,184,0.771,59,180
3464,198,0.8092,58,150
3465,1545,7.852,59,1284
3466,794,3.8042,48,77
3467,549,2.2807,56,518
3468,254,1.1118,46,91
3469,139,0.6031,47,77
3470,308,1.3339,50,193
3471,252,1.0606,54,181
3472,593,2.785,49,300
3473,491,2.1462,62,199
3474,1068,5.1098,70,945
3475,978,4.8341,73,503
3476,1979,9.7507,66,1338
3477,437,1.9573,51,245
3478,1228,6.1487,48,974
3479,996,4.9065,69,218
3480,319,1.3965,77,137
3481,351,1.5275,49,187
3482,1554,7.5888,79,1110
3483,586,2.9284,50,39
3484,514,2.3828,57,357
3485,410,1.8061,61,62
3486,927,4.734,49,266
3487,164,0.6644,40,128
3488,1774,9.1306,65,260
3489,2670,13.9281,59,159
3490,957,5.0432,64,847
3491,837,4.1225,62,483
3492,493,2.2633,53,324
3493,310,1.3979,55,262
3494,168,0.6969,42,125
3495,158,0.6474,44,64
3496,914,4.7282,51,868
3497,2845,15.0259,66,497
3498,465,2.1908,54,312
3499,496,2.2374,52,495
3500,523,2.5305,64,464
3501,519,2.2597,54,494
3502,303,1.2828,52,292
3503,108,0.4353,46,60
3504,584,2.5508,45,182
3505,732,3.5741,61,242
3506,972,4.8375,74,668
3507,588,2.7736,54,220
3508,320,1.2911,50,139
3509,785,3.8835,51,641
3510,798,3.898,65,288
3511,1638,8.1382,58,992
3512,2054,10.506,59,477
3513,127,0.5299,48,58
3514,617,3.0596,52,326
3515,332,1.3961,42,130
3516,748,3.306,63,74
3517,1216,6.1537,57,768
3518,456,2.361,53,70
3519,656,2.9084,70,56
3520,113,0.4601,45,44
3521,498,2.2554,48,250
3522,407,1.7205,47,105
3523,1001,4.6672,62,826
3524,407,1.8896,55,81
3525,400,1.9542,58,368
3526,412,1.8234,45,318
3527,399,1.7224,48,91
3528,1396,6.8282,62,215
3529,1855,9.5172,69,1737
3530,627,3.06,57,620
3531,398,1.89,63,122
3532,90,0.4365,47,84
3533,691,3.1801,51,551
3534,345,1.4558,51,271
3535,684,3.1633,56,624
3536,453,1.9617,60,251
3537,197,0.8034,53,102
3538,1712,8.6036,74,1096
3539,1440,7.5949,58,967
3540,322,1.5878,47,200
3541,258,1.0866,63,230
3542,204,0.8602,39,103
3543,513,2.518,50,416
3544,149,0.6005,46,78
3545,1319,7.0994,55,1249
3546,156,0.648,66,61
3547,776,3.7304,77,255
3548,465,2.2004,51,349
3549,678,3.1784,64,674
3550,819,3.8478,55,149
3551,409,1.9424,58,408
3552,413,1.9137,49,292
3553,398,2.0206,48,229
3554,93,0.3669,38,53
3555,223,1.0864,44,158
3556,1871,9.7341,80,83
3557,347,1.4853,48,227
3558,1545,7.7136,72,839
3559,179,0.7499,39,83
3560,542,2.5257,55,69
3561,597,2.7047,66,208
3562,287,1.3549,51,184
3563,566,2.4129,46,535
3564,874,4.4893,71,486
3565,190,0.7814,45,80
3566,622,2.6636,67,457
3567,793,3.8262,59,520
3568,723,3.3061,58,251
3569,610,2.6824,68,471
3570,393,1.7516,51,332
3571,115,0.5721,35,71
3572,231,0.9838,55,72
3573,443,1.8985,50,386
3574,314,1.3987,51,205
3575,3751,19.5775,67,3194
3576,66,0.3305,38,55
3577,935,4.6354,66,397
3578,827,3.921,74,179
3579,467,2.3764,57,343
3580,664,3.0244,63,165
3581,917,4.398,65,760
3582,386,1.7463,50,324
3583,388,1.646,53,306
3584,288,1.2052,46,45
3585,458,1.962,51,63
3586,78,0.3204,58,57
3587,191,0.8987,50,136
3588,1248,6.2129,52,514
3589,238,1.0159,62,214
3590,1009,5.0391,54,671
3591,479,2.0988,55,136
3592,315,1.3928,47,157
3593,1672,7.9319,64,708
3594,1023,5.3343,52,883
3595,1196,6.0071,85,1189
3596,526,2.3123,51,131
3597,414,1.8053,49,95
3598,499,2.1284,45,142
3599,744,3.4775,57,509
3600,718,3.1256,73,575
3601,543,2.5298,53,310
3602,572,2.5715,59,477
3603,2220,10.9854,62,1489
3604,487,2.4142,47,414
3605,837,3.9737,48,743
3606,270,1.148,38,230
3607,80,0.312,46,41
3608,150,0.6115,51,100
3609,538,2.4275,47,80
3610,512,2.2912,53,266
3611,457,1.9469,63,111
3612,187,0.7567,55,119
3613,163,0.6572,49,150
3614,978,4.6149,77,727
3615,737,3.3749,61,128
3616,395,1.8087,47,251
3617,465,2.1433,49,102
3618,545,2.3024,53,325
3619,425,1.8361,48,111
3620,1832,9.8451,77,1789
3621,222,1.1543,69,33
3622,353,1.7263,57,104
3623,850,4.215,64,101
3624,194,0.8101,56,49
3625,183,0.7469,46,133
3626,559,2.4222,52,532
3627,986,4.8238,57,914
3628,1285,6.4791,65,1206
3629,981,4.9572,56,783
3630,445,2.349,54,103
3631,1127,5.4598,64,745
3632,642,2.9861,54,30
3633,942,4.6626,69,147
3634,3467,18.2307,75,1445
3635,253,1.0677,56,208
3636,253,1.0548,44,147
3637,596,2.7579,64,127
3638,65,0.2563,41,61
3639,189,0.7824,39,66
3640,747,3.6273,58,46
3641,789,4.0514,48,521
3642,912,4.751,49,286
3643,351,1.5944,42,163
3644,160,0.7196,53,141
3645,583,2.5128,52,326
3646,718,3.1763,61,103
3647,984,4.7669,76,114
3648,1210,6.2016,89,355
3649,429,2.2256,58,149
3650,270,1.3993,49,113
3651,722,3.2846,52,423
3652,670,2.979,66,656
3653,108,0.4494,54,96
3654,1742,8.8509,70,919
3655,671,3.0641,64,616
3656,1519,7.5438,78,697
3657,177,0.7679,41,105
3658,479,2.0847,53,432
3659,612,2.6791,64,114
3660,491,2.1028,56,46
3661,607,2.5849,53,548
3662,429,1.8849,53,93
3663,5496,28.6531,90,730
3664,656,3.2176,63,512
3665,390,1.6793,62,334
3666,108,0.4447,44,106
3667,1821,8.9036,75,688
3668,766,3.7801,53,478
3669,1301,6.6768,75,1063
3670,109,0.4437,54,83
3671,1134,5.7834,56,750
3672,393,1.7331,51,241
3673,267,1.1308,47,112
3674,71,0.3068,37,46
3675,143,0.6107,46,59
3676,300,1.2583,45,254
3677,2287,11.9996,70,798
3678,288,1.3799,60,213
3679,787,3.4738,49,460
3680,845,4.0177,52,651
3681,711,3.4315,46,94
3682,969,4.4898,58,342
3683,56,0.2585,28,54
3684,451,1.973,53,246
3685,272,1.1845,56,183
3686,206,0.8538,43,59
3687,853,4.3568,53,57
3688,918,4.6946,53,463
3689,266,1.3572,53,161
3690,721,3.2576,52,227
3691,820,4.3236,58,689
3692,1141,6.1099,55,87
3693,824,4.4519,63,699
3694,973,5.2373,59,581
3695,880,4.7846,49,699
3696,321,1.4903,47,99
3697,777,3.9343,49,584
3698,1417,7.6421,73,937
3699,118,0.464,41,107
3700,328,1.4634,61,251
3701,174,0.7098,46,151
3702,122,0.4866,39,86
3703,118,0.4762,53,66
3704,245,0.9983,55,89
3705,293,1.2364,62,74
3706,65,0.3282,43,54
3707,614,2.9082,76,574
3708,218,0.908,43,118
3709,251,1.2497,47,188
3710,147,0.604,46,44
3711,976,4.7668,53,183
3712,537,2.342,66,401
3713,199,0.8165,62,126
3714,2263,11.2398,62,400
3715,950,5.0062,62,257
3716,425,1.8668,63,171
3717,118,0.4702,43,111
3718,448,2.0749,60,409
3719,638,2.862,52,118
3720,420,1.8223,46,273
3721,840,4.0706,62,70
3722,779,3.4939,53,409
3723,369,1.635,50,356
3724,595,2.5508,50,174
3725,539,2.556,57,231
3726,668,3.0165,59,486
3727,432,1.8202,64,294
3728,557,2.7361,48,499
3729,327,1.4396,55,281
3730,750,3.5746,62,389
3731,718,3.1767,51,230
3732,89,0.3614,35,34
3733,258,1.0816,52,221
3734,618,2.7243,50,190
3735,1076,5.3131,59,1025
3736,1026,5.0349,56,769
3737,634,2.8545,51,224
3738,410,1.809,52,170
3739,275,1.1972,46,121
3740,501,2.1465,65,319
3741,500,2.4761,56,287
3742,674,3.0257,72,656
3743,1448,7.2844,72,1216
3744,474,2.4465,56,201
3745,992,5.1337,68,326
3746,1150,5.9752,60,128
3747,475,2.0901,51,219
3748,252,1.1026,74,139
3749,336,1.4913,47,328
3750,899,4.583,50,736
3751,564,3.0829,60,231
3752,277,1.1754,41,53
3753,950,4.5969,69,69
3754,3990,20.6627,106,513
3755,487,2.3503,74,236
3756,2083,11.9226,57,937
3757,666,3.3344,49,43
3758,853,4.1425,68,696
3759,557,2.5725,73,179
3760,2010,10.1755,72,1272
3761,1089,5.699,71,297
3762,538,2.479,65,529
3763,602,2.7114,67,52
3764,47,0.1929,30,40
3765,418,1.7489,46,84
3766,1017,5.0961,71,224
3767,281,1.1786,50,228
3768,98,0.4463,56,83
3769,194,0.7939,39,191
3770,1295,6.3898,66,142
3771,538,2.7372,83,401
3772,850,4.2387,59,754
3773,512,2.2264,57,278
3774,603,2.4895,54,128
3775,138,0.5819,50,118
3776,717,3.1652,75,701
3777,841,4.4056,65,427
3778,197,0.8142,53,102
3779,140,0.7122,46,90
3780,543,2.6029,52,532
3781,85,0.3412,49,26
3782,68,0.2749,40,46
3783,539,2.541,62,489
3784,1214,5.9983,65,962
3785,557,2.8331,87,212
3786,2931,15.2148,76,102
3787,65,0.255,34,44
3788,452,1.9538,45,369
3789,2930,14.9079,76,102
3790,3190,16.6033,73,1304
3791,1818,9.5866,61,281
3792,147,0.591,46,135
3793,1100,5.6518,61,155
3794,212,0.9039,59,139
3795,534,2.3162,57,279
3796,2241,11.5325,63,501
3797,67,0.3198,38,54
3798,991,5.0193,56,114
3799,541,2.9898,57,536
3800,297,1.283,48,117
3801,2029,10.1995,72,1290
3802,1035,5.3241,71,297
3803,720,3.5871,73,291
3804,538,2.3534,64,515
3805,214,0.9027,54,55
3806,750,3.4236,71,543
3807,1355,6.7034,79,898
3808,751,3.6597,66,555
3809,764,3.6284,51,359
3810,326,1.3971,42,147
3811,1083,5.1433,48,1032
3812,469,2.302,53,418
3813,386,1.9366,73,239
3814,405,1.7606,52,197
3815,512,2.4107,49,63
3816,1046,5.0215,71,297
3817,136,0.6028,49,82
3818,993,4.7019,71,297
3819,585,2.773,64,562
3820,889,4.2576,76,404
3821,1789,8.7831,66,1733
3822,644,3.0706,62,642
3823,416,1.8417,61,394
3824,130,0.5438,36,72
3825,570,2.4475,75,554
3826,279,1.1873,45,135
3827,978,4.9096,68,813
3828,250,1.2783,49,113
3829,154,0.6497,68,82
3830,529,2.329,57,522
3831,1064,5.1341,59,538
3832,1293,6.447,86,211
3833,1980,9.8843,56,1089
3834,898,4.5943,71,532
3835,46,0.2645,36,34
3836,2737,14.1749,76,102
3837,3580,18.7141,63,3128
3838,914,4.6735,82,894
3839,202,0.8445,53,91
3840,63,0.2454,35,24
3841,189,0.7978,39,187
3842,73,0.2836,41,69
3843,1367,6.9298,64,138
3844,447,1.9633,52,141
3845,952,4.7343,71,86
3846,7906,41.4014,85,7227
3847,71,0.2905,36,58
3848,141,0.5977,48,117
3849,571,2.6314,75,555
3850,77,0.3184,42,69
3851,513,2.4206,54,380
3852,618,2.8651,61,523
3853,135,0.5648,38,114
3854,1965,9.9655,56,1089
3855,1323,6.9312,65,1071
3856,1146,6.0533,58,1055
3857,3140,16.3578,76,102
3858,771,3.9797,69,475
3859,90,0.3642,46,70
3860,109,0.4273,44,108
3861,555,2.4408,54,528
3862,2738,14.1223,76,102
3863,604,2.975,61,385
3864,243,0.9913,46,214
3865,869,4.1646,71,771
3866,219,0.9162,47,40
3867,1560,8.0739,66,878
3868,1845,9.8897,61,281
3869,1265,6.3974,67,387
3870,732,3.4291,73,699
3871,98,0.389,38,62
3872,139,0.5739,50,109
3873,818,3.8314,55,725
3874,405,1.7903,73,240
3875,95,0.3885,47,51
3876,230,1.0098,45,222
3877,90,0.3624,42,53
3878,264,1.1039,42,241
3879,729,3.5369,73,300
3880,923,4.7051,62,754
3881,832,4.0329,69,493
3882,62,0.2498,45,59
3883,123,0.4896,54,99
3884,814,3.8836,60,226
3885,957,4.5923,56,114
3886,649,2.9343,76,273
3887,152,0.6245,52,140
3888,782,3.8711,54,131
3889,363,1.7473,49,79
3890,490,2.4581,50,432
3891,2173,11.108,67,331
3892,573,2.8568,52,262
3893,551,2.396,50,455
3894,103,0.4058,41,84
3895,1149,5.8174,58,44
3896,926,4.6425,63,312
3897,1542,8.0387,76,273
3898,1345,6.8113,68,693
3899,861,4.3821,72,142
3900,966,4.7875,54,280
3901,459,1.9562,54,52
3902,125,0.5022,50,56
3903,214,0.8843,76,99
3904,1836,9.1606,79,280
3905,686,3.2475,52,262
3906,564,2.4312,73,503
3907,1919,9.6792,57,1192
3908,1548,7.7631,68,1538
3909,1035,5.1361,72,739
3910,135,0.5359,52,88
3911,153,0.6324,45,111
3912,785,3.7449,55,414
3913,130,0.6196,48,123
3914,920,4.4772,63,393
3915,1944,9.583,63,1631
3916,3735,19.5272,68,859
3917,150,0.753,44,69
3918,251,1.5277,49,109
3919,1570,8.3499,78,923
3920,2075,10.6944,59,1463
3921,809,4.0049,69,470
3922,1497,7.9878,68,1487
3923,188,0.916,53,104
3924,74,0.2994,35,40
3925,1622,8.3515,87,843
3926,1966,10.1237,87,1153
3927,692,3.5656,60,524
3928,1316,7.2058,69,979
3929,181,0.8342,43,154
3930,60,0.2417,31,59
3931,846,4.165,79,802
3932,282,1.1954,52,145
3933,943,4.6854,62,554
3934,1552,8.0673,79,933
3935,569,2.6359,59,217
3936,85,0.4273,37,72
3937,522,2.4254,54,98
3938,2142,10.6496,77,199
3939,1159,5.8537,63,785
3940,800,3.862,69,470
3941,336,1.4602,49,53
3942,1169,5.6171,71,871
3943,474,2.2469,54,52
3944,467,2.1263,49,357
3945,961,4.9529,54,871
3946,1121,5.6308,83,187
3947,117,0.5328,54,61
3948,318,1.474,63,143
3949,2793,14.3625,87,1153
3950,123,0.495,49,80
3951,1937,9.7093,57,1169
3952,1656,8.4529,87,843
3953,480,2.1639,59,192
3954,870,4.3456,58,164
3955,57,0.2199,42,44
3956,1035,5.0311,59,496
3957,99,0.4165,47,60
3958,1286,6.3571,64,281
3959,1052,5.1998,54,889
3960,1418,7.0047,69,1112
3961,4744,24.5215,65,1280
3962,1276,6.8991,65,959
3963,1384,6.9686,72,1155
3964,974,5.0423,54,884
3965,1950,9.9657,63,1637
3966,115,0.4821,50,39
3967,107,0.5264,37,74
3968,374,1.5854,73,371
3969,854,4.3655,58,737
3970,315,1.6083,60,137
3971,2019,10.2323,70,408
3972,136,0.5845,42,78
3973,715,3.2844,68,209
3974,2461,12.8293,79,1916
3975,728,3.8322,50,54
3976,534,2.5106,72,305
3977,512,2.2387,54,262
3978,1152,5.6316,69,979
3979,2555,14.4018,68,555
3980,554,3.005,57,158
3981,509,2.2013,42,396
3982,1226,6.0228,65,974
3983,983,5.0044,78,923
3984,732,3.4281,70,533
3985,1897,9.328,77,1598
3986,138,0.5579,53,40
3987,944,5.1138,60,639
3988,479,2.3529,54,52
3989,463,2.1997,49,357
3990,70,0.3447,38,47
3991,58,0.2428,31,51
3992,943,4.4906,83,158
3993,783,3.627,53,447
3994,606,2.5679,62,169
3995,1410,6.8711,74,1363
3996,582,2.8212,50,486
3997,129,0.5127,50,127
3998,2520,12.73,74,726
3999,547,2.6517,46,423
4000,710,3.1412,73,281
4001,1632,8.2086,87,843
4002,54,0.3755,33,46
4003,2799,14.2578,87,1153
4004,2516,12.9242,68,555
4005,878,4.5603,64,646
4006,126,0.5109,61,49
4007,990,4.943,76,644
4008,209,0.8717,45,64
4009,521,2.2523,55,315
4010,568,2.6774,73,45
4011,597,2.4685,60,563
4012,3030,15.5579,65,1257
4013,2455,13.0488,67,1136
4014,912,4.8557,63,385
4015,800,3.9543,54,168
4016,1504,7.4866,87,881
4017,155,0.639,41,66
4018,1009,4.9318,60,724
4019,187,0.8314,50,166
4020,387,1.6265,46,136
4021,366,1.5571,52,100
4022,1675,8.3032,79,280
4023,97,0.4464,53,76
4024,2036,10.3722,64,1992
4025,865,4.9639,71,567
4026,205,0.942,58,62
4027,2036,9.9248,64,1992
4028,1502,7.9173,76,273
4029,2020,10.8647,64,1976
4030,890,4.9971,70,365
4031,361,1.7577,73,358
4032,2037,10.7378,64,1993
4033,122,0.5619,49,65
4034,268,1.2951,51,139
4035,104,0.5218,47,97
4036,1181,5.8895,68,529
4037,450,2.0828,57,313
4038,1301,6.4454,65,1050
4039,1644,8.6398,63,229
4040,781,3.8627,54,131
4041,5131,26.6902,63,3624
4042,486,2.1041,54,52
4043,143,0.6407,44,113
4044,571,2.6673,62,561
4045,2307,12.3431,79,1916
4046,1261,6.5096,79,804
4047,972,5.1231,83,187
4048,309,1.3315,53,254
4049,95,0.4287,50,93
4050,188,0.7827,38,129
4051,1782,9.068,56,1398
4052,708,3.9624,55,507
4053,674,3.229,52,262
4054,138,0.5711,44,96
4055,623,2.814,60,589
4056,544,2.7275,46,67
4057,2459,12.4439,85,728
4058,942,4.8563,64,219
4059,2762,14.1574,68,79
4060,1872,9.729,57,1169
4061,1857,9.3246,73,1305
4062,1554,7.8543,69,1248
4063,899,4.5553,85,293
4064,154,0.6289,57,152
4065,96,0.3802,54,77
4066,3579,18.6138,63,3128
4067,280,1.2146,46,252
4068,122,0.4872,65,82
4069,1121,5.5345,69,784
4070,525,2.2819,52,315
4071,324,1.5606,56,78
4072,115,0.4881,37,101
4073,600,2.9704,58,257
4074,2396,12.3185,82,1553
4075,162,0.6798,46,141
4076,2021,10.3473,64,1977
4077,1134,5.6756,72,905
4078,215,0.8943,59,184
4079,736,3.4007,59,366
4080,2020,10.2743,64,1976
4081,982,4.9802,78,923
4082,165,0.8332,46,148
4083,2017,10.0056,64,1973
4084,501,2.3406,51,53
4085,2083,10.3098,59,1463
4086,2797,14.6526,73,1445
4087,4733,24.7871,65,1280
4088,756,3.8944,53,251
4089,445,2.0646,60,416
4090,413,1.7873,66,277
4091,5116,26.5709,63,3602
4092,1499,7.9781,68,734
4093,4101,21.0689,63,4061
4094,5135,27.7465,63,3620
4095,1915,9.4364,63,1603
